date,categoryName,payee,comment,outcomeAccountName,outcome,outcomeCurrencyShortTitle,incomeAccountName,income,incomeCurrencyShortTitle,createdDate,changedDate,qrCode
1970-01-01,"Корректировка",,"Автоматическая корректировка баланса счета","Ипотечный кредит","1382768.22","RUB","Ипотечный кредит","0.00","RUB",2023-05-14 05:10:35,2024-05-11 17:33:26,
1970-01-01,"Корректировка",,"Автоматическая корректировка баланса счета","Кредит наличными","5524.34","RUB","Кредит наличными","0.00","RUB",2023-05-14 06:48:09,2024-01-01 08:54:53,
2023-05-09,"Продукты","J697 Pyaterochka",,"Tinkoff Black","37.93","RUB","Tinkoff Black","0.00","RUB",2023-05-09 15:29:18,2023-07-16 20:00:31,
2023-05-09,,,,"Tinkoff Black","43.07","RUB","Инвесткопилка","43.07","RUB",2023-05-09 15:29:19,2023-05-14 17:00:03,
2023-05-09,"Сигареты","J697 Pyaterochka",,"Tinkoff Black","219.00","RUB","Tinkoff Black","0.00","RUB",2023-05-09 15:29:19,2023-07-16 20:00:31,
2023-05-10,,,,"Открытие","25500.00","RUB","Счет погашения ипотеки","25500.00","RUB",2023-05-09 21:00:00,2023-05-14 17:00:03,
2023-05-10,"Платежи. комиссии","Tele2","Сотовая связь","Tinkoff Black","200.00","RUB","Tinkoff Black","0.00","RUB",2023-05-10 04:15:41,2023-05-14 16:59:46,
2023-05-10,"Проезд","YandexGo",,"Tinkoff Black","300.00","RUB","Tinkoff Black","0.00","RUB",2023-05-10 04:49:37,2023-05-14 17:00:03,
2023-05-10,"Зарплата",,"Перечисление ден. средств по реестру","Открытие","0.00","RUB","Открытие","71982.00","RUB",2023-05-10 06:28:44,2023-05-14 16:59:46,
2023-05-10,"Подарки","Вячеслав Л.","День рождения Пуховой Н.Е.","Открытие","500.00","RUB","Открытие","0.00","RUB",2023-05-10 06:36:21,2023-05-14 16:59:46,
2023-05-10,"Кафе и рестораны","IP Kosenko S.A.",,"Tinkoff Black","40.00","RUB","Tinkoff Black","0.00","RUB",2023-05-10 08:03:56,2023-05-14 17:00:03,
2023-05-10,,,,"Tinkoff Black","10.00","RUB","Инвесткопилка","10.00","RUB",2023-05-10 08:03:57,2023-05-14 17:00:03,
2023-05-10,"Кэшбэк","NORD WIND",,"Tinkoff Black","0.00","RUB","Tinkoff Black","377.00","RUB",2023-05-10 09:13:12,2023-07-16 20:00:31,
2023-05-10,"Продукты","PYATEROCHKA 6327",,"Tinkoff Black","57.99","RUB","Tinkoff Black","0.00","RUB",2023-05-10 10:06:02,2023-05-14 17:00:03,
2023-05-10,,,,"Tinkoff Black","42.01","RUB","Инвесткопилка","42.01","RUB",2023-05-10 10:06:03,2023-05-14 17:00:03,
2023-05-10,"Продукты","SPAR N21",,"Tinkoff Black","467.37","RUB","Tinkoff Black","0.00","RUB",2023-05-10 15:21:37,2023-07-16 20:00:31,
2023-05-10,,,,"Tinkoff Black","13.63","RUB","Инвесткопилка","13.63","RUB",2023-05-10 15:21:38,2023-05-14 06:51:59,
2023-05-10,"Сигареты","SPAR N21",,"Tinkoff Black","219.00","RUB","Tinkoff Black","0.00","RUB",2023-05-10 15:21:38,2023-07-16 20:00:31,
2023-05-10,"Платежи. комиссии","Мама",,"Открытие","420.00","RUB","Открытие","0.00","RUB",2023-05-10 16:51:21,2023-05-14 06:51:59,
2023-05-10,,"Кирилл",,"Долги","4000.00","RUB","Наличные","4000.00","RUB",2023-05-14 06:50:26,2023-05-14 16:59:46,
2023-05-11,"Проезд","YandexGo",,"Tinkoff Black","199.00","RUB","Tinkoff Black","0.00","RUB",2023-05-11 04:49:25,2023-05-14 17:00:03,
2023-05-11,,,,"Tinkoff Black","1.00","RUB","Инвесткопилка","1.00","RUB",2023-05-11 04:49:26,2023-05-14 17:00:03,
2023-05-11,"Кафе и рестораны","IP Kosenko S.A.",,"Tinkoff Black","40.00","RUB","Tinkoff Black","0.00","RUB",2023-05-11 05:32:38,2023-05-14 17:00:03,
2023-05-11,,,,"Tinkoff Black","10.00","RUB","Инвесткопилка","10.00","RUB",2023-05-11 05:32:39,2023-05-14 17:00:03,
2023-05-11,"Сигареты","SPAR 44",,"Tinkoff Black","255.90","RUB","Tinkoff Black","0.00","RUB",2023-05-11 07:37:31,2023-05-14 17:00:03,
2023-05-11,,,,"Tinkoff Black","44.10","RUB","Инвесткопилка","44.10","RUB",2023-05-11 07:37:32,2023-05-14 17:00:03,
2023-05-11,,"Кирилл",,"Открытие","500.00","RUB","Долги","500.00","RUB",2023-05-11 07:40:01,2023-05-14 16:59:46,
2023-05-11,"Кафе и рестораны","IP Kosenko S.A.",,"Tinkoff Black","40.00","RUB","Tinkoff Black","0.00","RUB",2023-05-11 13:00:59,2023-05-14 17:00:03,
2023-05-11,,,,"Tinkoff Black","10.00","RUB","Инвесткопилка","10.00","RUB",2023-05-11 13:01:00,2023-05-14 17:00:03,
2023-05-11,,,,"Открытие","1000.00","RUB","Tinkoff Black","1000.00","RUB",2023-05-11 16:01:09,2023-05-14 17:00:03,
2023-05-11,,,,"Открытие","9000.00","RUB","Наличные","9000.00","RUB",2023-05-11 16:11:34,2023-05-14 05:19:41,
2023-05-11,,,,"Открытие","5000.00","RUB","Наличные","5000.00","RUB",2023-05-11 16:12:31,2023-05-14 05:19:41,
2023-05-11,"Продукты","SPAR N21",,"Tinkoff Black","436.65","RUB","Tinkoff Black","0.00","RUB",2023-05-11 16:25:57,2023-07-16 20:00:31,
2023-05-11,,,,"Tinkoff Black","44.35","RUB","Инвесткопилка","44.35","RUB",2023-05-11 16:25:58,2023-05-14 17:00:03,
2023-05-11,"Сигареты","SPAR N21",,"Tinkoff Black","219.00","RUB","Tinkoff Black","0.00","RUB",2023-05-11 16:25:58,2023-07-16 20:00:31,
2023-05-12,"Проезд","YandexGo",,"Tinkoff Black","149.00","RUB","Tinkoff Black","0.00","RUB",2023-05-12 04:56:54,2023-05-14 17:00:03,
2023-05-12,,,,"Tinkoff Black","1.00","RUB","Инвесткопилка","1.00","RUB",2023-05-12 04:56:55,2023-05-14 17:00:03,
2023-05-12,,,,"Открытие","1000.00","RUB","Tinkoff Black","1000.00","RUB",2023-05-12 05:54:35,2023-05-14 17:00:03,
2023-05-12,"Сигареты","SPAR 44",,"Tinkoff Black","333.80","RUB","Tinkoff Black","0.00","RUB",2023-05-12 05:58:22,2023-05-14 17:00:03,
2023-05-12,,,,"Tinkoff Black","16.20","RUB","Инвесткопилка","16.20","RUB",2023-05-12 05:58:23,2023-05-14 17:00:03,
2023-05-12,"Обед","STOLOVAYA 1",,"Tinkoff Black","165.00","RUB","Tinkoff Black","0.00","RUB",2023-05-12 09:24:13,2023-05-14 17:00:03,
2023-05-12,,,,"Tinkoff Black","35.00","RUB","Инвесткопилка","35.00","RUB",2023-05-12 09:24:14,2023-05-14 17:00:03,
2023-05-12,"Кафе и рестораны","Alidi",,"Tinkoff Black","40.00","RUB","Tinkoff Black","0.00","RUB",2023-05-12 11:03:22,2023-05-14 16:59:46,
2023-05-12,,,,"Tinkoff Black","10.00","RUB","Инвесткопилка","10.00","RUB",2023-05-12 11:03:23,2023-05-14 17:00:03,
2023-05-12,"Корректировка","Максим Б",,"Открытие","0.00","RUB","Открытие","1900.00","RUB",2023-05-12 13:55:31,2023-07-16 20:00:31,
2023-05-12,,,,"Открытие","4000.00","RUB","Tinkoff Black","4000.00","RUB",2023-05-12 14:00:14,2023-05-14 17:00:03,
2023-05-12,"Тратата","Клиенту Тинькофф",,"Tinkoff Black","3804.00","RUB","Tinkoff Black","0.00","RUB",2023-05-12 14:01:14,2023-05-14 16:59:46,
2023-05-13,"Проезд","YandexGo",,"Tinkoff Black","196.00","RUB","Tinkoff Black","0.00","RUB",2023-05-13 04:11:32,2023-05-14 17:00:03,
2023-05-13,,,,"Tinkoff Black","4.00","RUB","Инвесткопилка","4.00","RUB",2023-05-13 04:11:33,2023-05-14 17:00:03,
2023-05-13,,,,"Открытие","2000.00","RUB","Tinkoff Black","2000.00","RUB",2023-05-13 04:18:36,2023-05-14 17:00:03,
2023-05-13,"Продукты","PYATEROCHKA  11235",,"Tinkoff Black","45.99","RUB","Tinkoff Black","0.00","RUB",2023-05-13 05:00:58,2023-05-14 17:00:03,
2023-05-13,,,,"Tinkoff Black","4.01","RUB","Инвесткопилка","4.01","RUB",2023-05-13 05:00:59,2023-05-14 17:00:03,
2023-05-13,"Проезд","YandexGo",,"Tinkoff Black","147.00","RUB","Tinkoff Black","0.00","RUB",2023-05-13 05:18:24,2023-05-14 17:00:03,
2023-05-13,,,,"Tinkoff Black","3.00","RUB","Инвесткопилка","3.00","RUB",2023-05-13 05:18:25,2023-05-14 17:00:03,
2023-05-13,"Продукты","SPAR N21",,"Tinkoff Black","264.80","RUB","Tinkoff Black","0.00","RUB",2023-05-13 05:27:27,2023-07-16 20:00:31,
2023-05-13,,,,"Tinkoff Black","16.20","RUB","Инвесткопилка","16.20","RUB",2023-05-13 05:27:28,2023-05-14 17:00:03,
2023-05-13,"Сигареты","SPAR N21",,"Tinkoff Black","219.00","RUB","Tinkoff Black","0.00","RUB",2023-05-13 05:27:28,2023-07-16 20:00:31,
2023-05-13,,,,"Открытие","6000.00","RUB","Tinkoff Black","6000.00","RUB",2023-05-13 09:11:34,2023-05-14 17:00:03,
2023-05-13,"Одежда","Skvot Yazina 1",,"Tinkoff Black","4150.00","RUB","Tinkoff Black","0.00","RUB",2023-05-13 09:36:53,2023-05-14 16:59:46,
2023-05-13,"Продукты","KRASNOE & BELOE",,"Tinkoff Black","103.89","RUB","Tinkoff Black","0.00","RUB",2023-05-13 09:40:57,2023-05-14 17:00:03,
2023-05-13,,,,"Tinkoff Black","46.11","RUB","Инвесткопилка","46.11","RUB",2023-05-13 09:40:58,2023-05-14 17:00:03,
2023-05-13,"Продукты","SPAR N21",,"Tinkoff Black","99.00","RUB","Tinkoff Black","0.00","RUB",2023-05-13 10:23:28,2023-05-14 17:00:03,
2023-05-13,,,,"Tinkoff Black","1.00","RUB","Инвесткопилка","1.00","RUB",2023-05-13 10:23:29,2023-05-14 17:00:03,
2023-05-13,"Проезд","SITICARD. TRANS",,"Tinkoff Black","30.00","RUB","Tinkoff Black","0.00","RUB",2023-05-13 10:29:17,2023-05-14 17:00:03,
2023-05-13,"Корректировка",,,"Инвесткопилка","0.00","RUB","Инвесткопилка","20.00","RUB",2023-05-13 10:29:18,2023-07-16 20:00:31,
2023-05-13,"Проезд","SITICARD. TRANS",,"Tinkoff Black","30.00","RUB","Tinkoff Black","0.00","RUB",2023-05-13 10:29:19,2023-05-14 17:00:03,
2023-05-13,"Корректировка",,,"Инвесткопилка","0.00","RUB","Инвесткопилка","20.00","RUB",2023-05-13 10:29:20,2023-07-16 20:00:31,
2023-05-13,"Продукты","SPAR N21",,"Tinkoff Black","159.80","RUB","Tinkoff Black","0.00","RUB",2023-05-13 12:57:20,2023-05-14 17:00:03,
2023-05-13,,,,"Tinkoff Black","40.20","RUB","Инвесткопилка","40.20","RUB",2023-05-13 12:57:21,2023-05-14 17:00:03,
2023-05-13,"Кафе и рестораны","Bar O. Maj Kraft",,"Tinkoff Black","200.00","RUB","Tinkoff Black","0.00","RUB",2023-05-13 17:16:29,2023-05-14 17:00:03,
2023-05-13,"Сигареты","K.L.Yo.N",,"Tinkoff Black","411.00","RUB","Tinkoff Black","0.00","RUB",2023-05-13 20:25:45,2023-05-14 16:59:46,
2023-05-13,,,,"Tinkoff Black","39.00","RUB","Инвесткопилка","39.00","RUB",2023-05-13 20:25:46,2023-05-14 17:00:03,
2023-05-14,"Проезд","YandexGo",,"Tinkoff Black","349.00","RUB","Tinkoff Black","0.00","RUB",2023-05-13 21:42:55,2023-05-14 16:45:49,
2023-05-14,,,,"Tinkoff Black","1.00","RUB","Инвесткопилка","1.00","RUB",2023-05-13 21:42:56,2023-05-14 17:00:03,
2023-05-14,"Продукты","SPAR N21",,"Tinkoff Black","684.29","RUB","Tinkoff Black","0.00","RUB",2023-05-14 13:51:41,2023-05-14 17:00:03,
2023-05-14,,,,"Tinkoff Black","15.71","RUB","Инвесткопилка","15.71","RUB",2023-05-14 13:51:42,2023-05-14 17:00:03,
2023-05-15,"Сигареты","SPAR N21",,"Tinkoff Black","229.00","RUB","Tinkoff Black","0.00","RUB",2023-05-15 04:45:50,2023-05-15 16:08:12,
2023-05-15,,,,"Tinkoff Black","21.00","RUB","Инвесткопилка","21.00","RUB",2023-05-15 04:45:51,2023-05-15 16:08:45,
2023-05-15,"Кафе и рестораны","Alidi",,"Tinkoff Black","40.00","RUB","Tinkoff Black","0.00","RUB",2023-05-15 05:49:05,2023-05-15 16:08:45,
2023-05-15,,,,"Tinkoff Black","10.00","RUB","Инвесткопилка","10.00","RUB",2023-05-15 05:49:06,2023-05-15 16:08:12,
2023-05-15,"Обед","SPAR 44",,"Tinkoff Black","209.60","RUB","Tinkoff Black","0.00","RUB",2023-05-15 10:53:48,2023-05-15 16:08:12,
2023-05-15,,,,"Tinkoff Black","40.40","RUB","Инвесткопилка","40.40","RUB",2023-05-15 10:53:49,2023-05-15 16:08:45,
2023-05-15,"Продукты","SPAR N21",,"Tinkoff Black","620.55","RUB","Tinkoff Black","0.00","RUB",2023-05-15 15:53:39,2023-05-16 09:23:45,
2023-05-15,,,,"Tinkoff Black","29.45","RUB","Инвесткопилка","29.45","RUB",2023-05-15 15:53:40,2023-05-16 09:24:35,
2023-05-16,"Кафе и рестораны","Alidi",,"Tinkoff Black","40.00","RUB","Tinkoff Black","0.00","RUB",2023-05-16 05:20:03,2023-05-16 11:46:35,
2023-05-16,,,,"Tinkoff Black","10.00","RUB","Инвесткопилка","10.00","RUB",2023-05-16 05:20:04,2023-05-16 11:46:35,
2023-05-16,"Сигареты","SPAR 44",,"Tinkoff Black","229.00","RUB","Tinkoff Black","0.00","RUB",2023-05-16 07:15:28,2023-05-16 11:46:35,
2023-05-16,,,,"Tinkoff Black","21.00","RUB","Инвесткопилка","21.00","RUB",2023-05-16 07:15:29,2023-05-16 11:46:35,
2023-05-16,,,,"Открытие","2000.00","RUB","Tinkoff Black","2000.00","RUB",2023-05-16 09:19:24,2023-05-17 03:55:10,
2023-05-16,"Обед","STOLOVAYA 1",,"Tinkoff Black","265.00","RUB","Tinkoff Black","0.00","RUB",2023-05-16 09:33:05,2023-05-17 03:53:39,
2023-05-16,,,,"Tinkoff Black","35.00","RUB","Инвесткопилка","35.00","RUB",2023-05-16 09:33:06,2023-05-17 03:53:39,
2023-05-16,"Кафе и рестораны","Alidi",,"Tinkoff Black","40.00","RUB","Tinkoff Black","0.00","RUB",2023-05-16 14:32:01,2023-05-17 03:54:39,
2023-05-16,,,,"Tinkoff Black","10.00","RUB","Инвесткопилка","10.00","RUB",2023-05-16 14:32:02,2023-05-17 03:54:39,
2023-05-16,,,,"Открытие","8000.00","RUB","Наличные","8000.00","RUB",2023-05-16 16:15:56,2023-05-17 03:55:45,
2023-05-16,"Продукты","SPAR N21",,"Tinkoff Black","257.75","RUB","Tinkoff Black","0.00","RUB",2023-05-16 16:29:59,2023-05-17 03:54:39,
2023-05-16,,,,"Tinkoff Black","42.25","RUB","Инвесткопилка","42.25","RUB",2023-05-16 16:30:00,2023-05-17 03:54:39,
2023-05-17,"Проезд","YandexGo",,"Tinkoff Black","229.00","RUB","Tinkoff Black","0.00","RUB",2023-05-17 04:57:14,2023-05-17 15:26:49,
2023-05-17,,,,"Tinkoff Black","21.00","RUB","Инвесткопилка","21.00","RUB",2023-05-17 04:57:15,2023-05-17 15:26:49,
2023-05-17,"Кафе и рестораны","Alidi",,"Tinkoff Black","40.00","RUB","Tinkoff Black","0.00","RUB",2023-05-17 05:41:54,2023-05-17 15:26:49,
2023-05-17,,,,"Tinkoff Black","10.00","RUB","Инвесткопилка","10.00","RUB",2023-05-17 05:41:55,2023-05-17 15:26:49,
2023-05-17,"Обед","SPAR 44",,"Tinkoff Black","159.70","RUB","Tinkoff Black","0.00","RUB",2023-05-17 07:29:28,2023-05-17 15:26:49,
2023-05-17,,,,"Tinkoff Black","40.30","RUB","Инвесткопилка","40.30","RUB",2023-05-17 07:29:29,2023-05-17 15:26:49,
2023-05-17,"Сигареты","SPAR 44",,"Tinkoff Black","229.00","RUB","Tinkoff Black","0.00","RUB",2023-05-17 13:21:33,2023-05-17 15:26:49,
2023-05-17,,,,"Tinkoff Black","21.00","RUB","Инвесткопилка","21.00","RUB",2023-05-17 13:21:34,2023-05-17 15:26:49,
2023-05-17,"Продукты","SPAR N21",,"Tinkoff Black","247.90","RUB","Tinkoff Black","0.00","RUB",2023-05-17 15:04:30,2023-05-17 15:28:02,
2023-05-17,,,,"Tinkoff Black","2.10","RUB","Инвесткопилка","2.10","RUB",2023-05-17 15:04:31,2023-05-17 15:28:02,
2023-05-17,"Продукты","SPAR N21",,"Tinkoff Black","173.20","RUB","Tinkoff Black","0.00","RUB",2023-05-17 15:25:36,2023-05-18 15:03:13,
2023-05-17,,,,"Tinkoff Black","26.80","RUB","Инвесткопилка","26.80","RUB",2023-05-17 15:25:38,2023-05-18 15:03:13,
2023-05-18,"Обед","Letnee Kafe",,"Tinkoff Black","110.00","RUB","Tinkoff Black","0.00","RUB",2023-05-18 05:20:52,2023-07-16 03:14:01,
2023-05-18,,,,"Tinkoff Black","40.00","RUB","Инвесткопилка","40.00","RUB",2023-05-18 05:20:53,2023-05-18 17:35:18,
2023-05-18,,,,"Открытие","5000.00","RUB","Tinkoff Black","5000.00","RUB",2023-05-18 05:46:59,2023-05-18 17:35:18,
2023-05-18,"Кафе и рестораны","SPAR 44",,"Tinkoff Black","159.70","RUB","Tinkoff Black","0.00","RUB",2023-05-18 06:32:57,2023-05-18 17:35:18,
2023-05-18,,,,"Tinkoff Black","40.30","RUB","Инвесткопилка","40.30","RUB",2023-05-18 06:32:58,2023-05-18 17:35:18,
2023-05-18,"Обед","STOLOVAYA 1",,"Tinkoff Black","310.00","RUB","Tinkoff Black","0.00","RUB",2023-05-18 08:40:36,2023-05-18 17:35:18,
2023-05-18,,,,"Tinkoff Black","40.00","RUB","Инвесткопилка","40.00","RUB",2023-05-18 08:40:37,2023-05-18 17:35:18,
2023-05-18,"Кафе и рестораны","IP Kosenko S.A.",,"Tinkoff Black","50.00","RUB","Tinkoff Black","0.00","RUB",2023-05-18 12:01:31,2023-05-18 17:35:18,
2023-05-18,"Продукты","SPAR N21",,"Tinkoff Black","208.80","RUB","Tinkoff Black","0.00","RUB",2023-05-18 16:51:23,2023-05-19 03:51:32,
2023-05-18,,,,"Tinkoff Black","41.20","RUB","Инвесткопилка","41.20","RUB",2023-05-18 16:51:24,2023-05-19 03:51:32,
2023-05-18,"Сигареты","SPAR 63",,"Tinkoff Black","229.00","RUB","Tinkoff Black","0.00","RUB",2023-05-18 18:05:40,2023-05-19 03:51:32,
2023-05-18,,,,"Tinkoff Black","21.00","RUB","Инвесткопилка","21.00","RUB",2023-05-18 18:05:41,2023-05-19 15:48:57,
2023-05-18,"Продукты","SPAR N21",,"Tinkoff Black","105.80","RUB","Tinkoff Black","0.00","RUB",2023-05-18 19:23:44,2023-05-19 03:51:32,
2023-05-18,,,,"Tinkoff Black","44.20","RUB","Инвесткопилка","44.20","RUB",2023-05-18 19:23:46,2023-05-19 15:48:57,
2023-05-19,"Продукты","SPAR N21",,"Tinkoff Black","229.60","RUB","Tinkoff Black","0.00","RUB",2023-05-19 04:33:36,2023-05-19 15:49:59,
2023-05-19,,,,"Tinkoff Black","20.40","RUB","Инвесткопилка","20.40","RUB",2023-05-19 04:33:37,2023-05-19 15:49:59,
2023-05-19,"Кафе и рестораны","IP Kosenko S.A.",,"Tinkoff Black","50.00","RUB","Tinkoff Black","0.00","RUB",2023-05-19 05:22:56,2023-05-19 15:49:59,
2023-05-19,"Обед","STOLOVAYA 1",,"Tinkoff Black","290.00","RUB","Tinkoff Black","0.00","RUB",2023-05-19 08:23:39,2023-05-19 15:49:59,
2023-05-19,,,,"Tinkoff Black","10.00","RUB","Инвесткопилка","10.00","RUB",2023-05-19 08:23:40,2023-05-19 15:49:59,
2023-05-19,"Продукты","SPAR N21",,"Tinkoff Black","199.60","RUB","Tinkoff Black","0.00","RUB",2023-05-19 11:34:08,2023-05-19 15:49:59,
2023-05-19,,,,"Tinkoff Black","0.40","RUB","Инвесткопилка","0.40","RUB",2023-05-19 11:34:09,2023-05-19 15:49:59,
2023-05-19,,,,"Инвесткопилка","3000.00","RUB","Tinkoff Black","3000.00","RUB",2023-05-19 14:54:19,2023-06-02 09:03:09,
2023-05-19,,,,"Tinkoff Black","3850.00","RUB","Сбербанк","3850.00","RUB",2023-05-19 14:59:08,2023-05-19 15:49:59,
2023-05-19,"Тратата","Игорь Вадимович Ш",,"Сбербанк","3804.00","RUB","Сбербанк","0.00","RUB",2023-05-19 14:59:49,2023-05-19 15:49:59,
2023-05-19,"Проезд","YandexGo",,"Tinkoff Black","441.00","RUB","Tinkoff Black","0.00","RUB",2023-05-19 16:03:49,2023-05-20 16:57:22,
2023-05-19,,,,"Tinkoff Black","9.00","RUB","Инвесткопилка","9.00","RUB",2023-05-19 16:03:50,2023-05-20 16:57:22,
2023-05-19,"Сигареты","PYATEROCHKA 15793",,"Tinkoff Black","229.00","RUB","Tinkoff Black","0.00","RUB",2023-05-19 16:10:24,2023-05-20 16:57:22,
2023-05-19,,,,"Tinkoff Black","21.00","RUB","Инвесткопилка","21.00","RUB",2023-05-19 16:10:25,2023-05-20 16:57:22,
2023-05-19,"Продукты","SPAR N35",,"Tinkoff Black","159.70","RUB","Tinkoff Black","0.00","RUB",2023-05-19 17:02:10,2023-05-20 16:57:22,
2023-05-19,,,,"Tinkoff Black","40.30","RUB","Инвесткопилка","40.30","RUB",2023-05-19 17:02:11,2023-05-20 16:57:22,
2023-05-19,"Продукты","PYATEROCHKA 15793",,"Tinkoff Black","159.98","RUB","Tinkoff Black","0.00","RUB",2023-05-19 17:15:05,2023-05-20 16:57:22,
2023-05-19,,,,"Tinkoff Black","40.02","RUB","Инвесткопилка","40.02","RUB",2023-05-19 17:15:06,2023-05-20 16:57:22,
2023-05-19,"Проезд","YandexGo",,"Tinkoff Black","417.00","RUB","Tinkoff Black","0.00","RUB",2023-05-19 17:32:45,2023-05-20 16:57:22,
2023-05-19,,,,"Tinkoff Black","33.00","RUB","Инвесткопилка","33.00","RUB",2023-05-19 17:32:46,2023-05-20 16:57:22,
2023-05-20,"Проезд","YandexGo",,"Tinkoff Black","274.00","RUB","Tinkoff Black","0.00","RUB",2023-05-19 23:27:08,2023-05-20 16:57:22,
2023-05-20,,,,"Tinkoff Black","26.00","RUB","Инвесткопилка","26.00","RUB",2023-05-19 23:27:09,2023-05-20 16:57:22,
2023-05-20,"Проезд","YandexGo",,"Tinkoff Black","241.00","RUB","Tinkoff Black","0.00","RUB",2023-05-19 23:47:38,2023-05-20 16:57:22,
2023-05-20,,,,"Tinkoff Black","9.00","RUB","Инвесткопилка","9.00","RUB",2023-05-19 23:47:39,2023-05-20 16:57:22,
2023-05-20,,,,"Открытие","2000.00","RUB","Tinkoff Black","2000.00","RUB",2023-05-20 05:11:00,2023-05-21 17:40:44,
2023-05-20,"Продукты","PYATEROCHKA 3433",,"Tinkoff Black","430.40","RUB","Tinkoff Black","0.00","RUB",2023-05-20 16:12:02,2023-05-21 04:54:34,
2023-05-20,"Сигареты","PYATEROCHKA 3433",,"Tinkoff Black","229.00","RUB","Tinkoff Black","0.00","RUB",2023-05-20 16:12:03,2023-05-21 04:54:34,
2023-05-20,,,,"Tinkoff Black","40.60","RUB","Инвесткопилка","40.60","RUB",2023-05-20 16:12:03,2023-05-21 17:40:44,
2023-05-21,"Продукты","SPAR N21",,"Tinkoff Black","592.86","RUB","Tinkoff Black","0.00","RUB",2023-05-21 11:43:22,2023-05-21 17:40:44,
2023-05-21,"Сигареты","SPAR N21",,"Tinkoff Black","229.00","RUB","Tinkoff Black","0.00","RUB",2023-05-21 11:43:23,2023-05-21 17:40:44,
2023-05-21,,,,"Tinkoff Black","28.14","RUB","Инвесткопилка","28.14","RUB",2023-05-21 11:43:24,2023-05-21 17:41:37,
2023-05-21,,"Антоша",,"Tinkoff Black","700.00","RUB","Долги","700.00","RUB",2023-05-21 17:35:12,2023-05-21 19:43:53,
2023-05-21,,"Антоша",,"Долги","700.00","RUB","Tinkoff Black","700.00","RUB",2023-05-21 18:10:44,2023-05-22 06:14:34,
2023-05-22,,,,"Открытие","2000.00","RUB","Tinkoff Black","2000.00","RUB",2023-05-22 04:10:24,2023-05-22 10:14:53,
2023-05-22,"Обед","SPAR 44",,"Tinkoff Black","49.90","RUB","Tinkoff Black","0.00","RUB",2023-05-22 06:11:26,2023-05-22 10:15:12,
2023-05-22,,,,"Tinkoff Black","0.10","RUB","Инвесткопилка","0.10","RUB",2023-05-22 06:11:27,2023-05-22 10:15:12,
2023-05-22,"Обед","SPAR N21",,"Tinkoff Black","447.60","RUB","Tinkoff Black","0.00","RUB",2023-05-22 10:10:44,2023-05-22 18:21:16,
2023-05-22,,,,"Tinkoff Black","2.40","RUB","Инвесткопилка","2.40","RUB",2023-05-22 10:10:45,2023-05-22 18:21:16,
2023-05-22,"Продукты","SPAR N21",,"Tinkoff Black","467.65","RUB","Tinkoff Black","0.00","RUB",2023-05-22 15:44:15,2023-05-23 14:54:28,
2023-05-22,"Сигареты","SPAR N21",,"Tinkoff Black","229.00","RUB","Tinkoff Black","0.00","RUB",2023-05-22 15:44:16,2023-05-23 14:54:28,
2023-05-22,,,,"Tinkoff Black","3.35","RUB","Инвесткопилка","3.35","RUB",2023-05-22 15:44:16,2023-05-23 14:54:28,
2023-05-23,"Проезд","YandexGo",,"Tinkoff Black","219.00","RUB","Tinkoff Black","0.00","RUB",2023-05-23 04:50:06,2023-05-23 16:13:09,
2023-05-23,,,,"Tinkoff Black","31.00","RUB","Инвесткопилка","31.00","RUB",2023-05-23 04:50:07,2023-05-23 16:13:09,
2023-05-23,"Кафе и рестораны","IP Kosenko S.A.",,"Tinkoff Black","40.00","RUB","Tinkoff Black","0.00","RUB",2023-05-23 06:04:00,2023-05-23 16:13:09,
2023-05-23,,,,"Tinkoff Black","10.00","RUB","Инвесткопилка","10.00","RUB",2023-05-23 06:04:01,2023-05-23 16:13:09,
2023-05-23,"Обед","SPAR 44",,"Tinkoff Black","49.90","RUB","Tinkoff Black","0.00","RUB",2023-05-23 07:30:46,2023-05-23 16:13:09,
2023-05-23,,,,"Tinkoff Black","0.10","RUB","Инвесткопилка","0.10","RUB",2023-05-23 07:30:47,2023-05-23 16:13:09,
2023-05-23,,,,"Инвесткопилка","5000.00","RUB","Tinkoff Black","5000.00","RUB",2023-05-23 10:40:49,2023-06-02 09:03:09,
2023-05-23,,,,"Tinkoff Black","3500.00","RUB","Сбербанк","3500.00","RUB",2023-05-23 10:41:47,2023-05-23 16:13:09,
2023-05-23,"Платежи. комиссии","Ирина Владимировна А","Оплата страховки жизни","Сбербанк","3480.00","RUB","Сбербанк","0.00","RUB",2023-05-23 10:43:08,2023-05-23 16:13:09,
2023-05-23,"Обед","Letnee Kafe",,"Tinkoff Black","159.00","RUB","Tinkoff Black","0.00","RUB",2023-05-23 11:45:54,2023-05-23 16:13:09,
2023-05-23,,,,"Tinkoff Black","41.00","RUB","Инвесткопилка","41.00","RUB",2023-05-23 11:45:55,2023-05-23 16:13:09,
2023-05-23,"Проезд","YandexGo",,"Tinkoff Black","350.00","RUB","Tinkoff Black","0.00","RUB",2023-05-23 15:05:15,2023-05-24 09:27:12,
2023-05-23,"Проезд","YandexGo",,"Tinkoff Black","269.00","RUB","Tinkoff Black","0.00","RUB",2023-05-23 15:39:00,2023-05-24 09:27:12,
2023-05-23,,,,"Tinkoff Black","31.00","RUB","Инвесткопилка","31.00","RUB",2023-05-23 15:39:01,2023-05-24 09:27:12,
2023-05-23,"Продукты","SPAR N21",,"Tinkoff Black","256.44","RUB","Tinkoff Black","0.00","RUB",2023-05-23 15:42:21,2023-05-23 16:18:37,
2023-05-23,"Сигареты","SPAR N21",,"Tinkoff Black","229.00","RUB","Tinkoff Black","0.00","RUB",2023-05-23 15:42:22,2023-05-23 16:18:37,
2023-05-23,,,,"Tinkoff Black","14.56","RUB","Инвесткопилка","14.56","RUB",2023-05-23 15:42:22,2023-05-23 16:18:37,
2023-05-24,"Проезд","YandexGo",,"Tinkoff Black","169.00","RUB","Tinkoff Black","0.00","RUB",2023-05-24 04:49:03,2023-05-24 20:28:01,
2023-05-24,,,,"Tinkoff Black","31.00","RUB","Инвесткопилка","31.00","RUB",2023-05-24 04:49:04,2023-05-24 20:28:01,
2023-05-24,"Кафе и рестораны","IP Kosenko S.A.",,"Tinkoff Black","40.00","RUB","Tinkoff Black","0.00","RUB",2023-05-24 05:43:39,2023-05-24 20:28:01,
2023-05-24,,,,"Tinkoff Black","10.00","RUB","Инвесткопилка","10.00","RUB",2023-05-24 05:43:40,2023-05-24 20:28:01,
2023-05-24,"Обед","SPAR 44",,"Tinkoff Black","49.90","RUB","Tinkoff Black","0.00","RUB",2023-05-24 06:47:45,2023-05-24 20:28:01,
2023-05-24,,,,"Tinkoff Black","0.10","RUB","Инвесткопилка","0.10","RUB",2023-05-24 06:47:46,2023-05-24 20:28:01,
2023-05-24,"Обед","SPAR N21",,"Tinkoff Black","413.80","RUB","Tinkoff Black","0.00","RUB",2023-05-24 09:25:01,2023-05-24 20:28:59,
2023-05-24,,,,"Tinkoff Black","36.20","RUB","Инвесткопилка","36.20","RUB",2023-05-24 09:25:02,2023-05-24 20:28:59,
2023-05-24,"Обед","SPAR N21",,"Tinkoff Black","29.90","RUB","Tinkoff Black","0.00","RUB",2023-05-24 09:43:03,2023-05-25 05:33:40,
2023-05-24,,,,"Tinkoff Black","20.10","RUB","Инвесткопилка","20.10","RUB",2023-05-24 09:43:04,2023-05-25 05:33:40,
2023-05-24,,,,"Открытие","3000.00","RUB","Tinkoff Black","3000.00","RUB",2023-05-24 15:16:22,2023-05-25 05:33:40,
2023-05-24,"Продукты","SPAR N21",,"Tinkoff Black","392.09","RUB","Tinkoff Black","0.00","RUB",2023-05-24 15:17:06,2023-05-25 05:33:40,
2023-05-24,"Сигареты","SPAR N21",,"Tinkoff Black","229.00","RUB","Tinkoff Black","0.00","RUB",2023-05-24 15:17:07,2023-05-25 05:33:40,
2023-05-24,,,,"Tinkoff Black","28.91","RUB","Инвесткопилка","28.91","RUB",2023-05-24 15:17:07,2023-05-25 05:33:40,
2023-05-25,"Платежи. комиссии","Yandex.Plus",,"Tinkoff Black","8.00","RUB","Tinkoff Black","0.00","RUB",2023-05-25 01:29:10,2023-05-26 04:46:43,
2023-05-25,,,,"Tinkoff Black","42.00","RUB","Инвесткопилка","42.00","RUB",2023-05-25 01:29:11,2023-05-26 04:46:43,
2023-05-25,"Проезд","YandexGo",,"Tinkoff Black","242.00","RUB","Tinkoff Black","0.00","RUB",2023-05-25 04:54:30,2023-05-26 04:47:25,
2023-05-25,,,,"Tinkoff Black","8.00","RUB","Инвесткопилка","8.00","RUB",2023-05-25 04:54:32,2023-05-26 04:47:25,
2023-05-25,"Зарплата",,"Перечисление ден. средств по реестру","Открытие","0.00","RUB","Открытие","31291.38","RUB",2023-05-25 05:23:56,2023-05-26 04:46:43,
2023-05-25,"Кафе и рестораны","IP Kosenko S.A.",,"Tinkoff Black","40.00","RUB","Tinkoff Black","0.00","RUB",2023-05-25 05:33:14,2023-05-26 04:47:25,
2023-05-25,,,,"Tinkoff Black","10.00","RUB","Инвесткопилка","10.00","RUB",2023-05-25 05:33:15,2023-05-26 04:47:25,
2023-05-25,"Дом / Съем жилья ",,,"Наличные","23000.00","RUB","Наличные","0.00","RUB",2023-05-25 05:42:40,2023-05-31 20:27:58,
2023-05-25,"Обед","SPAR 44",,"Tinkoff Black","49.90","RUB","Tinkoff Black","0.00","RUB",2023-05-25 06:45:24,2023-05-27 08:42:25,
2023-05-25,,,,"Tinkoff Black","0.10","RUB","Инвесткопилка","0.10","RUB",2023-05-25 06:45:25,2023-05-27 08:42:25,
2023-05-25,"Обед","STOLOVAYA 1",,"Tinkoff Black","296.00","RUB","Tinkoff Black","0.00","RUB",2023-05-25 10:08:55,2023-05-27 08:42:25,
2023-05-25,,,,"Tinkoff Black","4.00","RUB","Инвесткопилка","4.00","RUB",2023-05-25 10:08:56,2023-05-27 08:42:25,
2023-05-25,"Кафе и рестораны","IP Kosenko S.A.",,"Tinkoff Black","40.00","RUB","Tinkoff Black","0.00","RUB",2023-05-25 12:00:49,2023-05-27 08:42:25,
2023-05-25,,,,"Tinkoff Black","10.00","RUB","Инвесткопилка","10.00","RUB",2023-05-25 12:00:50,2023-05-27 08:42:25,
2023-05-25,"Кафе и рестораны","IP Kosenko S.A.",,"Tinkoff Black","55.00","RUB","Tinkoff Black","0.00","RUB",2023-05-25 12:01:11,2023-05-27 08:42:25,
2023-05-25,,,,"Tinkoff Black","45.00","RUB","Инвесткопилка","45.00","RUB",2023-05-25 12:01:12,2023-05-27 08:42:25,
2023-05-25,"Проезд","YandexGo",,"Tinkoff Black","505.00","RUB","Tinkoff Black","0.00","RUB",2023-05-25 15:14:18,2023-05-27 08:42:25,
2023-05-25,,,,"Tinkoff Black","45.00","RUB","Инвесткопилка","45.00","RUB",2023-05-25 15:14:19,2023-05-27 08:42:25,
2023-05-25,"Продукты","PYATEROCHKA  11235",,"Tinkoff Black","44.99","RUB","Tinkoff Black","0.00","RUB",2023-05-25 16:42:57,2023-05-27 08:42:25,
2023-05-25,,,,"Tinkoff Black","5.01","RUB","Инвесткопилка","5.01","RUB",2023-05-25 16:42:58,2023-05-27 08:42:25,
2023-05-25,"Проезд","YandexGo",,"Tinkoff Black","340.00","RUB","Tinkoff Black","0.00","RUB",2023-05-25 17:05:48,2023-05-27 08:42:25,
2023-05-25,,,,"Tinkoff Black","10.00","RUB","Инвесткопилка","10.00","RUB",2023-05-25 17:05:49,2023-05-27 08:42:25,
2023-05-25,"Сигареты","PYATEROCHKA 3433",,"Tinkoff Black","229.00","RUB","Tinkoff Black","0.00","RUB",2023-05-25 17:32:49,2023-05-27 08:42:25,
2023-05-25,,,,"Tinkoff Black","21.00","RUB","Инвесткопилка","21.00","RUB",2023-05-25 17:32:50,2023-05-27 08:42:25,
2023-05-26,"Продукты","SPAR N21",,"Tinkoff Black","225.70","RUB","Tinkoff Black","0.00","RUB",2023-05-26 04:28:23,2023-05-27 08:42:25,
2023-05-26,,,,"Tinkoff Black","24.30","RUB","Инвесткопилка","24.30","RUB",2023-05-26 04:28:24,2023-05-27 08:42:25,
2023-05-26,"Обед","SPAR 44",,"Tinkoff Black","49.90","RUB","Tinkoff Black","0.00","RUB",2023-05-26 05:16:19,2023-05-27 08:44:44,
2023-05-26,,,,"Tinkoff Black","0.10","RUB","Инвесткопилка","0.10","RUB",2023-05-26 05:16:20,2023-05-27 08:44:44,
2023-05-26,"Кафе и рестораны","IP Kosenko S.A.",,"Tinkoff Black","40.00","RUB","Tinkoff Black","0.00","RUB",2023-05-26 06:15:26,2023-05-27 08:44:44,
2023-05-26,,,,"Tinkoff Black","10.00","RUB","Инвесткопилка","10.00","RUB",2023-05-26 06:15:27,2023-05-27 08:44:44,
2023-05-26,,,,"Открытие","15000.00","RUB","Tinkoff Black","15000.00","RUB",2023-05-26 06:56:00,2023-05-27 08:44:44,
2023-05-26,"Обед","STOLOVAYA 1",,"Tinkoff Black","356.00","RUB","Tinkoff Black","0.00","RUB",2023-05-26 09:26:40,2023-05-27 08:44:44,
2023-05-26,,,,"Tinkoff Black","44.00","RUB","Инвесткопилка","44.00","RUB",2023-05-26 09:26:41,2023-05-27 08:44:44,
2023-05-26,"Продукты","SPAR N21",,"Tinkoff Black","0.80","RUB","Tinkoff Black","0.00","RUB",2023-05-26 15:10:38,2023-07-16 20:00:31,
2023-05-26,"Сигареты","SPAR N21",,"Tinkoff Black","218.00","RUB","Tinkoff Black","0.00","RUB",2023-05-26 15:10:39,2023-07-16 20:00:31,
2023-05-26,,,,"Tinkoff Black","31.20","RUB","Инвесткопилка","31.20","RUB",2023-05-26 15:10:39,2023-05-27 08:44:44,
2023-05-26,"Одежда","FAMILIA 166","Рюкзак","Tinkoff Black","1799.00","RUB","Tinkoff Black","0.00","RUB",2023-05-26 17:20:52,2023-07-16 20:00:31,
2023-05-26,,,,"Tinkoff Black","1.00","RUB","Инвесткопилка","1.00","RUB",2023-05-26 17:20:53,2023-05-27 08:44:44,
2023-05-26,"Продукты","PEREKRESTOK LYADOVA",,"Tinkoff Black","83.99","RUB","Tinkoff Black","0.00","RUB",2023-05-26 17:27:21,2023-05-27 08:44:44,
2023-05-26,,,,"Tinkoff Black","16.01","RUB","Инвесткопилка","16.01","RUB",2023-05-26 17:27:22,2023-05-27 08:44:44,
2023-05-26,"Сигареты","BRISTOL EKSPRESS 65",,"Tinkoff Black","229.00","RUB","Tinkoff Black","0.00","RUB",2023-05-26 17:28:47,2023-05-27 08:44:44,
2023-05-26,,,,"Tinkoff Black","21.00","RUB","Инвесткопилка","21.00","RUB",2023-05-26 17:28:48,2023-05-27 08:44:44,
2023-05-26,"Продукты","SPAR N21",,"Tinkoff Black","723.48","RUB","Tinkoff Black","0.00","RUB",2023-05-26 19:08:36,2023-05-27 08:44:44,
2023-05-26,,,,"Tinkoff Black","26.52","RUB","Инвесткопилка","26.52","RUB",2023-05-26 19:08:37,2023-05-27 08:44:44,
2023-05-26,,,,"Открытие","2000.00","RUB","Tinkoff Black","2000.00","RUB",2023-05-26 19:40:55,2023-05-27 08:44:44,
2023-05-27,,,"Регулярный платеж","Tinkoff Black","12000.00","RUB","Tinkoff Black","0.00","RUB",2023-05-27 00:27:54,2024-03-24 09:49:08,
2023-05-27,"Проезд","YandexGo",,"Tinkoff Black","157.00","RUB","Tinkoff Black","0.00","RUB",2023-05-27 10:31:51,2023-05-28 15:44:26,
2023-05-27,,,,"Tinkoff Black","43.00","RUB","Инвесткопилка","43.00","RUB",2023-05-27 10:31:52,2023-05-28 15:44:26,
2023-05-27,"Продукты","PYATEROCHKA  11235",,"Tinkoff Black","45.99","RUB","Tinkoff Black","0.00","RUB",2023-05-27 10:33:06,2023-05-28 15:44:26,
2023-05-27,,,,"Tinkoff Black","4.01","RUB","Инвесткопилка","4.01","RUB",2023-05-27 10:33:07,2023-05-28 15:44:26,
2023-05-27,"Проезд","YandexGo",,"Tinkoff Black","290.00","RUB","Tinkoff Black","0.00","RUB",2023-05-27 11:07:29,2023-05-28 15:44:26,
2023-05-27,,,,"Tinkoff Black","10.00","RUB","Инвесткопилка","10.00","RUB",2023-05-27 11:07:30,2023-05-28 15:44:26,
2023-05-27,"Продукты","SPAR N21",,"Tinkoff Black","158.90","RUB","Tinkoff Black","0.00","RUB",2023-05-27 16:05:45,2023-05-28 15:44:26,
2023-05-27,,,,"Tinkoff Black","41.10","RUB","Инвесткопилка","41.10","RUB",2023-05-27 16:05:46,2023-05-28 15:44:26,
2023-05-27,"Сигареты","IP Vershinin",,"Tinkoff Black","329.00","RUB","Tinkoff Black","0.00","RUB",2023-05-27 19:15:49,2023-05-28 15:44:26,
2023-05-27,,,,"Tinkoff Black","21.00","RUB","Инвесткопилка","21.00","RUB",2023-05-27 19:15:50,2023-05-28 15:44:26,
2023-05-27,"Продукты","SPAR N21",,"Tinkoff Black","240.40","RUB","Tinkoff Black","0.00","RUB",2023-05-27 19:39:14,2023-05-28 15:44:26,
2023-05-27,,,,"Tinkoff Black","9.60","RUB","Инвесткопилка","9.60","RUB",2023-05-27 19:39:15,2023-05-28 15:44:26,
2023-05-27,"Кэшбэк",,"Кэшбэк за обычные покупки","Tinkoff Black","0.00","RUB","Tinkoff Black","742.00","RUB",2023-05-27 20:08:08,2023-07-16 03:14:01,
2023-05-27,,,,"Tinkoff Black","742.00","RUB","Инвесткопилка","742.00","RUB",2023-05-27 20:12:55,2023-05-28 15:44:26,
2023-05-27,"Платежи. комиссии",,"Комиссия: Плата за оповещения об операциях","Tinkoff Black","99.00","RUB","Tinkoff Black","0.00","RUB",2023-05-27 20:31:48,2023-05-28 15:44:26,
2023-05-28,,,,"Открытие","1500.00","RUB","Tinkoff Black","1500.00","RUB",2023-05-28 09:17:11,2023-05-29 18:04:26,
2023-05-28,"Продукты","SPAR N21",,"Tinkoff Black","148.80","RUB","Tinkoff Black","0.00","RUB",2023-05-28 09:22:48,2023-07-16 20:00:31,
2023-05-28,"Сигареты","SPAR N21",,"Tinkoff Black","219.00","RUB","Tinkoff Black","0.00","RUB",2023-05-28 09:22:49,2023-07-16 20:00:31,
2023-05-28,,,,"Tinkoff Black","32.20","RUB","Инвесткопилка","32.20","RUB",2023-05-28 09:22:50,2023-05-28 15:45:22,
2023-05-28,"Проезд","SITICARD. TRANS",,"Tinkoff Black","30.00","RUB","Tinkoff Black","0.00","RUB",2023-05-28 11:43:51,2023-05-29 18:00:05,
2023-05-28,,,,"Tinkoff Black","20.00","RUB","Инвесткопилка","20.00","RUB",2023-05-28 11:43:52,2023-05-29 18:00:05,
2023-05-28,,,,"Открытие","4000.00","RUB","Tinkoff Black","4000.00","RUB",2023-05-28 13:02:01,2023-05-29 18:04:26,
2023-05-28,"Одежда","COLINS",,"Tinkoff Black","1790.00","RUB","Tinkoff Black","0.00","RUB",2023-05-28 13:04:58,2023-05-29 18:00:05,
2023-05-28,,,,"Tinkoff Black","10.00","RUB","Инвесткопилка","10.00","RUB",2023-05-28 13:04:59,2023-05-29 18:00:05,
2023-05-28,"Продукты","PEREKRESTOK LYADOVA",,"Tinkoff Black","69.99","RUB","Tinkoff Black","0.00","RUB",2023-05-28 13:11:37,2023-05-29 18:00:05,
2023-05-28,,,,"Tinkoff Black","30.01","RUB","Инвесткопилка","30.01","RUB",2023-05-28 13:11:38,2023-05-29 18:00:05,
2023-05-28,"Одежда","LCWaikiki",,"Tinkoff Black","1199.00","RUB","Tinkoff Black","0.00","RUB",2023-05-28 13:32:23,2023-05-29 18:00:05,
2023-05-28,,,,"Tinkoff Black","1.00","RUB","Инвесткопилка","1.00","RUB",2023-05-28 13:32:24,2023-05-29 18:00:05,
2023-05-28,"Обед","STOLOVAYA 1",,"Tinkoff Black","428.00","RUB","Tinkoff Black","0.00","RUB",2023-05-28 14:13:02,2023-05-29 18:00:05,
2023-05-28,,,,"Tinkoff Black","22.00","RUB","Инвесткопилка","22.00","RUB",2023-05-28 14:13:03,2023-05-29 18:00:05,
2023-05-28,,,,"Tinkoff Black","5000.00","RUB","Сбербанк","5000.00","RUB",2023-05-28 15:21:09,2023-05-29 18:00:05,
2023-05-28,,,"Оплата услуг","Сбербанк","5000.00","RUB","Tinkoff Black","5000.00","RUB",2023-05-28 15:22:19,2023-05-29 18:00:05,
2023-05-28,,"Никита Г.",,"Долги","1425.00","RUB","Tinkoff Black","1425.00","RUB",2023-05-28 15:38:46,2023-05-28 15:46:32,
2023-05-28,,,,"Tinkoff Black","2380.00","RUB","Сбербанк","2380.00","RUB",2023-05-28 15:41:17,2023-05-29 18:00:05,
2023-05-28,,"Никита Г.",,"Сбербанк","2380.00","RUB","Долги","2380.00","RUB",2023-05-28 15:41:50,2023-05-28 15:46:32,
2023-05-28,"Продукты","SPAR N21",,"Tinkoff Black","515.01","RUB","Tinkoff Black","0.00","RUB",2023-05-28 18:01:01,2023-07-16 20:00:31,
2023-05-28,"Сигареты","SPAR N21",,"Tinkoff Black","219.00","RUB","Tinkoff Black","0.00","RUB",2023-05-28 18:01:02,2023-07-16 20:00:31,
2023-05-28,,,,"Tinkoff Black","15.99","RUB","Инвесткопилка","15.99","RUB",2023-05-28 18:01:02,2023-05-29 18:07:13,
2023-05-29,,,,"Открытие","1800.00","RUB","Tinkoff Black","1800.00","RUB",2023-05-29 05:01:16,2023-05-29 18:07:13,
2023-05-29,"Проезд","YandexGo",,"Tinkoff Black","279.00","RUB","Tinkoff Black","0.00","RUB",2023-05-29 05:01:35,2023-05-29 18:07:13,
2023-05-29,,,,"Tinkoff Black","21.00","RUB","Инвесткопилка","21.00","RUB",2023-05-29 05:01:36,2023-05-29 18:07:13,
2023-05-29,"Кафе и рестораны","IP Kosenko S.A.",,"Tinkoff Black","40.00","RUB","Tinkoff Black","0.00","RUB",2023-05-29 05:37:34,2023-05-29 18:07:13,
2023-05-29,,,,"Tinkoff Black","10.00","RUB","Инвесткопилка","10.00","RUB",2023-05-29 05:37:35,2023-05-29 18:07:13,
2023-05-29,"Обед","SPAR 44",,"Tinkoff Black","119.80","RUB","Tinkoff Black","0.00","RUB",2023-05-29 07:55:42,2023-05-29 18:07:13,
2023-05-29,,,,"Tinkoff Black","1.20","RUB","Инвесткопилка","1.20","RUB",2023-05-29 07:55:43,2023-05-29 18:07:13,
2023-05-29,"Сигареты","SPAR 44",,"Tinkoff Black","229.00","RUB","Tinkoff Black","0.00","RUB",2023-05-29 07:55:43,2023-05-29 18:07:13,
2023-05-29,"Обед","SPAR N21",,"Tinkoff Black","194.80","RUB","Tinkoff Black","0.00","RUB",2023-05-29 10:05:59,2023-05-29 18:07:13,
2023-05-29,,,,"Tinkoff Black","5.20","RUB","Инвесткопилка","5.20","RUB",2023-05-29 10:06:00,2023-05-29 18:07:13,
2023-05-29,"Проезд","SITICARD. TRANS",,"Tinkoff Black","30.00","RUB","Tinkoff Black","0.00","RUB",2023-05-29 11:12:46,2023-05-29 18:07:13,
2023-05-29,,,,"Tinkoff Black","20.00","RUB","Инвесткопилка","20.00","RUB",2023-05-29 11:12:47,2023-05-29 18:07:13,
2023-05-29,,"Кирилл",,"Открытие","700.00","RUB","Долги","700.00","RUB",2023-05-29 12:21:58,2023-05-29 18:07:13,
2023-05-30,,"Никита Г.","Спасибо","Долги","955.00","RUB","Tinkoff Black","955.00","RUB",2023-05-30 01:37:44,2023-05-31 04:14:06,
2023-05-30,"Проезд","YandexGo",,"Tinkoff Black","159.00","RUB","Tinkoff Black","0.00","RUB",2023-05-30 05:03:54,2023-05-31 04:14:06,
2023-05-30,,,,"Tinkoff Black","41.00","RUB","Инвесткопилка","41.00","RUB",2023-05-30 05:03:55,2023-05-31 04:14:06,
2023-05-30,,,,"Открытие","3000.00","RUB","Tinkoff Black","3000.00","RUB",2023-05-30 05:07:30,2023-05-31 04:14:06,
2023-05-30,,"Dolyame","Духи","Tinkoff Black","1265.00","RUB","Tinkoff Black","0.00","RUB",2023-05-30 05:25:12,2024-03-24 11:17:17,
2023-05-30,,,,"Tinkoff Black","35.00","RUB","Инвесткопилка","35.00","RUB",2023-05-30 05:25:13,2023-05-31 04:14:06,
2023-05-30,"Кафе и рестораны","IP Kosenko S.A.",,"Tinkoff Black","40.00","RUB","Tinkoff Black","0.00","RUB",2023-05-30 05:43:27,2023-05-31 04:14:06,
2023-05-30,,,,"Tinkoff Black","10.00","RUB","Инвесткопилка","10.00","RUB",2023-05-30 05:43:28,2023-05-31 04:14:06,
2023-05-30,"Сигареты","SPAR 63",,"Tinkoff Black","160.00","RUB","Tinkoff Black","0.00","RUB",2023-05-30 07:55:36,2023-05-31 04:14:06,
2023-05-30,,,,"Tinkoff Black","40.00","RUB","Инвесткопилка","40.00","RUB",2023-05-30 07:55:37,2023-05-31 04:14:06,
2023-05-30,"Обед","SPAR N21",,"Tinkoff Black","268.80","RUB","Tinkoff Black","0.00","RUB",2023-05-30 09:20:26,2023-05-31 04:14:06,
2023-05-30,,,,"Tinkoff Black","31.20","RUB","Инвесткопилка","31.20","RUB",2023-05-30 09:20:27,2023-05-31 04:14:06,
2023-05-30,,,,"Счет погашения ипотеки","12000.00","RUB","Открытие","12000.00","RUB",2023-05-30 10:10:34,2023-05-31 04:14:06,
2023-05-30,,,,"Открытие","5000.00","RUB","Tinkoff Black","5000.00","RUB",2023-05-30 10:11:22,2023-05-31 04:14:06,
2023-05-30,"Автомобиль","Владимир Ж.","Эвакуатор","Tinkoff Black","2500.00","RUB","Tinkoff Black","0.00","RUB",2023-05-30 10:27:17,2023-05-30 14:02:57,
2023-05-30,"Проезд","YandexGo",,"Tinkoff Black","121.00","RUB","Tinkoff Black","0.00","RUB",2023-05-30 10:51:39,2023-05-31 04:14:06,
2023-05-30,,,,"Tinkoff Black","29.00","RUB","Инвесткопилка","29.00","RUB",2023-05-30 10:51:40,2023-05-31 04:14:06,
2023-05-30,"Кафе и рестораны","IP Kosenko S.A.",,"Tinkoff Black","40.00","RUB","Tinkoff Black","0.00","RUB",2023-05-30 11:14:05,2023-05-31 04:14:06,
2023-05-30,,,,"Tinkoff Black","10.00","RUB","Инвесткопилка","10.00","RUB",2023-05-30 11:14:06,2023-05-31 04:14:06,
2023-05-30,"Обед","SPAR 44",,"Tinkoff Black","49.90","RUB","Tinkoff Black","0.00","RUB",2023-05-30 12:21:54,2023-05-31 04:14:06,
2023-05-30,,,,"Tinkoff Black","0.10","RUB","Инвесткопилка","0.10","RUB",2023-05-30 12:21:55,2023-05-31 04:14:06,
2023-05-30,,,,"Инвесткопилка","12700.00","RUB","Tinkoff Black","12700.00","RUB",2023-05-30 13:13:05,2023-06-02 09:03:09,
2023-05-30,,,,"Открытие","10000.00","RUB","Tinkoff Black","10000.00","RUB",2023-05-30 13:14:06,2023-05-31 04:14:51,
2023-05-30,"Проезд","YandexGo",,"Tinkoff Black","320.00","RUB","Tinkoff Black","0.00","RUB",2023-05-30 15:18:25,2023-05-31 04:15:23,
2023-05-30,,,,"Tinkoff Black","30.00","RUB","Инвесткопилка","30.00","RUB",2023-05-30 15:18:27,2023-05-31 17:13:54,
2023-05-30,"Проезд","YandexGo",,"Tinkoff Black","214.00","RUB","Tinkoff Black","0.00","RUB",2023-05-30 16:56:52,2023-05-31 04:15:23,
2023-05-30,,,,"Tinkoff Black","36.00","RUB","Инвесткопилка","36.00","RUB",2023-05-30 16:56:53,2023-05-31 04:15:23,
2023-05-30,"Продукты","SPAR N21",,"Tinkoff Black","596.38","RUB","Tinkoff Black","0.00","RUB",2023-05-30 17:14:56,2023-07-16 20:00:31,
2023-05-30,,,,"Tinkoff Black","34.62","RUB","Инвесткопилка","34.62","RUB",2023-05-30 17:14:57,2023-05-31 04:15:23,
2023-05-30,"Сигареты","SPAR N21",,"Tinkoff Black","219.00","RUB","Tinkoff Black","0.00","RUB",2023-05-30 17:14:57,2023-07-16 20:00:31,
2023-05-31,"Дом / Ипотека",,"Уплата процентов КД №770439 от 29.05.2020г.","Счет погашения ипотеки","10065.53","RUB","Счет погашения ипотеки","0.00","RUB",2023-05-30 21:00:00,2023-06-02 09:01:10,
2023-05-31,"Дом / Ипотека",,"Погашение основного долга КД №770439 от 29.05.2020г.","Счет погашения ипотеки","3428.47","RUB","Счет погашения ипотеки","0.00","RUB",2023-05-30 21:00:01,2023-07-16 03:14:01,
2023-05-31,"Проезд","YandexGo",,"Tinkoff Black","149.00","RUB","Tinkoff Black","0.00","RUB",2023-05-31 04:56:31,2023-05-31 20:20:09,
2023-05-31,,,,"Tinkoff Black","1.00","RUB","Инвесткопилка","1.00","RUB",2023-05-31 04:56:32,2023-05-31 20:20:09,
2023-05-31,"Кафе и рестораны","IP Kosenko S.A.",,"Tinkoff Black","40.00","RUB","Tinkoff Black","0.00","RUB",2023-05-31 05:34:49,2023-05-31 20:20:09,
2023-05-31,,,,"Tinkoff Black","10.00","RUB","Инвесткопилка","10.00","RUB",2023-05-31 05:34:50,2023-05-31 20:20:09,
2023-05-31,"Обед","STOLOVAYA 1",,"Tinkoff Black","346.00","RUB","Tinkoff Black","0.00","RUB",2023-05-31 08:23:50,2023-05-31 20:20:09,
2023-05-31,,,,"Tinkoff Black","4.00","RUB","Инвесткопилка","4.00","RUB",2023-05-31 08:23:51,2023-05-31 20:20:09,
2023-05-31,"Сигареты","SPAR 63",,"Tinkoff Black","288.90","RUB","Tinkoff Black","0.00","RUB",2023-05-31 08:38:05,2023-05-31 20:20:09,
2023-05-31,,,,"Tinkoff Black","11.10","RUB","Инвесткопилка","11.10","RUB",2023-05-31 08:38:06,2023-05-31 20:20:09,
2023-05-31,"Проезд","YandexGo",,"Tinkoff Black","111.00","RUB","Tinkoff Black","0.00","RUB",2023-05-31 09:42:00,2023-05-31 20:20:09,
2023-05-31,,,,"Tinkoff Black","39.00","RUB","Инвесткопилка","39.00","RUB",2023-05-31 09:42:01,2023-05-31 20:20:09,
2023-05-31,"Автомобиль","Gelikon",,"Tinkoff Black","15860.00","RUB","Tinkoff Black","0.00","RUB",2023-05-31 09:47:52,2023-05-31 20:20:09,
2023-05-31,,,,"Tinkoff Black","40.00","RUB","Инвесткопилка","40.00","RUB",2023-05-31 09:47:53,2023-05-31 20:20:09,
2023-05-31,"Кафе и рестораны","IP Kosenko S.A.",,"Tinkoff Black","40.00","RUB","Tinkoff Black","0.00","RUB",2023-05-31 11:37:09,2023-05-31 20:20:09,
2023-05-31,,,,"Tinkoff Black","10.00","RUB","Инвесткопилка","10.00","RUB",2023-05-31 11:37:10,2023-05-31 20:20:09,
2023-05-31,"Кафе и рестораны","QSR 23022",,"Tinkoff Black","382.00","RUB","Tinkoff Black","0.00","RUB",2023-05-31 17:17:47,2023-06-01 19:01:03,
2023-05-31,,,,"Tinkoff Black","18.00","RUB","Инвесткопилка","18.00","RUB",2023-05-31 17:17:48,2023-06-01 19:01:03,
2023-05-31,"Продукты","MAGNIT MM TAIROS",,"Tinkoff Black","99.98","RUB","Tinkoff Black","0.00","RUB",2023-05-31 18:43:30,2023-06-01 19:01:03,
2023-05-31,,,,"Tinkoff Black","0.02","RUB","Инвесткопилка","0.02","RUB",2023-05-31 18:43:31,2023-06-01 19:01:23,
2023-06-01,"Кафе и рестораны","IP Kosenko S.A.",,"Tinkoff Black","40.00","RUB","Tinkoff Black","0.00","RUB",2023-06-01 05:15:31,2023-06-02 09:01:10,
2023-06-01,,,,"Tinkoff Black","10.00","RUB","Инвесткопилка","10.00","RUB",2023-06-01 05:15:32,2023-06-02 09:01:10,
2023-06-01,"Подарки","Вячеслав Л.",,"Tinkoff Black","500.00","RUB","Tinkoff Black","0.00","RUB",2023-06-01 07:49:06,2023-06-02 09:01:10,
2023-06-01,"Обед","SPAR 44",,"Tinkoff Black","310.81","RUB","Tinkoff Black","0.00","RUB",2023-06-01 10:19:30,2023-06-02 09:01:10,
2023-06-01,,,,"Tinkoff Black","39.19","RUB","Инвесткопилка","39.19","RUB",2023-06-01 10:19:31,2023-06-02 09:01:10,
2023-06-01,"Сигареты","SPAR 44",,"Tinkoff Black","284.90","RUB","Tinkoff Black","0.00","RUB",2023-06-01 10:19:52,2023-06-02 09:01:10,
2023-06-01,,,,"Tinkoff Black","15.10","RUB","Инвесткопилка","15.10","RUB",2023-06-01 10:19:53,2023-06-02 09:01:10,
2023-06-01,"Обед","Letnee Kafe",,"Tinkoff Black","263.00","RUB","Tinkoff Black","0.00","RUB",2023-06-01 10:57:00,2023-06-02 09:01:10,
2023-06-01,,,,"Tinkoff Black","37.00","RUB","Инвесткопилка","37.00","RUB",2023-06-01 10:57:01,2023-06-02 09:01:10,
2023-06-01,"Платежи. комиссии","Виктор В","Электричество","Tinkoff Black","475.00","RUB","Tinkoff Black","0.00","RUB",2023-06-01 17:09:49,2023-07-16 20:00:31,
2023-06-01,"Продукты","PEREKRESTOK BURNAKOVSK",,"Tinkoff Black","39.99","RUB","Tinkoff Black","0.00","RUB",2023-06-01 17:10:35,2023-06-02 09:01:10,
2023-06-01,,,,"Tinkoff Black","10.01","RUB","Инвесткопилка","10.01","RUB",2023-06-01 17:10:36,2023-06-02 09:01:10,
2023-06-01,"Продукты","PEREKRESTOK AKMOLINSKI",,"Tinkoff Black","955.84","RUB","Tinkoff Black","0.00","RUB",2023-06-01 18:06:31,2023-07-16 20:00:31,
2023-06-01,"Сигареты","PEREKRESTOK AKMOLINSKI",,"Tinkoff Black","219.00","RUB","Tinkoff Black","0.00","RUB",2023-06-01 18:06:32,2023-07-16 20:00:31,
2023-06-01,,,,"Tinkoff Black","25.16","RUB","Инвесткопилка","25.16","RUB",2023-06-01 18:06:32,2023-06-02 09:03:09,
2023-06-01,"Автомобиль","LUKOIL.AZS 52017 52C","Бензин и антифриз","Tinkoff Black","1548.00","RUB","Tinkoff Black","0.00","RUB",2023-06-01 18:29:20,2023-07-16 20:00:31,
2023-06-01,,,,"Tinkoff Black","2.00","RUB","Инвесткопилка","2.00","RUB",2023-06-01 18:29:21,2023-06-03 20:14:38,
2023-06-02,"Кафе и рестораны","IP Kosenko S.A.",,"Tinkoff Black","40.00","RUB","Tinkoff Black","0.00","RUB",2023-06-02 05:14:31,2023-06-02 13:51:05,
2023-06-02,,,,"Tinkoff Black","10.00","RUB","Инвесткопилка","10.00","RUB",2023-06-02 05:14:32,2023-06-02 13:51:05,
2023-06-02,"Продукты","SPAR 44",,"Tinkoff Black","49.90","RUB","Tinkoff Black","0.00","RUB",2023-06-02 06:17:34,2023-06-02 09:03:09,
2023-06-02,,,,"Tinkoff Black","0.10","RUB","Инвесткопилка","0.10","RUB",2023-06-02 06:17:35,2023-06-02 13:51:05,
2023-06-02,"Обед","Letnee Kafe","Салат. суп. второе. чай","Tinkoff Black","375.00","RUB","Tinkoff Black","0.00","RUB",2023-06-02 08:59:45,2023-06-02 21:38:01,
2023-06-02,,,,"Tinkoff Black","25.00","RUB","Инвесткопилка","25.00","RUB",2023-06-02 08:59:47,2023-06-02 13:52:02,
2023-06-02,"Сигареты","BRISTOL 31",,"Tinkoff Black","150.00","RUB","Tinkoff Black","0.00","RUB",2023-06-02 10:33:28,2023-06-02 21:32:19,
2023-06-02,"Здоровье и фитнес","IP Chuprov K.V.","Стрижка в биг бро","Tinkoff Black","1190.00","RUB","Tinkoff Black","0.00","RUB",2023-06-02 13:24:43,2024-05-09 05:08:01,
2023-06-02,,,,"Tinkoff Black","10.00","RUB","Инвесткопилка","10.00","RUB",2023-06-02 13:24:44,2023-06-02 21:32:19,
2023-06-02,"Продукты","SPAR N21",,"Tinkoff Black","317.80","RUB","Tinkoff Black","0.00","RUB",2023-06-02 13:46:23,2023-06-02 21:32:41,
2023-06-02,,,,"Tinkoff Black","32.20","RUB","Инвесткопилка","32.20","RUB",2023-06-02 13:46:24,2023-06-02 21:32:41,
2023-06-02,,,,"Инвесткопилка","530.00","RUB","Tinkoff Black","530.00","RUB",2023-06-02 14:53:33,2023-06-06 13:54:08,
2023-06-02,,,,"Tinkoff Black","2300.00","RUB","Сбербанк","2300.00","RUB",2023-06-02 15:07:34,2023-06-02 21:38:01,
2023-06-02,"Тратата","Алмаз Венерович Г",,"Сбербанк","2332.00","RUB","Сбербанк","0.00","RUB",2023-06-02 15:08:25,2023-06-02 21:38:01,
2023-06-02,,"Евгений Д.",,"Долги","2000.00","RUB","Tinkoff Black","2000.00","RUB",2023-06-02 16:59:38,2023-06-02 21:38:01,
2023-06-02,"Продукты","PYATEROCHKA 20121",,"Tinkoff Black","149.96","RUB","Tinkoff Black","0.00","RUB",2023-06-02 17:02:49,2023-06-02 21:38:01,
2023-06-02,"Сигареты","PYATEROCHKA 20121",,"Tinkoff Black","150.00","RUB","Tinkoff Black","0.00","RUB",2023-06-02 17:02:50,2023-06-02 21:38:01,
2023-06-02,,,,"Tinkoff Black","0.04","RUB","Инвесткопилка","0.04","RUB",2023-06-02 17:02:50,2023-06-02 21:38:01,
2023-06-03,,"Никитос ",,"Долги","2000.00","RUB","Tinkoff Black","2000.00","RUB",2023-06-03 10:51:33,2023-06-03 20:17:56,
2023-06-04,,,,"Tinkoff Black","500.00","RUB","Сбербанк","500.00","RUB",2023-06-04 06:32:01,2023-06-04 15:38:11,
2023-06-04,"Корректировка","СберБанк Онлайн","Возврат. отмена операций","Сбербанк","0.00","RUB","Сбербанк","530.00","RUB",2023-06-04 06:32:59,2023-07-16 20:00:31,
2023-06-04,,"Антоша",,"Сбербанк","500.00","RUB","Долги","500.00","RUB",2023-06-04 06:50:10,2023-06-04 15:38:11,
2023-06-04,"Продукты","PYATEROCHKA 3433",,"Tinkoff Black","375.09","RUB","Tinkoff Black","0.00","RUB",2023-06-04 07:43:29,2023-06-04 15:38:11,
2023-06-04,,,,"Tinkoff Black","14.91","RUB","Инвесткопилка","14.91","RUB",2023-06-04 07:43:30,2023-06-04 15:38:11,
2023-06-04,"Сигареты","PYATEROCHKA 3433",,"Tinkoff Black","160.00","RUB","Tinkoff Black","0.00","RUB",2023-06-04 07:43:30,2023-06-04 15:38:11,
2023-06-05,"Проезд","YandexGo",,"Tinkoff Black","139.00","RUB","Tinkoff Black","0.00","RUB",2023-06-05 04:53:23,2023-06-05 22:06:39,
2023-06-05,,,,"Tinkoff Black","11.00","RUB","Инвесткопилка","11.00","RUB",2023-06-05 04:53:24,2023-06-05 22:06:39,
2023-06-05,"Кафе и рестораны","IP Kosenko S.A.",,"Tinkoff Black","40.00","RUB","Tinkoff Black","0.00","RUB",2023-06-05 05:29:29,2023-06-05 22:06:39,
2023-06-05,,,,"Tinkoff Black","10.00","RUB","Инвесткопилка","10.00","RUB",2023-06-05 05:29:30,2023-06-05 22:06:39,
2023-06-05,"Продукты","SPAR 44",,"Tinkoff Black","49.90","RUB","Tinkoff Black","0.00","RUB",2023-06-05 08:01:11,2023-06-05 22:06:39,
2023-06-05,,,,"Tinkoff Black","0.10","RUB","Инвесткопилка","0.10","RUB",2023-06-05 08:01:12,2023-06-05 22:06:39,
2023-06-05,"Сигареты","BRISTOL 31",,"Tinkoff Black","229.00","RUB","Tinkoff Black","0.00","RUB",2023-06-05 10:17:28,2023-06-05 22:06:39,
2023-06-05,,,,"Tinkoff Black","21.00","RUB","Инвесткопилка","21.00","RUB",2023-06-05 10:17:29,2023-06-05 22:06:39,
2023-06-05,"Обед","KFC B.POKROVSKAYA1",,"Tinkoff Black","353.00","RUB","Tinkoff Black","0.00","RUB",2023-06-05 10:24:33,2023-06-05 22:06:39,
2023-06-05,,,,"Tinkoff Black","47.00","RUB","Инвесткопилка","47.00","RUB",2023-06-05 10:24:34,2023-06-05 22:06:39,
2023-06-05,,,"Перечисление ДС на банковскую карту 5586 2000 2357 8351 /Бутырин Максим Станиславович/ командировочные расходы согласно Приказу 218 от 13.06.2023г. НДС не облагается.","Открытие","0.00","RUB","Открытие","27000.00","RUB",2023-06-05 10:42:18,2024-03-24 11:17:17,
2023-06-05,"Обед","SPAR 44",,"Tinkoff Black","179.80","RUB","Tinkoff Black","0.00","RUB",2023-06-05 12:55:49,2023-06-05 22:06:39,
2023-06-05,,,,"Tinkoff Black","20.20","RUB","Инвесткопилка","20.20","RUB",2023-06-05 12:55:50,2023-06-05 22:06:39,
2023-06-05,,,,"Открытие","4000.00","RUB","Tinkoff Black","4000.00","RUB",2023-06-05 13:37:36,2023-06-05 22:06:39,
2023-06-05,,"WWW.RZD.RU",,"Tinkoff Black","3899.50","RUB","Tinkoff Black","0.00","RUB",2023-06-05 13:41:54,2024-03-24 11:17:17,
2023-06-05,,,,"Tinkoff Black","0.50","RUB","Инвесткопилка","0.50","RUB",2023-06-05 13:41:55,2023-06-05 22:06:39,
2023-06-05,,"Юлия Ф.",,"Долги","4000.00","RUB","Открытие","4000.00","RUB",2023-06-05 13:42:17,2023-06-06 13:53:04,
2023-06-05,,,,"Открытие","23000.00","RUB","Tinkoff Black","23000.00","RUB",2023-06-05 13:53:29,2023-06-05 22:06:39,
2023-06-05,,"PAO ""AEROFLOT""",,"Tinkoff Black","21931.00","RUB","Tinkoff Black","0.00","RUB",2023-06-05 13:57:29,2024-03-24 11:17:17,
2023-06-05,,,,"Tinkoff Black","19.00","RUB","Инвесткопилка","19.00","RUB",2023-06-05 13:57:30,2023-06-05 22:06:39,
2023-06-05,"Продукты","SPAR N21",,"Tinkoff Black","240.69","RUB","Tinkoff Black","0.00","RUB",2023-06-05 16:19:13,2023-07-16 04:17:10,
2023-06-05,"Сигареты","SPAR N21",,"Tinkoff Black","219.00","RUB","Tinkoff Black","0.00","RUB",2023-06-05 16:19:14,2023-07-16 04:17:10,
2023-06-05,,,,"Tinkoff Black","40.31","RUB","Инвесткопилка","40.31","RUB",2023-06-05 16:19:14,2023-06-05 22:06:39,
2023-06-06,"Проезд","YandexGo",,"Tinkoff Black","149.00","RUB","Tinkoff Black","0.00","RUB",2023-06-06 04:49:00,2023-06-07 04:53:20,
2023-06-06,,,,"Tinkoff Black","1.00","RUB","Инвесткопилка","1.00","RUB",2023-06-06 04:49:01,2023-06-07 04:53:20,
2023-06-06,"Кафе и рестораны","IP Kosenko S.A.",,"Tinkoff Black","40.00","RUB","Tinkoff Black","0.00","RUB",2023-06-06 05:30:42,2023-06-07 04:53:20,
2023-06-06,,,,"Tinkoff Black","10.00","RUB","Инвесткопилка","10.00","RUB",2023-06-06 05:30:43,2023-06-07 04:53:20,
2023-06-06,"Сигареты","SPAR 44",,"Tinkoff Black","198.90","RUB","Tinkoff Black","0.00","RUB",2023-06-06 06:07:36,2023-06-07 04:53:20,
2023-06-06,,,,"Tinkoff Black","1.10","RUB","Инвесткопилка","1.10","RUB",2023-06-06 06:07:37,2023-06-07 04:53:20,
2023-06-06,,,"Перечисление ДС на банковскую карту 5586 2000 2357 8351 /Бутырин Максим Станиславович/ командировочные расходы согласно Приказу 219 от 02.06.2023г. НДС не облагается","Открытие","0.00","RUB","Открытие","40200.00","RUB",2023-06-06 10:41:29,2024-03-24 11:17:17,
2023-06-06,"Обед","Letnee Kafe",,"Tinkoff Black","137.00","RUB","Tinkoff Black","0.00","RUB",2023-06-06 12:08:50,2023-06-07 04:53:20,
2023-06-06,,,,"Tinkoff Black","13.00","RUB","Инвесткопилка","13.00","RUB",2023-06-06 12:08:51,2023-06-07 04:53:20,
2023-06-07,"Проезд","YandexGo",,"Tinkoff Black","119.00","RUB","Tinkoff Black","0.00","RUB",2023-06-07 04:56:21,2023-06-07 15:32:06,
2023-06-07,,,,"Tinkoff Black","31.00","RUB","Инвесткопилка","31.00","RUB",2023-06-07 04:56:22,2023-06-07 15:32:06,
2023-06-07,"Сигареты","SPAR 44",,"Tinkoff Black","243.80","RUB","Tinkoff Black","0.00","RUB",2023-06-07 05:32:06,2023-06-07 15:32:06,
2023-06-07,,,,"Tinkoff Black","6.20","RUB","Инвесткопилка","6.20","RUB",2023-06-07 05:32:07,2023-06-07 15:32:06,
2023-06-07,"Продукты","SPAR N21",,"Tinkoff Black","413.70","RUB","Tinkoff Black","0.00","RUB",2023-06-07 09:22:21,2023-06-07 15:32:06,
2023-06-07,,,,"Tinkoff Black","36.30","RUB","Инвесткопилка","36.30","RUB",2023-06-07 09:22:22,2023-06-07 15:32:06,
2023-06-07,,,,"Открытие","44500.00","RUB","Tinkoff Black","44500.00","RUB",2023-06-07 12:39:40,2023-06-07 15:32:06,
2023-06-07,,"PAO ""AEROFLOT""",,"Tinkoff Black","6046.00","RUB","Tinkoff Black","0.00","RUB",2023-06-07 12:45:42,2024-03-24 11:17:17,
2023-06-07,,,,"Tinkoff Black","4.00","RUB","Инвесткопилка","4.00","RUB",2023-06-07 12:45:43,2023-06-07 15:32:06,
2023-06-07,,"PAO ""AEROFLOT""",,"Tinkoff Black","5346.00","RUB","Tinkoff Black","0.00","RUB",2023-06-07 12:51:26,2024-03-24 11:17:17,
2023-06-07,,,,"Tinkoff Black","4.00","RUB","Инвесткопилка","4.00","RUB",2023-06-07 12:51:27,2023-06-07 15:32:06,
2023-06-07,,"Юлия Ф.",,"Tinkoff Black","4000.00","RUB","Долги","4000.00","RUB",2023-06-07 14:24:59,2023-06-09 19:03:42,
2023-06-07,"Подарки","Валерий К.",,"Tinkoff Black","500.00","RUB","Tinkoff Black","0.00","RUB",2023-06-07 14:25:39,2023-06-07 15:32:06,
2023-06-07,"Продукты","SPAR N21",,"Tinkoff Black","316.21","RUB","Tinkoff Black","0.00","RUB",2023-06-07 15:12:41,2023-06-07 15:32:06,
2023-06-07,,,,"Tinkoff Black","33.79","RUB","Инвесткопилка","33.79","RUB",2023-06-07 15:12:42,2023-06-07 15:32:06,
2023-06-08,"Проезд","YandexGo",,"Tinkoff Black","149.00","RUB","Tinkoff Black","0.00","RUB",2023-06-08 04:42:43,2023-06-09 19:02:08,
2023-06-08,,,,"Tinkoff Black","1.00","RUB","Инвесткопилка","1.00","RUB",2023-06-08 04:42:44,2023-06-09 19:02:08,
2023-06-08,"Сигареты","SPAR 44",,"Tinkoff Black","388.80","RUB","Tinkoff Black","0.00","RUB",2023-06-08 06:11:35,2023-06-09 19:02:08,
2023-06-08,,,,"Tinkoff Black","11.20","RUB","Инвесткопилка","11.20","RUB",2023-06-08 06:11:36,2023-06-09 19:02:08,
2023-06-08,"Продукты","SPAR 44",,"Tinkoff Black","49.90","RUB","Tinkoff Black","0.00","RUB",2023-06-08 08:25:21,2023-06-09 19:02:08,
2023-06-08,,,,"Tinkoff Black","0.10","RUB","Инвесткопилка","0.10","RUB",2023-06-08 08:25:22,2023-06-09 19:02:08,
2023-06-08,"Обед","Letnee Kafe",,"Tinkoff Black","388.00","RUB","Tinkoff Black","0.00","RUB",2023-06-08 12:11:24,2023-06-09 19:02:08,
2023-06-08,,,,"Tinkoff Black","12.00","RUB","Инвесткопилка","12.00","RUB",2023-06-08 12:11:25,2023-06-09 19:02:08,
2023-06-08,"Обед","Letnee Kafe",,"Tinkoff Black","18.00","RUB","Tinkoff Black","0.00","RUB",2023-06-08 12:12:24,2023-06-09 19:02:08,
2023-06-08,,,,"Tinkoff Black","32.00","RUB","Инвесткопилка","32.00","RUB",2023-06-08 12:12:25,2023-06-09 19:02:08,
2023-06-08,"Сигареты","SPAR N21",,"Tinkoff Black","281.90","RUB","Tinkoff Black","0.00","RUB",2023-06-08 19:34:10,2023-06-09 19:02:08,
2023-06-08,,,,"Tinkoff Black","18.10","RUB","Инвесткопилка","18.10","RUB",2023-06-08 19:34:11,2023-06-09 19:02:08,
2023-06-09,,,,"Открытие","25500.00","RUB","Счет погашения ипотеки","25500.00","RUB",2023-06-08 21:00:00,2023-06-10 16:05:37,
2023-06-09,"Проезд","SITICARD. TRANS",,"Tinkoff Black","30.00","RUB","Tinkoff Black","0.00","RUB",2023-06-08 21:57:18,2023-06-09 19:02:08,
2023-06-09,,,,"Инвесткопилка","0.00","RUB","Инвесткопилка","20.00","RUB",2023-06-08 21:57:19,2023-06-09 19:02:08,
2023-06-09,"Проезд","SITICARD. TRANS",,"Tinkoff Black","30.00","RUB","Tinkoff Black","0.00","RUB",2023-06-08 21:57:20,2023-06-09 19:02:08,
2023-06-09,,,,"Инвесткопилка","0.00","RUB","Инвесткопилка","20.00","RUB",2023-06-08 21:57:21,2023-06-09 19:02:08,
2023-06-09,"Проезд","YandexGo",,"Tinkoff Black","129.00","RUB","Tinkoff Black","0.00","RUB",2023-06-09 04:55:57,2023-06-09 19:02:08,
2023-06-09,,,,"Tinkoff Black","21.00","RUB","Инвесткопилка","21.00","RUB",2023-06-09 04:55:58,2023-06-09 19:02:08,
2023-06-09,"Обед","Letnee Kafe",,"Tinkoff Black","60.00","RUB","Tinkoff Black","0.00","RUB",2023-06-09 05:56:01,2023-06-09 19:02:08,
2023-06-09,,,,"Tinkoff Black","40.00","RUB","Инвесткопилка","40.00","RUB",2023-06-09 05:56:02,2023-06-09 19:02:08,
2023-06-09,"Зарплата",,"Перечисление ден. средств по реестру","Открытие","0.00","RUB","Открытие","80680.62","RUB",2023-06-09 06:05:47,2023-06-09 19:02:08,
2023-06-09,,"Никитос ",,"Tinkoff Black","2000.00","RUB","Долги","2000.00","RUB",2023-06-09 08:00:40,2023-06-09 19:03:42,
2023-06-09,,"Евгений Д.",,"Tinkoff Black","2000.00","RUB","Долги","2000.00","RUB",2023-06-09 08:00:54,2023-06-09 19:03:42,
2023-06-09,"Обед","Letnee Kafe",,"Tinkoff Black","149.00","RUB","Tinkoff Black","0.00","RUB",2023-06-09 09:24:17,2023-06-09 19:03:42,
2023-06-09,,,,"Tinkoff Black","1.00","RUB","Инвесткопилка","1.00","RUB",2023-06-09 09:24:18,2023-06-09 19:03:42,
2023-06-09,"Продукты","SPAR N21",,"Tinkoff Black","457.70","RUB","Tinkoff Black","0.00","RUB",2023-06-09 11:30:54,2023-06-09 19:03:42,
2023-06-09,,,,"Tinkoff Black","42.30","RUB","Инвесткопилка","42.30","RUB",2023-06-09 11:30:55,2023-06-09 19:03:42,
2023-06-09,"Платежи. комиссии","TELE2",,"Tinkoff Black","150.00","RUB","Tinkoff Black","0.00","RUB",2023-06-09 18:48:04,2023-06-09 19:03:42,
2023-06-09,"Сигареты","PYATEROCHKA 3433",,"Tinkoff Black","273.99","RUB","Tinkoff Black","0.00","RUB",2023-06-09 18:52:39,2023-06-10 16:01:22,
2023-06-09,,,,"Tinkoff Black","26.01","RUB","Инвесткопилка","26.01","RUB",2023-06-09 18:52:40,2023-06-10 16:01:22,
2023-06-09,,,"Пополнение Инвесткопилки","Tinkoff Black","14000.00","RUB","Инвесткопилка","14000.00","RUB",2023-06-09 20:47:52,2023-06-10 16:05:37,
2023-06-10,,"Антоша",,"Долги","500.00","RUB","Tinkoff Black","500.00","RUB",2023-06-10 05:53:55,2023-06-10 16:05:37,
2023-06-10,"Продукты","SPAR N21",,"Tinkoff Black","317.90","RUB","Tinkoff Black","0.00","RUB",2023-06-10 09:21:40,2023-06-10 16:05:37,
2023-06-10,,,,"Tinkoff Black","32.10","RUB","Инвесткопилка","32.10","RUB",2023-06-10 09:21:41,2023-06-10 16:05:37,
2023-06-10,"Продукты","SPAR N21",,"Tinkoff Black","59.90","RUB","Tinkoff Black","0.00","RUB",2023-06-10 09:35:44,2023-06-10 16:05:37,
2023-06-10,,,,"Tinkoff Black","40.10","RUB","Инвесткопилка","40.10","RUB",2023-06-10 09:35:45,2023-06-10 16:05:37,
2023-06-10,"Тратата","Клиенту Тинькофф",,"Tinkoff Black","3680.00","RUB","Tinkoff Black","0.00","RUB",2023-06-10 10:56:53,2023-06-10 16:05:37,
2023-06-10,"Тратата","Евгений Д.",,"Tinkoff Black","0.00","RUB","Tinkoff Black","800.00","RUB",2023-06-10 11:36:57,2023-07-16 03:14:01,
2023-06-10,,,,"Открытие","28000.00","RUB","Tinkoff Black","28000.00","RUB",2023-06-10 11:41:38,2023-06-10 16:05:37,
2023-06-10,"Продукты","LENTA 294",,"Tinkoff Black","530.00","RUB","Tinkoff Black","0.00","RUB",2023-06-10 11:46:05,2023-07-16 04:17:10,
2023-06-10,,,,"Tinkoff Black","1.00","RUB","Инвесткопилка","1.00","RUB",2023-06-10 11:46:06,2023-06-10 16:05:37,
2023-06-10,"Сигареты","LENTA 294",,"Tinkoff Black","219.00","RUB","Tinkoff Black","0.00","RUB",2023-06-10 11:46:06,2023-07-16 04:17:10,
2023-06-10,,,,"Tinkoff Black","24000.00","RUB","Наличные","24000.00","RUB",2023-06-10 11:47:58,2023-06-10 16:05:37,
2023-06-10,"Платежи. комиссии","TELE2","Мама","Tinkoff Black","420.00","RUB","Tinkoff Black","0.00","RUB",2023-06-10 15:59:48,2023-07-16 04:17:10,
2023-06-10,"Продукты","SPAR N21",,"Tinkoff Black","512.63","RUB","Tinkoff Black","0.00","RUB",2023-06-10 18:14:30,2023-07-16 04:17:10,
2023-06-10,,,,"Tinkoff Black","18.37","RUB","Инвесткопилка","18.37","RUB",2023-06-10 18:14:31,2023-06-16 06:28:53,
2023-06-10,"Сигареты","SPAR N21",,"Tinkoff Black","219.00","RUB","Tinkoff Black","0.00","RUB",2023-06-10 18:14:31,2023-07-16 04:17:10,
2023-06-10,"Продукты","SPAR N21",,"Tinkoff Black","343.59","RUB","Tinkoff Black","0.00","RUB",2023-06-10 18:32:28,2023-06-16 06:28:53,
2023-06-10,,,,"Tinkoff Black","6.41","RUB","Инвесткопилка","6.41","RUB",2023-06-10 18:32:29,2023-06-16 06:28:53,
2023-06-11,,"YandexGo",,"Tinkoff Black","345.00","RUB","Tinkoff Black","0.00","RUB",2023-06-11 02:26:33,2024-03-24 11:17:17,
2023-06-11,,,,"Tinkoff Black","5.00","RUB","Инвесткопилка","5.00","RUB",2023-06-11 02:26:34,2023-06-16 06:28:53,
2023-06-11,,"Dolyame","Духи","Tinkoff Black","1265.00","RUB","Tinkoff Black","0.00","RUB",2023-06-11 02:52:45,2024-03-24 11:17:17,
2023-06-11,,,,"Tinkoff Black","35.00","RUB","Инвесткопилка","35.00","RUB",2023-06-11 02:52:46,2023-06-16 06:28:53,
2023-06-11,"Продукты","Надежда Ч.",,"Tinkoff Black","90.00","RUB","Tinkoff Black","0.00","RUB",2023-06-11 12:31:31,2023-06-12 00:18:23,
2023-06-11,"Кафе и рестораны","Венера П",,"Tinkoff Black","340.00","RUB","Tinkoff Black","0.00","RUB",2023-06-11 17:05:25,2023-06-12 00:18:23,
2023-06-11,"Проезд","YandexGo",,"Tinkoff Black","345.00","RUB","Tinkoff Black","0.00","RUB",2023-06-11 17:35:59,2023-06-16 06:28:53,
2023-06-11,,,,"Tinkoff Black","5.00","RUB","Инвесткопилка","5.00","RUB",2023-06-11 17:36:00,2023-06-16 06:29:52,
2023-06-11,"Продукты","Pyaterochka. obekt - G",,"Tinkoff Black","276.94","RUB","Tinkoff Black","0.00","RUB",2023-06-11 17:41:51,2023-06-12 00:18:23,
2023-06-11,"Сигареты","Pyaterochka. obekt - G",,"Tinkoff Black","440.00","RUB","Tinkoff Black","0.00","RUB",2023-06-11 17:41:52,2023-06-12 00:18:23,
2023-06-11,,,,"Tinkoff Black","33.06","RUB","Инвесткопилка","33.06","RUB",2023-06-11 17:41:52,2023-06-16 06:28:53,
2023-06-11,"Продукты","PYATEROCHKA 8505",,"Tinkoff Black","139.98","RUB","Tinkoff Black","0.00","RUB",2023-06-11 17:49:32,2023-06-12 00:18:23,
2023-06-11,,,,"Tinkoff Black","10.02","RUB","Инвесткопилка","10.02","RUB",2023-06-11 17:49:33,2023-06-16 06:29:52,
2023-06-12,"Проезд","YandexGo",,"Tinkoff Black","344.00","RUB","Tinkoff Black","0.00","RUB",2023-06-12 00:28:05,2023-06-16 21:07:59,
2023-06-12,,,,"Tinkoff Black","6.00","RUB","Инвесткопилка","6.00","RUB",2023-06-12 00:28:06,2023-06-16 21:07:59,
2023-06-12,"Кафе и рестораны","Kafe Mechta",,"Tinkoff Black","200.00","RUB","Tinkoff Black","0.00","RUB",2023-06-12 12:40:03,2023-06-16 21:07:59,
2023-06-12,"Продукты","MAGNIT MM ZHITOMLYA",,"Tinkoff Black","89.48","RUB","Tinkoff Black","0.00","RUB",2023-06-12 12:45:36,2023-06-16 21:07:59,
2023-06-12,,,,"Tinkoff Black","10.52","RUB","Инвесткопилка","10.52","RUB",2023-06-12 12:45:37,2023-06-16 21:07:59,
2023-06-13,"Проезд","YandexGo",,"Tinkoff Black","679.00","RUB","Tinkoff Black","0.00","RUB",2023-06-13 04:41:56,2023-06-16 21:07:59,
2023-06-13,,,,"Tinkoff Black","21.00","RUB","Инвесткопилка","21.00","RUB",2023-06-13 04:41:57,2023-06-16 21:07:59,
2023-06-13,"Продукты","MAGNIT GM Perm 1",,"Tinkoff Black","271.71","RUB","Tinkoff Black","0.00","RUB",2023-06-13 04:47:56,2023-06-16 21:07:59,
2023-06-13,,,,"Tinkoff Black","9.29","RUB","Инвесткопилка","9.29","RUB",2023-06-13 04:47:57,2023-06-16 21:07:59,
2023-06-13,"Сигареты","MAGNIT GM Perm 1",,"Tinkoff Black","219.00","RUB","Tinkoff Black","0.00","RUB",2023-06-13 04:47:57,2023-06-16 21:07:59,
2023-06-13,,,,"Инвесткопилка","5000.00","RUB","Tinkoff Black","5000.00","RUB",2023-06-13 08:24:55,2023-06-16 21:07:59,
2023-06-13,"Проезд","YandexGo",,"Tinkoff Black","404.00","RUB","Tinkoff Black","0.00","RUB",2023-06-13 08:29:34,2023-06-16 21:07:59,
2023-06-13,,,,"Tinkoff Black","46.00","RUB","Инвесткопилка","46.00","RUB",2023-06-13 08:29:35,2023-06-16 21:07:59,
2023-06-13,,"VORONACAR",,"Tinkoff Black","1720.00","RUB","Tinkoff Black","0.00","RUB",2023-06-13 08:37:30,2024-03-24 11:17:17,
2023-06-13,,,,"Tinkoff Black","30.00","RUB","Инвесткопилка","30.00","RUB",2023-06-13 08:37:31,2023-06-16 21:07:59,
2023-06-13,,"LUKOIL.AZS 59045 59U",,"Tinkoff Black","1000.00","RUB","Tinkoff Black","0.00","RUB",2023-06-13 08:52:31,2024-03-24 11:17:17,
2023-06-13,"Кафе и рестораны","LUKOIL.AZS 59045 59U",,"Tinkoff Black","175.00","RUB","Tinkoff Black","0.00","RUB",2023-06-13 08:53:16,2023-06-16 21:07:59,
2023-06-13,,,,"Tinkoff Black","25.00","RUB","Инвесткопилка","25.00","RUB",2023-06-13 08:53:17,2023-06-16 21:07:59,
2023-06-13,,"VORONACAR",,"Tinkoff Black","46.20","RUB","Tinkoff Black","0.00","RUB",2023-06-13 09:37:35,2024-03-24 11:17:17,
2023-06-13,,,,"Инвесткопилка","0.00","RUB","Инвесткопилка","3.80","RUB",2023-06-13 09:37:36,2023-06-16 21:07:59,
2023-06-13,,"VORONACAR",,"Tinkoff Black","384.80","RUB","Tinkoff Black","0.00","RUB",2023-06-13 09:37:37,2024-03-24 11:17:17,
2023-06-13,,,,"Инвесткопилка","0.00","RUB","Инвесткопилка","15.20","RUB",2023-06-13 09:37:38,2023-06-16 21:07:59,
2023-06-13,"Продукты","MAGNIT MM AEROHOKKEY",,"Tinkoff Black","61.99","RUB","Tinkoff Black","0.00","RUB",2023-06-13 10:32:01,2023-07-16 04:17:10,
2023-06-13,"Сигареты","MAGNIT MM AEROHOKKEY",,"Tinkoff Black","219.00","RUB","Tinkoff Black","0.00","RUB",2023-06-13 10:32:02,2023-07-16 04:17:10,
2023-06-13,,,,"Tinkoff Black","19.01","RUB","Инвесткопилка","19.01","RUB",2023-06-13 10:32:02,2023-06-16 21:07:59,
2023-06-13,,"VORONACAR",,"Tinkoff Black","374.40","RUB","Tinkoff Black","0.00","RUB",2023-06-13 10:37:34,2024-03-24 11:17:17,
2023-06-13,,,,"Tinkoff Black","25.60","RUB","Инвесткопилка","25.60","RUB",2023-06-13 10:37:35,2023-06-16 21:07:59,
2023-06-13,,,,"Инвесткопилка","5000.00","RUB","Tinkoff Black","5000.00","RUB",2023-06-13 11:04:40,2023-06-16 21:07:59,
2023-06-13,,"VORONACAR",,"Tinkoff Black","72.80","RUB","Tinkoff Black","0.00","RUB",2023-06-13 11:37:34,2024-03-24 11:17:17,
2023-06-13,,,,"Tinkoff Black","27.20","RUB","Инвесткопилка","27.20","RUB",2023-06-13 11:37:35,2023-06-16 21:07:59,
2023-06-13,,"AVTOMOYKA",,"Tinkoff Black","250.00","RUB","Tinkoff Black","0.00","RUB",2023-06-13 11:51:46,2024-03-24 11:17:17,
2023-06-13,,"VORONACAR",,"Tinkoff Black","72.80","RUB","Tinkoff Black","0.00","RUB",2023-06-13 12:37:33,2024-03-24 11:17:17,
2023-06-13,,,,"Tinkoff Black","27.20","RUB","Инвесткопилка","27.20","RUB",2023-06-13 12:37:34,2023-06-16 21:07:59,
2023-06-13,,"VORONACAR",,"Tinkoff Black","31.20","RUB","Tinkoff Black","0.00","RUB",2023-06-13 13:37:35,2024-03-24 11:17:17,
2023-06-13,,,,"Tinkoff Black","18.80","RUB","Инвесткопилка","18.80","RUB",2023-06-13 13:37:36,2023-06-16 21:07:59,
2023-06-13,,"VORONACAR",,"Tinkoff Black","478.40","RUB","Tinkoff Black","0.00","RUB",2023-06-13 14:37:34,2024-03-24 11:17:17,
2023-06-13,,,,"Tinkoff Black","21.60","RUB","Инвесткопилка","21.60","RUB",2023-06-13 14:37:35,2023-06-16 21:07:59,
2023-06-13,,"VORONACAR",,"Tinkoff Black","561.60","RUB","Tinkoff Black","0.00","RUB",2023-06-13 15:37:33,2024-03-24 11:17:17,
2023-06-13,,,,"Tinkoff Black","38.40","RUB","Инвесткопилка","38.40","RUB",2023-06-13 15:37:34,2023-06-16 21:07:59,
2023-06-13,"Кафе и рестораны","Shaurma Food",,"Tinkoff Black","260.00","RUB","Tinkoff Black","0.00","RUB",2023-06-13 16:15:55,2023-06-16 21:07:59,
2023-06-13,,,,"Tinkoff Black","40.00","RUB","Инвесткопилка","40.00","RUB",2023-06-13 16:15:56,2023-06-16 21:07:59,
2023-06-13,,"VORONACAR",,"Tinkoff Black","166.40","RUB","Tinkoff Black","0.00","RUB",2023-06-13 16:37:34,2024-03-24 11:17:17,
2023-06-13,,,,"Tinkoff Black","33.60","RUB","Инвесткопилка","33.60","RUB",2023-06-13 16:37:35,2023-06-16 21:07:59,
2023-06-13,,"VORONACAR",,"Tinkoff Black","31.20","RUB","Tinkoff Black","0.00","RUB",2023-06-13 17:03:58,2024-03-24 11:17:17,
2023-06-13,,,,"Tinkoff Black","18.80","RUB","Инвесткопилка","18.80","RUB",2023-06-13 17:03:59,2023-06-16 21:07:59,
2023-06-13,,"VORONACAR",,"Tinkoff Black","500.00","RUB","Tinkoff Black","0.00","RUB",2023-06-13 17:04:57,2024-03-24 11:17:17,
2023-06-13,,,,"Открытие","500.00","RUB","Tinkoff Black","500.00","RUB",2023-06-13 17:06:11,2023-06-16 21:07:59,
2023-06-13,"Кафе и рестораны","Khutorok",,"Tinkoff Black","2045.00","RUB","Tinkoff Black","0.00","RUB",2023-06-13 18:35:29,2023-06-16 21:07:59,
2023-06-13,,,,"Tinkoff Black","5.00","RUB","Инвесткопилка","5.00","RUB",2023-06-13 18:35:30,2023-06-16 21:07:59,
2023-06-13,,"Максим Б",,"Открытие","0.00","RUB","Открытие","900.00","RUB",2023-06-13 18:45:20,2023-06-16 21:07:59,
2023-06-14,"Проезд","YandexGo",,"Tinkoff Black","1335.00","RUB","Tinkoff Black","0.00","RUB",2023-06-13 19:52:27,2023-06-16 21:07:59,
2023-06-14,,,,"Tinkoff Black","15.00","RUB","Инвесткопилка","15.00","RUB",2023-06-13 19:52:28,2023-06-16 21:07:59,
2023-06-14,"Проезд","YandexGo",,"Tinkoff Black","633.00","RUB","Tinkoff Black","0.00","RUB",2023-06-14 03:32:36,2023-06-16 21:07:59,
2023-06-14,,,,"Tinkoff Black","17.00","RUB","Инвесткопилка","17.00","RUB",2023-06-14 03:32:37,2023-06-16 21:07:59,
2023-06-14,"Кафе и рестораны","Stolovaya N1",,"Tinkoff Black","333.00","RUB","Tinkoff Black","0.00","RUB",2023-06-14 07:58:02,2023-06-16 21:07:59,
2023-06-14,,,,"Tinkoff Black","17.00","RUB","Инвесткопилка","17.00","RUB",2023-06-14 07:58:03,2023-06-16 21:07:59,
2023-06-14,"Продукты","MAGNIT GM Perm 1",,"Tinkoff Black","306.72","RUB","Tinkoff Black","0.00","RUB",2023-06-14 10:54:20,2023-06-16 21:07:59,
2023-06-14,"Сигареты","MAGNIT GM Perm 1",,"Tinkoff Black","219.00","RUB","Tinkoff Black","0.00","RUB",2023-06-14 10:54:21,2023-06-16 21:07:59,
2023-06-14,,,,"Tinkoff Black","24.28","RUB","Инвесткопилка","24.28","RUB",2023-06-14 10:54:21,2023-06-16 21:07:59,
2023-06-14,,,,"Инвесткопилка","3500.00","RUB","Tinkoff Black","3500.00","RUB",2023-06-14 14:52:18,2023-06-16 21:07:59,
2023-06-14,"Проезд","YandexGo",,"Tinkoff Black","520.00","RUB","Tinkoff Black","0.00","RUB",2023-06-14 15:07:07,2023-06-16 21:07:59,
2023-06-14,,,,"Tinkoff Black","30.00","RUB","Инвесткопилка","30.00","RUB",2023-06-14 15:07:08,2023-06-16 21:07:59,
2023-06-14,,"VORONACAR",,"Tinkoff Black","79.86","RUB","Tinkoff Black","0.00","RUB",2023-06-14 17:10:44,2024-03-24 11:17:17,
2023-06-14,,,,"Tinkoff Black","20.14","RUB","Инвесткопилка","20.14","RUB",2023-06-14 17:10:45,2023-06-16 21:07:59,
2023-06-14,,"VORONACAR",,"Tinkoff Black","176.80","RUB","Tinkoff Black","0.00","RUB",2023-06-14 18:10:42,2024-03-24 11:17:17,
2023-06-14,,,,"Tinkoff Black","23.20","RUB","Инвесткопилка","23.20","RUB",2023-06-14 18:10:43,2023-06-16 21:07:59,
2023-06-14,,"VORONACAR",,"Tinkoff Black","239.80","RUB","Tinkoff Black","0.00","RUB",2023-06-14 18:32:07,2024-03-24 11:17:17,
2023-06-14,,,,"Инвесткопилка","0.00","RUB","Инвесткопилка","10.20","RUB",2023-06-14 18:32:08,2023-06-16 21:07:59,
2023-06-14,,"VORONACAR",,"Tinkoff Black","10.29","RUB","Tinkoff Black","0.00","RUB",2023-06-14 18:32:09,2024-03-24 11:17:17,
2023-06-14,,,,"Инвесткопилка","0.00","RUB","Инвесткопилка","39.71","RUB",2023-06-14 18:32:10,2023-06-16 21:07:59,
2023-06-14,,"YandexGo",,"Tinkoff Black","422.00","RUB","Tinkoff Black","0.00","RUB",2023-06-14 18:54:03,2024-03-24 11:17:17,
2023-06-14,,,,"Tinkoff Black","28.00","RUB","Инвесткопилка","28.00","RUB",2023-06-14 18:54:04,2023-06-16 21:07:59,
2023-06-15,"Продукты","MAGNIT GM Perm 1",,"Tinkoff Black","109.34","RUB","Tinkoff Black","0.00","RUB",2023-06-14 19:05:14,2023-07-16 03:35:57,
2023-06-15,"Сигареты","MAGNIT GM Perm 1",,"Tinkoff Black","219.00","RUB","Tinkoff Black","0.00","RUB",2023-06-14 19:05:15,2023-07-16 03:35:57,
2023-06-15,,,,"Tinkoff Black","21.66","RUB","Инвесткопилка","21.66","RUB",2023-06-14 19:05:15,2023-06-16 21:07:59,
2023-06-15,,"YandexGo",,"Tinkoff Black","713.00","RUB","Tinkoff Black","0.00","RUB",2023-06-15 04:06:19,2024-03-24 11:17:17,
2023-06-15,,,,"Tinkoff Black","37.00","RUB","Инвесткопилка","37.00","RUB",2023-06-15 04:06:20,2023-06-16 21:07:59,
2023-06-15,"Кафе и рестораны","Kubba-Food",,"Tinkoff Black","415.00","RUB","Tinkoff Black","0.00","RUB",2023-06-15 11:24:07,2023-06-16 21:07:59,
2023-06-15,,,,"Tinkoff Black","35.00","RUB","Инвесткопилка","35.00","RUB",2023-06-15 11:24:08,2023-06-16 21:07:59,
2023-06-15,"Продукты","MONETKA",,"Tinkoff Black","119.98","RUB","Tinkoff Black","0.00","RUB",2023-06-15 11:27:16,2023-06-16 21:07:59,
2023-06-15,,,,"Tinkoff Black","30.02","RUB","Инвесткопилка","30.02","RUB",2023-06-15 11:27:17,2023-06-16 21:07:59,
2023-06-15,"Кафе и рестораны","Mojyo Kofe",,"Tinkoff Black","100.00","RUB","Tinkoff Black","0.00","RUB",2023-06-15 11:28:22,2023-06-16 21:07:59,
2023-06-15,"Сигареты","MONETKA",,"Tinkoff Black","219.00","RUB","Tinkoff Black","0.00","RUB",2023-06-15 11:31:22,2023-06-16 21:07:59,
2023-06-15,,,,"Tinkoff Black","31.00","RUB","Инвесткопилка","31.00","RUB",2023-06-15 11:31:23,2023-06-16 21:07:59,
2023-06-15,"Тратата","Евгений Д.",,"Tinkoff Black","0.00","RUB","Tinkoff Black","200.00","RUB",2023-06-15 11:32:35,2023-07-16 03:14:01,
2023-06-15,,,,"Открытие","5000.00","RUB","Tinkoff Black","5000.00","RUB",2023-06-15 13:33:22,2023-06-16 21:07:59,
2023-06-15,"Тратата","Клиенту Тинькофф",,"Tinkoff Black","2714.00","RUB","Tinkoff Black","0.00","RUB",2023-06-15 13:44:45,2023-06-16 21:07:59,
2023-06-15,"Тратата","Ксения Г.",,"Tinkoff Black","0.00","RUB","Tinkoff Black","2000.00","RUB",2023-06-15 14:10:35,2023-07-16 03:14:01,
2023-06-15,"Тратата","Дмитрий М",,"Tinkoff Black","0.00","RUB","Tinkoff Black","2400.00","RUB",2023-06-15 14:14:36,2023-07-16 03:14:01,
2023-06-15,,,,"Tinkoff Black","2400.00","RUB","Сбербанк","2400.00","RUB",2023-06-15 14:17:25,2023-06-16 21:07:59,
2023-06-15,"Тратата","Илья Сергеевич М",,"Сбербанк","2365.00","RUB","Сбербанк","0.00","RUB",2023-06-15 14:18:08,2023-07-16 01:51:44,
2023-06-15,"Автомобиль","Евгений Д.","Доставка колес","Открытие","2377.00","RUB","Открытие","0.00","RUB",2023-06-15 17:11:16,2023-06-16 21:07:59,
2023-06-15,"Продукты","MAGNIT GM Perm 1",,"Tinkoff Black","371.92","RUB","Tinkoff Black","0.00","RUB",2023-06-15 17:49:45,2023-07-16 03:35:57,
2023-06-15,,,,"Tinkoff Black","9.08","RUB","Инвесткопилка","9.08","RUB",2023-06-15 17:49:46,2023-06-16 21:07:59,
2023-06-15,"Сигареты","MAGNIT GM Perm 1",,"Tinkoff Black","219.00","RUB","Tinkoff Black","0.00","RUB",2023-06-15 17:49:46,2023-07-16 03:35:57,
2023-06-16,"Корректировка","Геворг Каренович Н","Бро отдал за рубашку","Сбербанк","0.00","RUB","Сбербанк","1000.00","RUB",2023-06-16 01:53:19,2023-07-16 03:14:01,
2023-06-16,"Проезд","YandexGo",,"Tinkoff Black","688.00","RUB","Tinkoff Black","0.00","RUB",2023-06-16 06:50:22,2023-06-16 21:09:39,
2023-06-16,,,,"Tinkoff Black","12.00","RUB","Инвесткопилка","12.00","RUB",2023-06-16 06:50:23,2023-06-16 21:09:39,
2023-06-16,"Продукты","EVO_PRODUKTY",,"Tinkoff Black","104.00","RUB","Tinkoff Black","0.00","RUB",2023-06-16 08:37:58,2023-06-16 21:09:39,
2023-06-16,,,,"Tinkoff Black","46.00","RUB","Инвесткопилка","46.00","RUB",2023-06-16 08:37:59,2023-06-16 21:09:39,
2023-06-16,,"YandexGo",,"Tinkoff Black","534.00","RUB","Tinkoff Black","0.00","RUB",2023-06-16 09:07:19,2024-03-24 11:17:17,
2023-06-16,,,,"Tinkoff Black","16.00","RUB","Инвесткопилка","16.00","RUB",2023-06-16 09:07:20,2023-06-16 21:09:39,
2023-06-16,"Продукты","MAGNIT MM PENOVSKIY",,"Tinkoff Black","49.99","RUB","Tinkoff Black","0.00","RUB",2023-06-16 09:42:11,2023-06-16 21:09:39,
2023-06-16,,,,"Tinkoff Black","0.01","RUB","Инвесткопилка","0.01","RUB",2023-06-16 09:42:12,2023-06-16 21:09:39,
2023-06-16,"Кафе и рестораны","KFC SHEREMETEVO B",,"Tinkoff Black","139.00","RUB","Tinkoff Black","0.00","RUB",2023-06-16 13:29:56,2023-06-16 21:09:39,
2023-06-16,,,,"Tinkoff Black","11.00","RUB","Инвесткопилка","11.00","RUB",2023-06-16 13:29:57,2023-06-16 21:09:39,
2023-06-16,"Кафе и рестораны","KROSHKA-KARTOSHKA",,"Tinkoff Black","816.00","RUB","Tinkoff Black","0.00","RUB",2023-06-16 14:14:33,2023-06-16 21:09:39,
2023-06-16,,,,"Tinkoff Black","34.00","RUB","Инвесткопилка","34.00","RUB",2023-06-16 14:14:34,2023-06-16 21:09:39,
2023-06-16,,"YandexGo",,"Tinkoff Black","597.00","RUB","Tinkoff Black","0.00","RUB",2023-06-16 17:00:27,2024-03-24 11:17:17,
2023-06-16,,,,"Tinkoff Black","3.00","RUB","Инвесткопилка","3.00","RUB",2023-06-16 17:00:29,2023-06-24 10:50:25,
2023-06-16,"Продукты",,,"Наличные","600.00","RUB","Наличные","0.00","RUB",2023-06-16 22:18:26,2023-06-24 10:49:15,
2023-06-17,"Подарки","ООО НКО ""МОБИ.ДЕНЬГИ""","Юле","Сбербанк","429.00","RUB","Сбербанк","0.00","RUB",2023-06-17 10:07:03,2023-07-16 03:27:36,
2023-06-17,"Продукты","SPAR N21",,"Tinkoff Black","198.00","RUB","Tinkoff Black","0.00","RUB",2023-06-17 16:32:16,2023-06-24 10:50:25,
2023-06-17,,,,"Tinkoff Black","2.00","RUB","Инвесткопилка","2.00","RUB",2023-06-17 16:32:17,2023-06-24 10:50:25,
2023-06-18,,"YandexGo",,"Tinkoff Black","437.00","RUB","Tinkoff Black","0.00","RUB",2023-06-18 06:06:14,2024-03-24 11:17:17,
2023-06-18,,,,"Tinkoff Black","13.00","RUB","Инвесткопилка","13.00","RUB",2023-06-18 06:06:15,2023-06-24 10:50:25,
2023-06-18,,,,"Счет погашения ипотеки","5000.00","RUB","Открытие","5000.00","RUB",2023-06-18 11:41:58,2023-06-24 10:50:25,
2023-06-18,,"POGOSTI.RU",,"Открытие","22700.00","RUB","Открытие","0.00","RUB",2023-06-18 11:42:08,2024-03-24 11:17:17,
2023-06-18,"Кафе и рестораны","QSR 27774",,"Открытие","405.00","RUB","Открытие","0.00","RUB",2023-06-18 12:02:47,2023-06-24 10:50:25,
2023-06-18,"Сигареты","TABAK IP MISKARYAN",,"Открытие","229.00","RUB","Открытие","0.00","RUB",2023-06-18 12:30:07,2023-06-24 10:50:25,
2023-06-18,"Продукты","SPAR 354",,"Открытие","403.80","RUB","Открытие","0.00","RUB",2023-06-18 19:43:52,2023-06-24 10:50:25,
2023-06-18,,,"Аэроэкспресс ","Наличные","250.00","RUB","Наличные","0.00","RUB",2023-07-16 03:29:11,2024-03-24 11:17:17,
2023-06-19,"Кафе и рестораны","LANCH KAFE",,"Открытие","80.00","RUB","Открытие","0.00","RUB",2023-06-19 05:26:57,2023-06-24 10:50:25,
2023-06-19,"Проезд","Метро Москвы",,"Сбербанк","150.00","RUB","Сбербанк","0.00","RUB",2023-06-19 09:23:12,2023-06-24 10:50:25,
2023-06-19,"Кафе и рестораны","KFC",,"Открытие","129.00","RUB","Открытие","0.00","RUB",2023-06-19 10:06:22,2023-06-24 10:50:25,
2023-06-19,"Продукты","SPAR 352",,"Открытие","438.70","RUB","Открытие","0.00","RUB",2023-06-19 12:55:05,2023-07-16 03:25:07,
2023-06-19,"Сигареты","SPAR 352",,"Открытие","219.00","RUB","Открытие","0.00","RUB",2023-06-19 12:55:06,2023-07-16 03:25:07,
2023-06-19,"Кафе и рестораны","Антон З.",,"Tinkoff Black","570.00","RUB","Tinkoff Black","0.00","RUB",2023-06-19 18:45:15,2023-07-16 03:25:07,
2023-06-20,"Проезд","Метро Москвы",,"Сбербанк","200.00","RUB","Сбербанк","0.00","RUB",2023-06-20 09:54:47,2023-06-24 10:50:25,
2023-06-20,"Тратата","Евгений Д.",,"Открытие","0.00","RUB","Открытие","1000.00","RUB",2023-06-20 10:20:31,2023-07-16 20:11:19,
2023-06-20,"Кафе и рестораны","Burger King",,"Открытие","429.97","RUB","Открытие","0.00","RUB",2023-06-20 10:23:13,2023-06-24 10:50:25,
2023-06-20,"Продукты","Пятерочка",,"Открытие","89.98","RUB","Открытие","0.00","RUB",2023-06-20 15:51:00,2023-07-16 03:25:07,
2023-06-20,"Сигареты","Пятерочка",,"Открытие","219.00","RUB","Открытие","0.00","RUB",2023-06-20 15:51:01,2023-07-16 03:25:07,
2023-06-20,"Кафе и рестораны","SKALKA",,"Открытие","90.00","RUB","Открытие","0.00","RUB",2023-06-20 17:39:37,2023-06-24 10:50:25,
2023-06-20,"Кафе и рестораны","Евгений Д.",,"Открытие","200.00","RUB","Открытие","0.00","RUB",2023-06-20 17:41:42,2023-07-16 03:25:07,
2023-06-20,"Продукты","PRODYKTU",,"Открытие","67.00","RUB","Открытие","0.00","RUB",2023-06-20 17:41:48,2023-06-28 09:46:35,
2023-06-20,"Продукты","KRASNOE BELOE",,"Открытие","140.97","RUB","Открытие","0.00","RUB",2023-06-20 18:29:35,2023-06-24 10:50:25,
2023-06-21,,,,"Счет погашения ипотеки","1000.00","RUB","Открытие","1000.00","RUB",2023-06-21 10:46:50,2023-06-24 10:50:25,
2023-06-21,"Кафе и рестораны","QSR 27774",,"Открытие","405.00","RUB","Открытие","0.00","RUB",2023-06-21 10:48:54,2023-07-02 19:50:44,
2023-06-21,"Продукты","Пятерочка",,"Открытие","35.99","RUB","Открытие","0.00","RUB",2023-06-21 11:39:24,2023-07-02 19:50:44,
2023-06-21,"Проезд","Метро Москвы",,"Сбербанк","200.00","RUB","Сбербанк","0.00","RUB",2023-06-21 17:48:24,2023-06-24 10:50:25,
2023-06-21,"Сигареты","Магнит",,"Открытие","229.00","RUB","Открытие","0.00","RUB",2023-06-21 18:08:01,2023-07-02 19:50:44,
2023-06-21,"Продукты","SPAR 354",,"Открытие","149.70","RUB","Открытие","0.00","RUB",2023-06-21 19:44:45,2023-07-02 19:50:44,
2023-06-22,,"KASSA","Аэроэкспресс","Открытие","250.00","RUB","Открытие","0.00","RUB",2023-06-22 07:51:24,2024-03-24 11:17:17,
2023-06-22,,,,"Инвесткопилка","2000.00","RUB","Tinkoff Black","2000.00","RUB",2023-06-22 10:40:51,2023-07-04 05:35:00,
2023-06-22,,"YandexGo",,"Tinkoff Black","734.00","RUB","Tinkoff Black","0.00","RUB",2023-06-22 10:52:18,2024-03-24 11:17:17,
2023-06-22,,,,"Tinkoff Black","16.00","RUB","Инвесткопилка","16.00","RUB",2023-06-22 10:52:19,2023-06-24 10:50:25,
2023-06-22,,,,"Счет погашения ипотеки","1000.00","RUB","Открытие","1000.00","RUB",2023-06-22 12:50:46,2023-06-24 10:50:25,
2023-06-22,"Продукты","SPAR",,"Открытие","304.70","RUB","Открытие","0.00","RUB",2023-06-22 12:52:16,2023-06-28 09:46:35,
2023-06-22,"Сигареты","IP VERSHININ",,"Открытие","229.00","RUB","Открытие","0.00","RUB",2023-06-22 17:28:32,2023-07-02 19:50:44,
2023-06-22,"Продукты","SPAR",,"Открытие","188.80","RUB","Открытие","0.00","RUB",2023-06-22 18:02:08,2023-06-28 09:46:35,
2023-06-22,,,,"Счет погашения ипотеки","2000.00","RUB","Открытие","2000.00","RUB",2023-06-22 18:22:27,2023-06-24 10:50:25,
2023-06-22,"Подарки","SP_NEZHNAYA_ROZA",,"Открытие","150.00","RUB","Открытие","0.00","RUB",2023-06-22 18:30:04,2023-07-16 01:51:44,
2023-06-22,"Кафе и рестораны","IP ISMAGILOV I. R.",,"Открытие","1165.37","RUB","Открытие","0.00","RUB",2023-06-22 20:12:28,2023-07-02 19:50:44,
2023-06-22,"Кафе и рестораны","IP ISMAGILOV I. R.",,"Открытие","148.73","RUB","Открытие","0.00","RUB",2023-06-22 20:15:41,2023-07-02 19:50:44,
2023-06-22,"Продукты","SPAR N21",,"Открытие","255.83","RUB","Открытие","0.00","RUB",2023-06-22 20:28:50,2023-07-02 19:50:44,
2023-06-23,"Зарплата",,"Перечисление ден. средств по реестру","Открытие","0.00","RUB","Открытие","38730.96","RUB",2023-06-23 07:41:19,2023-06-24 10:50:25,
2023-06-23,"Подарки","Наталья Б","Отправил колонки через сдек","Tinkoff Black","1233.00","RUB","Tinkoff Black","0.00","RUB",2023-06-23 08:05:19,2023-07-16 01:51:44,
2023-06-23,"Продукты","SPAR",,"Открытие","109.80","RUB","Открытие","0.00","RUB",2023-06-23 08:10:26,2023-06-28 09:46:35,
2023-06-23,"Кафе и рестораны","IP ISMAGILOV I. R.",,"Открытие","2963.80","RUB","Открытие","0.00","RUB",2023-06-23 11:02:41,2023-07-02 19:50:44,
2023-06-23,"Сигареты","Пятерочка",,"Открытие","219.00","RUB","Открытие","0.00","RUB",2023-06-23 15:22:42,2023-07-16 03:19:18,
2023-06-23,"Кафе и рестораны","TRDLO",,"Открытие","150.00","RUB","Открытие","0.00","RUB",2023-06-23 17:28:27,2023-07-02 19:50:44,
2023-06-23,"Автомобиль","Лукойл","Бензин","Открытие","1000.00","RUB","Открытие","0.00","RUB",2023-06-23 18:40:05,2023-07-16 03:19:18,
2023-06-23,"Дом / Съем жилья ",,,"Наличные","23000.00","RUB","Наличные","0.00","RUB",2023-06-28 09:41:47,2023-06-28 09:41:53,
2023-06-24,"Продукты","SPAR N21",,"Открытие","208.80","RUB","Открытие","0.00","RUB",2023-06-24 05:16:01,2023-07-02 19:50:44,
2023-06-24,"Продукты","PYATEROCHKA 11235",,"Открытие","93.99","RUB","Открытие","0.00","RUB",2023-06-24 07:30:34,2023-07-02 19:50:44,
2023-06-24,,,,"Открытие","13000.00","RUB","Tinkoff Black","13000.00","RUB",2023-06-24 09:09:39,2023-06-24 10:50:25,
2023-06-24,"Продукты","SPAR N21",,"Открытие","307.80","RUB","Открытие","0.00","RUB",2023-06-24 10:43:57,2023-07-02 19:50:44,
2023-06-24,"Продукты","Магнит",,"Открытие","51.99","RUB","Открытие","0.00","RUB",2023-06-24 11:28:03,2023-07-16 03:19:18,
2023-06-24,,,,"Tinkoff Black","2000.00","RUB","Сбербанк","2000.00","RUB",2023-06-24 12:33:14,2023-07-02 19:50:44,
2023-06-24,,,,"Tinkoff Black","500.00","RUB","Сбербанк","500.00","RUB",2023-06-24 12:33:26,2023-07-02 19:50:44,
2023-06-24,"Тратата","Богдан Александрович Т.",,"Сбербанк","2406.00","RUB","Сбербанк","0.00","RUB",2023-06-24 12:34:34,2023-06-28 09:46:35,
2023-06-24,"Кэшбэк",,"Выплата по акции","Tinkoff Black","0.00","RUB","Tinkoff Black","1000.00","RUB",2023-06-24 13:08:35,2023-07-16 03:14:01,
2023-06-24,"Кафе и рестораны","TAKO",,"Открытие","1120.00","RUB","Открытие","0.00","RUB",2023-06-24 15:12:58,2023-07-02 19:50:44,
2023-06-24,"Продукты","ООО НКО ""МОБИ.ДЕНЬГИ""",,"Сбербанк","106.00","RUB","Сбербанк","0.00","RUB",2023-06-24 15:15:39,2023-07-02 19:50:44,
2023-06-24,"Продукты","SPAR N21",,"Открытие","776.38","RUB","Открытие","0.00","RUB",2023-06-24 18:31:43,2023-07-02 19:50:44,
2023-06-25,"Платежи. комиссии","Yandex.Plus",,"Tinkoff Black","299.00","RUB","Tinkoff Black","0.00","RUB",2023-06-25 05:29:06,2023-07-02 19:50:44,
2023-06-25,,,,"Tinkoff Black","1.00","RUB","Инвесткопилка","1.00","RUB",2023-06-25 05:29:07,2023-07-02 19:50:44,
2023-06-25,,,,"Открытие","1000.00","RUB","Tinkoff Black","1000.00","RUB",2023-06-25 07:49:50,2023-07-02 19:50:44,
2023-06-25,"Кафе и рестораны","IP VALOVA A.N. 4",,"Открытие","120.00","RUB","Открытие","0.00","RUB",2023-06-25 08:20:09,2023-07-02 19:50:44,
2023-06-25,"Кафе и рестораны","GORKY COFFEE",,"Открытие","220.00","RUB","Открытие","0.00","RUB",2023-06-25 14:22:27,2023-07-02 19:50:44,
2023-06-25,"Платежи. комиссии","Дирекция по тепловодоснабжению РЖД ИНН 7708503727 за услуги Дирекции по тепловодоснабжению Красноярской железной дороги-филиала ОАО РЖД",,"Открытие","100.00","RUB","Открытие","0.00","RUB",2023-06-25 15:06:33,2023-07-02 19:50:44,
2023-06-25,"Продукты","SPAR",,"Открытие","257.90","RUB","Открытие","0.00","RUB",2023-06-25 16:09:59,2023-07-02 17:16:57,
2023-06-25,"Продукты","PARMARKET",,"Открытие","235.00","RUB","Открытие","0.00","RUB",2023-06-25 16:31:30,2023-07-02 19:50:44,
2023-06-25,"Автомобиль","Лукойл","Бензин","Открытие","999.00","RUB","Открытие","0.00","RUB",2023-06-25 16:43:35,2023-07-16 03:19:18,
2023-06-25,"Продукты","SPAR",,"Открытие","89.90","RUB","Открытие","0.00","RUB",2023-06-25 17:15:50,2023-07-02 17:16:57,
2023-06-26,"Проезд","YandexGo",,"Tinkoff Black","229.00","RUB","Tinkoff Black","0.00","RUB",2023-06-26 04:53:51,2023-07-02 19:50:44,
2023-06-26,,,,"Tinkoff Black","21.00","RUB","Инвесткопилка","21.00","RUB",2023-06-26 04:53:52,2023-07-02 19:50:44,
2023-06-26,"Кафе и рестораны","IP KOSENKO S.A.",,"Открытие","40.00","RUB","Открытие","0.00","RUB",2023-06-26 05:31:52,2023-07-02 19:50:44,
2023-06-26,"Кафе и рестораны","IP KOSENKO S.A.",,"Открытие","40.00","RUB","Открытие","0.00","RUB",2023-06-26 08:04:59,2023-07-02 19:50:44,
2023-06-26,"Кафе и рестораны","IP KOSENKO S.A.",,"Открытие","55.00","RUB","Открытие","0.00","RUB",2023-06-26 08:05:22,2023-07-02 19:50:44,
2023-06-26,,,,"Открытие","3000.00","RUB","Tinkoff Black","3000.00","RUB",2023-06-26 08:59:14,2023-07-02 19:50:44,
2023-06-26,"Кафе и рестораны","Burger King",,"Открытие","399.97","RUB","Открытие","0.00","RUB",2023-06-26 10:02:56,2023-07-02 19:50:44,
2023-06-26,"Кафе и рестораны","IP KOSENKO S.A.",,"Открытие","40.00","RUB","Открытие","0.00","RUB",2023-06-26 13:42:54,2023-07-02 19:50:44,
2023-06-26,"Кафе и рестораны","IP KOSENKO S.A.",,"Открытие","25.00","RUB","Открытие","0.00","RUB",2023-06-26 13:43:16,2023-07-02 19:50:44,
2023-06-26,,,,"Tinkoff Black","612.00","RUB","Сбербанк","612.00","RUB",2023-06-26 15:04:13,2023-07-02 19:50:44,
2023-06-26,"Тратата","Иван Сергеевич Л.",,"Сбербанк","602.00","RUB","Сбербанк","0.00","RUB",2023-06-26 15:05:07,2023-06-28 09:46:35,
2023-06-26,"Тратата","Евгений Д.",,"Tinkoff Black","0.00","RUB","Tinkoff Black","2400.00","RUB",2023-06-26 15:07:27,2023-07-16 03:14:01,
2023-06-26,,,,"Tinkoff Black","610.00","RUB","Сбербанк","610.00","RUB",2023-06-26 15:27:21,2023-07-02 19:50:44,
2023-06-26,"Тратата","Максим Владимирович У",,"Сбербанк","600.00","RUB","Сбербанк","0.00","RUB",2023-06-26 15:34:58,2023-06-28 09:44:36,
2023-06-26,"Кафе и рестораны","""SOYUZ BAR""",,"Открытие","902.46","RUB","Открытие","0.00","RUB",2023-06-26 17:01:25,2023-07-02 19:50:44,
2023-06-26,"Продукты","SPAR",,"Открытие","417.31","RUB","Открытие","0.00","RUB",2023-06-26 19:11:15,2023-07-02 17:16:57,
2023-06-27,,,"Регулярный платеж","Tinkoff Black","12000.00","RUB","Tinkoff Black","0.00","RUB",2023-06-27 01:08:38,2024-03-24 09:49:08,
2023-06-27,,"Dolyame","Духи","Tinkoff Black","1265.00","RUB","Tinkoff Black","0.00","RUB",2023-06-27 03:58:45,2024-03-24 11:17:17,
2023-06-27,,,,"Tinkoff Black","35.00","RUB","Инвесткопилка","35.00","RUB",2023-06-27 03:58:46,2023-07-02 19:50:44,
2023-06-27,"Кафе и рестораны","IP KOSENKO S.A.",,"Открытие","40.00","RUB","Открытие","0.00","RUB",2023-06-27 05:24:49,2023-07-02 19:50:44,
2023-06-27,"Продукты","SPAR",,"Открытие","179.80","RUB","Открытие","0.00","RUB",2023-06-27 07:00:20,2023-07-02 17:16:57,
2023-06-27,"Продукты","SPAR",,"Открытие","290.80","RUB","Открытие","0.00","RUB",2023-06-27 08:25:36,2023-07-02 17:16:57,
2023-06-27,"Кафе и рестораны","Счастье",,"Открытие","250.00","RUB","Открытие","0.00","RUB",2023-06-27 10:24:29,2023-07-02 19:50:44,
2023-06-27,,,,"Tinkoff Black","2008.00","RUB","Сбербанк","2008.00","RUB",2023-06-27 13:41:36,2023-07-02 19:50:44,
2023-06-27,"Тратата","Ильнур Ильясович Б",,"Сбербанк","1906.00","RUB","Сбербанк","0.00","RUB",2023-06-27 13:42:38,2023-06-28 09:44:36,
2023-06-27,"Кафе и рестораны","RODIONOVA",,"Открытие","405.00","RUB","Открытие","0.00","RUB",2023-06-27 15:11:37,2023-07-02 19:50:44,
2023-06-27,"Продукты","Пятерочка",,"Открытие","57.99","RUB","Открытие","0.00","RUB",2023-06-27 17:48:20,2023-07-02 19:50:44,
2023-06-27,"Продукты","2503 Perekrestok",,"Tinkoff Black","274.88","RUB","Tinkoff Black","0.00","RUB",2023-06-27 19:15:06,2023-06-28 09:44:36,
2023-06-27,"Сигареты","2503 Perekrestok",,"Tinkoff Black","389.00","RUB","Tinkoff Black","0.00","RUB",2023-06-27 19:15:07,2023-06-28 09:44:36,
2023-06-27,,,,"Tinkoff Black","36.12","RUB","Инвесткопилка","36.12","RUB",2023-06-27 19:15:07,2023-07-02 19:50:44,
2023-06-27,"Кэшбэк",,,"Инвесткопилка","0.00","RUB","Инвесткопилка","834.00","RUB",2023-06-27 19:50:30,2023-07-16 03:14:01,
2023-06-27,"Платежи. комиссии",,"Комиссия: Плата за оповещения об операциях","Tinkoff Black","99.00","RUB","Tinkoff Black","0.00","RUB",2023-06-27 20:19:40,2023-07-02 19:50:44,
2023-06-28,,,,"Открытие","1000.00","RUB","Tinkoff Black","1000.00","RUB",2023-06-28 04:57:36,2023-07-02 19:50:44,
2023-06-28,"Проезд","YandexGo",,"Tinkoff Black","229.00","RUB","Tinkoff Black","0.00","RUB",2023-06-28 04:57:49,2023-07-02 19:50:44,
2023-06-28,,,,"Tinkoff Black","21.00","RUB","Инвесткопилка","21.00","RUB",2023-06-28 04:57:50,2023-07-02 19:50:44,
2023-06-28,"Кафе и рестораны","IP KOSENKO S.A.",,"Открытие","40.00","RUB","Открытие","0.00","RUB",2023-06-28 05:27:22,2023-07-02 19:50:44,
2023-06-28,"Продукты","SPAR N21",,"Открытие","218.90","RUB","Открытие","0.00","RUB",2023-06-28 09:20:42,2023-07-02 19:50:44,
2023-06-28,"Проезд","YandexGo",,"Tinkoff Black","171.00","RUB","Tinkoff Black","0.00","RUB",2023-06-28 10:10:30,2023-07-02 19:50:44,
2023-06-28,,,,"Tinkoff Black","29.00","RUB","Инвесткопилка","29.00","RUB",2023-06-28 10:10:31,2023-07-02 19:50:44,
2023-06-28,,,,"Открытие","1500.00","RUB","Наличные","1500.00","RUB",2023-06-28 12:05:29,2023-07-02 19:50:44,
2023-06-28,"Продукты","SPAR",,"Открытие","179.80","RUB","Открытие","0.00","RUB",2023-06-28 13:31:22,2023-07-02 19:50:44,
2023-06-28,"Продукты","Пятерочка",,"Открытие","212.96","RUB","Открытие","0.00","RUB",2023-06-28 18:51:36,2023-07-02 19:50:44,
2023-06-28,"Сигареты","Пятерочка",,"Открытие","229.00","RUB","Открытие","0.00","RUB",2023-06-28 18:51:37,2023-07-02 19:50:44,
2023-06-29,"Кафе и рестораны","IP KOSENKO S.A.",,"Открытие","40.00","RUB","Открытие","0.00","RUB",2023-06-29 05:23:29,2023-07-02 19:50:44,
2023-06-29,"Проезд","YandexGo",,"Tinkoff Black","279.00","RUB","Tinkoff Black","0.00","RUB",2023-06-29 09:38:53,2023-07-02 19:50:44,
2023-06-29,,,,"Tinkoff Black","21.00","RUB","Инвесткопилка","21.00","RUB",2023-06-29 09:38:54,2023-07-02 19:50:44,
2023-06-29,"Проезд","YandexGo",,"Tinkoff Black","299.00","RUB","Tinkoff Black","0.00","RUB",2023-06-29 11:02:17,2023-07-02 19:50:44,
2023-06-29,,,,"Tinkoff Black","1.00","RUB","Инвесткопилка","1.00","RUB",2023-06-29 11:02:18,2023-07-02 19:50:44,
2023-06-29,"Сигареты","IP VERSHININ",,"Открытие","409.00","RUB","Открытие","0.00","RUB",2023-06-29 14:46:13,2023-07-02 19:50:44,
2023-06-29,"Кафе и рестораны","Burger King",,"Открытие","279.98","RUB","Открытие","0.00","RUB",2023-06-29 14:47:52,2023-07-03 20:36:10,
2023-06-29,"Продукты","BRISTOL 3821",,"Открытие","125.98","RUB","Открытие","0.00","RUB",2023-06-29 15:09:17,2023-07-03 20:36:10,
2023-06-29,"Платежи. комиссии","ООО ""Т2 МОБАЙЛ""",,"Сбербанк","100.00","RUB","Сбербанк","0.00","RUB",2023-06-29 18:25:12,2023-07-02 19:50:44,
2023-06-30,"Дом / Ипотека",,"Уплата процентов КД №770439 от 29.05.2020г.","Счет погашения ипотеки","9715.81","RUB","Счет погашения ипотеки","0.00","RUB",2023-06-29 21:00:00,2023-07-02 19:50:44,
2023-06-30,"Дом / Ипотека",,"Погашение основного долга КД №770439 от 29.05.2020г.","Счет погашения ипотеки","3778.19","RUB","Счет погашения ипотеки","0.00","RUB",2023-06-29 21:00:01,2023-07-02 19:50:44,
2023-06-30,,,,"Открытие","1000.00","RUB","Tinkoff Black","1000.00","RUB",2023-06-30 04:15:53,2023-07-02 19:50:44,
2023-06-30,"Проезд","YandexGo",,"Tinkoff Black","209.00","RUB","Tinkoff Black","0.00","RUB",2023-06-30 04:51:23,2023-07-02 19:50:44,
2023-06-30,,,,"Tinkoff Black","41.00","RUB","Инвесткопилка","41.00","RUB",2023-06-30 04:51:24,2023-07-02 19:50:44,
2023-06-30,"Кафе и рестораны","IP KOSENKO S.A.",,"Открытие","40.00","RUB","Открытие","0.00","RUB",2023-06-30 05:09:14,2023-07-03 20:36:10,
2023-06-30,"Продукты","SPAR N21",,"Открытие","812.75","RUB","Открытие","0.00","RUB",2023-06-30 11:57:32,2023-07-04 05:33:35,
2023-06-30,"Сигареты","Obnya",,"Открытие","229.00","RUB","Открытие","0.00","RUB",2023-06-30 19:43:19,2023-07-04 05:33:35,
2023-07-01,"Подарки","WILDBERRIES","Набор для Жеки","Tinkoff Black","551.00","RUB","Tinkoff Black","0.00","RUB",2023-06-30 22:05:36,2023-07-16 02:48:39,
2023-07-01,,,,"Tinkoff Black","49.00","RUB","Инвесткопилка","49.00","RUB",2023-06-30 22:05:37,2023-07-02 19:50:44,
2023-07-01,,,,"Открытие","2250.00","RUB","Сбербанк","2250.00","RUB",2023-07-01 09:00:44,2023-07-02 19:50:44,
2023-07-01,,,,"Открытие","1500.00","RUB","Tinkoff Black","1500.00","RUB",2023-07-01 09:01:10,2023-07-02 19:50:44,
2023-07-01,,,,"Сбербанк","2321.00","RUB","Сбербанк","0.00","RUB",2023-07-01 09:01:32,2023-09-13 20:26:22,
2023-07-01,"Проезд","YandexGo",,"Tinkoff Black","551.00","RUB","Tinkoff Black","0.00","RUB",2023-07-01 10:36:46,2023-07-02 19:50:44,
2023-07-01,,,,"Tinkoff Black","49.00","RUB","Инвесткопилка","49.00","RUB",2023-07-01 10:36:47,2023-07-02 19:50:44,
2023-07-01,,,,"Счет погашения ипотеки","1000.00","RUB","Открытие","1000.00","RUB",2023-07-01 11:22:12,2023-07-02 19:50:44,
2023-07-01,"Продукты","Pyaterochka. obekt - 3",,"Tinkoff Black","283.33","RUB","Tinkoff Black","0.00","RUB",2023-07-01 11:25:27,2023-07-02 19:50:44,
2023-07-01,,,,"Tinkoff Black","16.67","RUB","Инвесткопилка","16.67","RUB",2023-07-01 11:25:28,2023-07-02 19:50:44,
2023-07-01,"Проезд","YandexGo",,"Tinkoff Black","636.00","RUB","Tinkoff Black","0.00","RUB",2023-07-01 12:00:32,2023-07-02 19:50:44,
2023-07-01,,,,"Tinkoff Black","14.00","RUB","Инвесткопилка","14.00","RUB",2023-07-01 12:00:33,2023-07-02 19:50:44,
2023-07-01,,"Антоша",,"Открытие","300.00","RUB","Долги","300.00","RUB",2023-07-01 12:16:26,2023-07-02 19:50:44,
2023-07-02,"Продукты","Пятерочка",,"Открытие","220.95","RUB","Открытие","0.00","RUB",2023-07-02 11:34:50,2023-07-02 19:50:44,
2023-07-02,"Сигареты","Пятерочка",,"Открытие","229.00","RUB","Открытие","0.00","RUB",2023-07-02 11:34:51,2023-07-02 19:50:44,
2023-07-03,,,,"Инвесткопилка","1400.00","RUB","Tinkoff Black","1400.00","RUB",2023-07-03 07:41:11,2023-07-04 05:35:00,
2023-07-03,"Продукты","SPAR 44PQR",,"Tinkoff Black","97.80","RUB","Tinkoff Black","0.00","RUB",2023-07-03 07:49:09,2023-07-03 20:37:55,
2023-07-03,"Сигареты","SPAR 44PQR",,"Tinkoff Black","229.00","RUB","Tinkoff Black","0.00","RUB",2023-07-03 07:49:10,2023-07-03 20:37:55,
2023-07-03,,,,"Tinkoff Black","23.20","RUB","Инвесткопилка","23.20","RUB",2023-07-03 07:49:10,2023-07-04 05:35:00,
2023-07-03,"Продукты","SPAR 44PQR",,"Tinkoff Black","114.80","RUB","Tinkoff Black","0.00","RUB",2023-07-03 13:19:33,2023-07-04 05:35:00,
2023-07-03,,,,"Tinkoff Black","35.20","RUB","Инвесткопилка","35.20","RUB",2023-07-03 13:19:34,2023-07-04 05:35:00,
2023-07-03,"Отдых и развлечения",,"Прогулка на сапах","Наличные","1750.00","RUB","Наличные","0.00","RUB",2023-07-03 20:37:17,2023-07-03 20:37:55,
2023-07-04,"Кафе и рестораны","IP KOSENKO S.A.",,"Открытие","40.00","RUB","Открытие","0.00","RUB",2023-07-04 05:26:25,2023-07-15 18:09:58,
2023-07-04,"Одежда","WILDBERRIES","Ремень","Tinkoff Black","789.00","RUB","Tinkoff Black","0.00","RUB",2023-07-04 05:30:59,2023-07-04 05:35:00,
2023-07-04,,,,"Tinkoff Black","11.00","RUB","Инвесткопилка","11.00","RUB",2023-07-04 05:31:00,2023-07-04 05:35:00,
2023-07-04,"Отдых и развлечения","Наталия П.","Мастер класс","Открытие","300.00","RUB","Открытие","0.00","RUB",2023-07-04 08:18:28,2023-07-15 20:37:11,
2023-07-04,,,,"Счет погашения ипотеки","2000.00","RUB","Открытие","2000.00","RUB",2023-07-04 09:46:44,2023-07-09 16:57:37,
2023-07-04,"Продукты","SPAR",,"Открытие","169.70","RUB","Открытие","0.00","RUB",2023-07-04 09:50:17,2023-07-15 18:09:58,
2023-07-04,"Сигареты","SPAR",,"Открытие","229.00","RUB","Открытие","0.00","RUB",2023-07-04 12:10:11,2023-07-15 18:09:58,
2023-07-04,"Обед","LETNEE KAFE",,"Открытие","157.00","RUB","Открытие","0.00","RUB",2023-07-04 12:21:30,2023-07-15 18:09:58,
2023-07-04,,,"Перечисление ДС на банковскую карту 5586 2000 2357 8351 /Бутырин Максим Станиславович/ командировочные расходы согласно Приказу № 249 от 04.07.2023г. НДС не облагается.","Открытие","0.00","RUB","Открытие","57500.00","RUB",2023-07-04 12:24:53,2024-03-24 11:17:17,
2023-07-04,,,"Покупка СБП в ПАО ""АЭРОФЛОТ"" ПАО ""АЭРОФЛОТ"" (PNR : PF571L). В Альфа Банк с 40817810780017436915. (SEID 21366996389)","Открытие","24536.00","RUB","Открытие","0.00","RUB",2023-07-04 12:48:09,2024-03-24 11:17:17,
2023-07-04,,,"Покупка СБП в Nordwind Airlines ООО ""СЕВЕРНЫЙ ВЕТЕР"" (IP 45212475_142447493 PF5V86). В Альфа Банк с 40817810780017436915. (SEID 21367047922)","Открытие","17026.00","RUB","Открытие","0.00","RUB",2023-07-04 12:55:16,2024-03-24 11:17:17,
2023-07-04,"Продукты","SPAR",,"Открытие","375.70","RUB","Открытие","0.00","RUB",2023-07-04 15:05:27,2023-07-15 18:09:58,
2023-07-05,"Кафе и рестораны","IP KOSENKO S.A.",,"Открытие","40.00","RUB","Открытие","0.00","RUB",2023-07-05 05:25:12,2023-07-15 20:27:34,
2023-07-05,"Сигареты","SPAR",,"Открытие","159.80","RUB","Открытие","0.00","RUB",2023-07-05 06:55:19,2023-07-15 20:27:34,
2023-07-05,,,,"Открытие","500.00","RUB","Сбербанк","500.00","RUB",2023-07-05 08:59:13,2023-07-15 20:27:34,
2023-07-05,"Платежи. комиссии","Виктор Спиридонович В",,"Сбербанк","247.00","RUB","Сбербанк","0.00","RUB",2023-07-05 09:00:31,2023-07-15 20:27:34,
2023-07-05,"Кафе и рестораны","KFC",,"Открытие","507.00","RUB","Открытие","0.00","RUB",2023-07-05 09:48:41,2023-07-15 20:27:34,
2023-07-05,"Продукты","SPAR N21",,"Открытие","333.84","RUB","Открытие","0.00","RUB",2023-07-05 16:12:19,2023-07-15 20:27:34,
2023-07-06,"Продукты","SPAR N21",,"Открытие","229.80","RUB","Открытие","0.00","RUB",2023-07-06 04:37:33,2023-07-15 20:27:34,
2023-07-06,"Сигареты","SPAR N21",,"Открытие","219.00","RUB","Открытие","0.00","RUB",2023-07-06 04:37:34,2023-07-15 20:27:34,
2023-07-06,"Тратата","Ксения Алексеевна Г",,"Сбербанк","0.00","RUB","Сбербанк","2917.00","RUB",2023-07-06 05:07:05,2023-07-16 02:48:39,
2023-07-06,,,,"Сбербанк","2917.00","RUB","Сбербанк","0.00","RUB",2023-07-06 05:08:10,2023-09-13 20:26:22,
2023-07-06,"Кафе и рестораны","TA SAMAYA SHAURMA NA S",,"Открытие","200.00","RUB","Открытие","0.00","RUB",2023-07-06 09:56:46,2023-07-15 20:27:34,
2023-07-06,"Кафе и рестораны","SPAR",,"Открытие","129.80","RUB","Открытие","0.00","RUB",2023-07-06 11:44:02,2023-07-15 20:27:34,
2023-07-06,"Автомобиль","Лукойл","Бензин","Открытие","1000.00","RUB","Открытие","0.00","RUB",2023-07-06 16:03:31,2023-07-16 02:48:39,
2023-07-06,"Продукты","SPAR",,"Открытие","243.80","RUB","Открытие","0.00","RUB",2023-07-06 17:28:20,2023-07-15 20:27:34,
2023-07-06,"Сигареты","SPAR",,"Открытие","219.00","RUB","Открытие","0.00","RUB",2023-07-06 17:28:21,2023-07-15 20:27:34,
2023-07-07,"Сигареты","SPAR",,"Открытие","387.90","RUB","Открытие","0.00","RUB",2023-07-07 05:38:00,2023-07-15 20:27:34,
2023-07-07,"Сигареты","SPAR",,"Открытие","267.90","RUB","Открытие","0.00","RUB",2023-07-07 08:27:04,2023-07-15 20:27:34,
2023-07-07,"Продукты","SPAR N21",,"Открытие","539.55","RUB","Открытие","0.00","RUB",2023-07-07 18:24:10,2023-07-15 20:27:34,
2023-07-07,"Автомобиль","Лукойл","Бензин","Открытие","1000.00","RUB","Открытие","0.00","RUB",2023-07-07 18:36:02,2023-07-16 02:48:39,
2023-07-08,"Продукты","SPAR",,"Открытие","278.80","RUB","Открытие","0.00","RUB",2023-07-08 12:38:30,2023-07-15 20:27:34,
2023-07-08,"Сигареты","SPAR",,"Открытие","219.00","RUB","Открытие","0.00","RUB",2023-07-08 12:38:31,2023-07-15 20:27:34,
2023-07-08,"Продукты","SPAR N21",,"Открытие","235.90","RUB","Открытие","0.00","RUB",2023-07-08 16:47:50,2023-07-15 20:27:34,
2023-07-08,"Тратата","Ксения Г.",,"Tinkoff Black","0.00","RUB","Tinkoff Black","2892.00","RUB",2023-07-08 18:41:37,2023-07-17 20:56:30,
2023-07-08,,,,"Tinkoff Black","2892.00","RUB","Tinkoff Black","0.00","RUB",2023-07-08 18:42:34,2023-09-13 20:26:22,
2023-07-09,"Продукты","SPAR N21",,"Открытие","387.50","RUB","Открытие","0.00","RUB",2023-07-09 07:56:35,2023-07-15 20:27:34,
2023-07-09,"Здоровье и фитнес","IP CHUPROV K.V.","Стрижка","Открытие","1400.00","RUB","Открытие","0.00","RUB",2023-07-09 12:02:43,2024-05-09 05:08:01,
2023-07-09,"Продукты","SPAR",,"Открытие","1837.29","RUB","Открытие","0.00","RUB",2023-07-09 12:27:55,2023-07-15 20:27:34,
2023-07-09,"Сигареты","SPAR",,"Открытие","229.00","RUB","Открытие","0.00","RUB",2023-07-09 12:28:35,2023-07-15 20:27:34,
2023-07-10,,,,"Открытие","25500.00","RUB","Счет погашения ипотеки","25500.00","RUB",2023-07-09 21:00:00,2023-07-15 20:27:34,
2023-07-10,"Кафе и рестораны","IP KOSENKO S.A.",,"Открытие","40.00","RUB","Открытие","0.00","RUB",2023-07-10 05:25:40,2023-07-15 20:27:34,
2023-07-10,,,,"Открытие","1000.00","RUB","Tinkoff Black","1000.00","RUB",2023-07-10 05:26:43,2023-07-15 20:27:34,
2023-07-10,"Проезд","YandexGo",,"Tinkoff Black","339.00","RUB","Tinkoff Black","0.00","RUB",2023-07-10 05:33:09,2023-07-15 20:27:34,
2023-07-10,,,,"Tinkoff Black","11.00","RUB","Инвесткопилка","11.00","RUB",2023-07-10 05:33:10,2023-07-15 20:27:34,
2023-07-10,"Кафе и рестораны","IP KOSENKO S.A.",,"Открытие","40.00","RUB","Открытие","0.00","RUB",2023-07-10 06:29:59,2023-07-15 20:27:34,
2023-07-10,"Кафе и рестораны","IP KOSENKO S.A.",,"Открытие","40.00","RUB","Открытие","0.00","RUB",2023-07-10 06:30:14,2023-07-15 20:27:34,
2023-07-10,,"Антоша","вернул","Долги","300.00","RUB","Tinkoff Black","300.00","RUB",2023-07-10 07:39:27,2023-07-15 20:37:11,
2023-07-10,"Кафе и рестораны","IP Zubov N.R. 2",,"Открытие","420.00","RUB","Открытие","0.00","RUB",2023-07-10 09:12:52,2023-07-15 20:27:34,
2023-07-10,"Зарплата",,"Перечисление ден. средств по реестру","Открытие","0.00","RUB","Открытие","73621.96","RUB",2023-07-10 09:29:48,2023-07-15 20:27:34,
2023-07-10,"Зарплата",,"Перечисление ден. средств по реестру","Открытие","0.00","RUB","Открытие","5870.50","RUB",2023-07-10 09:29:52,2023-07-15 20:27:34,
2023-07-10,"Платежи. комиссии","Мама",,"Открытие","420.00","RUB","Открытие","0.00","RUB",2023-07-10 12:09:12,2023-07-15 20:27:34,
2023-07-10,,,,"Открытие","24000.00","RUB","Наличные","24000.00","RUB",2023-07-10 12:25:49,2023-07-15 20:27:34,
2023-07-10,"Кафе и рестораны","IP KOSENKO S.A.",,"Открытие","40.00","RUB","Открытие","0.00","RUB",2023-07-10 13:14:34,2023-07-15 20:27:34,
2023-07-10,"Продукты","SPAR N21",,"Открытие","307.80","RUB","Открытие","0.00","RUB",2023-07-10 16:42:31,2023-07-15 20:27:34,
2023-07-10,"Продукты","SPAR N21",,"Открытие","497.43","RUB","Открытие","0.00","RUB",2023-07-10 16:56:53,2023-07-15 20:27:34,
2023-07-11,,"YandexGo",,"Tinkoff Black","1000.00","RUB","Tinkoff Black","0.00","RUB",2023-07-11 06:06:56,2024-03-24 11:17:17,
2023-07-11,,,,"Открытие","2000.00","RUB","Tinkoff Black","2000.00","RUB",2023-07-11 06:12:51,2023-07-15 20:27:34,
2023-07-11,,"YandexGo",,"Tinkoff Black","1.00","RUB","Tinkoff Black","0.00","RUB",2023-07-11 06:44:31,2024-03-24 11:17:17,
2023-07-11,,,,"Tinkoff Black","49.00","RUB","Инвесткопилка","49.00","RUB",2023-07-11 06:44:32,2023-07-15 20:27:34,
2023-07-11,,,,"Открытие","1500.00","RUB","Tinkoff Black","1500.00","RUB",2023-07-11 07:00:38,2023-07-15 20:27:34,
2023-07-11,,"Dolyame","Духи","Tinkoff Black","1267.00","RUB","Tinkoff Black","0.00","RUB",2023-07-11 07:01:08,2024-03-24 11:17:17,
2023-07-11,,,,"Tinkoff Black","33.00","RUB","Инвесткопилка","33.00","RUB",2023-07-11 07:01:09,2023-07-15 20:27:34,
2023-07-11,"Кафе и рестораны","KOFEMANIYA",,"Открытие","3228.10","RUB","Открытие","0.00","RUB",2023-07-11 10:54:21,2023-07-15 20:19:24,
2023-07-11,,"SP ASGARD",,"Открытие","9000.00","RUB","Открытие","0.00","RUB",2023-07-11 17:58:45,2024-03-24 11:17:17,
2023-07-11,"Подарки","Никита Ч.",,"Tinkoff Black","300.00","RUB","Tinkoff Black","0.00","RUB",2023-07-11 18:51:10,2023-07-15 20:19:24,
2023-07-11,"Кафе и рестораны","Алексей П.",,"Открытие","570.00","RUB","Открытие","0.00","RUB",2023-07-11 20:04:12,2023-07-15 20:19:24,
2023-07-12,"Сигареты","Дмитрий К.",,"Tinkoff Black","200.00","RUB","Tinkoff Black","0.00","RUB",2023-07-12 11:35:59,2023-07-15 20:19:24,
2023-07-13,"Сигареты","Magazin 10874",,"Tinkoff Black","332.77","RUB","Tinkoff Black","0.00","RUB",2023-07-13 13:13:21,2023-07-15 20:19:24,
2023-07-13,,,,"Tinkoff Black","17.23","RUB","Инвесткопилка","17.23","RUB",2023-07-13 13:13:22,2023-07-15 20:27:34,
2023-07-13,"Кафе и рестораны","FASTBOOD",,"Открытие","400.00","RUB","Открытие","0.00","RUB",2023-07-13 15:15:13,2023-07-17 20:41:06,
2023-07-14,"Кафе и рестораны","PAB",,"Открытие","340.00","RUB","Открытие","0.00","RUB",2023-07-14 03:17:49,2023-07-17 20:41:06,
2023-07-14,,"YandexGo",,"Tinkoff Black","655.00","RUB","Tinkoff Black","0.00","RUB",2023-07-14 07:21:03,2024-03-24 11:17:17,
2023-07-14,,,,"Tinkoff Black","45.00","RUB","Инвесткопилка","45.00","RUB",2023-07-14 07:21:04,2023-07-15 20:27:34,
2023-07-14,"Продукты","PYATEROCHKA 22455",,"Открытие","388.95","RUB","Открытие","0.00","RUB",2023-07-14 08:00:49,2023-07-15 20:19:24,
2023-07-14,"Сигареты","PYATEROCHKA 22455",,"Открытие","389.00","RUB","Открытие","0.00","RUB",2023-07-14 08:00:50,2023-07-15 20:19:24,
2023-07-14,"Автомобиль","WILDBERRIES","Фильтр","Tinkoff Black","301.00","RUB","Tinkoff Black","0.00","RUB",2023-07-14 09:02:02,2023-07-16 02:48:39,
2023-07-14,,,,"Tinkoff Black","49.00","RUB","Инвесткопилка","49.00","RUB",2023-07-14 09:02:03,2023-07-18 15:25:30,
2023-07-15,"Продукты","BRISTOL 3821",,"Открытие","73.98","RUB","Открытие","0.00","RUB",2023-07-15 14:23:47,2023-07-15 20:19:24,
2023-07-15,"Сигареты","BRISTOL 3821",,"Открытие","219.00","RUB","Открытие","0.00","RUB",2023-07-15 14:23:48,2023-07-15 20:19:24,
2023-07-15,"Продукты","SPAR",,"Открытие","1101.54","RUB","Открытие","0.00","RUB",2023-07-15 15:23:55,2023-07-19 19:51:01,
2023-07-15,"Образование","ROBOKASSA","Подписка на месяц на дзен","Tinkoff Black","149.00","RUB","Tinkoff Black","0.00","RUB",2023-07-15 20:31:23,2023-07-16 01:45:36,
2023-07-15,,,,"Tinkoff Black","1.00","RUB","Инвесткопилка","1.00","RUB",2023-07-15 20:31:25,2023-07-18 15:25:30,
2023-07-16,"Продукты","SPAR N21",,"Открытие","460.45","RUB","Открытие","0.00","RUB",2023-07-16 16:46:01,2023-07-16 20:11:19,
2023-07-16,"Сигареты","SPAR N21",,"Открытие","219.00","RUB","Открытие","0.00","RUB",2023-07-16 16:46:02,2023-07-16 20:11:19,
2023-07-16,,,,"Открытие","2000.00","RUB","Tinkoff Black","2000.00","RUB",2023-07-16 20:12:45,2023-07-17 20:41:06,
2023-07-16,"Корректировка",,,"Инвесткопилка","0.00","RUB","Инвесткопилка","2000.00","RUB",2023-07-16 20:29:04,2023-07-19 20:21:21,
2023-07-18,"Сигареты","SPAR N21",,"Открытие","273.90","RUB","Открытие","0.00","RUB",2023-07-18 04:42:19,2023-07-23 19:10:53,
2023-07-18,"Продукты","SPAR",,"Открытие","164.70","RUB","Открытие","0.00","RUB",2023-07-18 08:05:01,2023-07-23 19:10:53,
2023-07-18,"Продукты","SPAR N21",,"Открытие","779.81","RUB","Открытие","0.00","RUB",2023-07-18 14:57:50,2023-07-23 19:10:53,
2023-07-19,"Проезд","YandexGo",,"Tinkoff Black","159.00","RUB","Tinkoff Black","0.00","RUB",2023-07-19 04:53:38,2023-07-19 20:16:39,
2023-07-19,,,,"Tinkoff Black","41.00","RUB","Инвесткопилка","41.00","RUB",2023-07-19 04:53:39,2023-07-23 19:09:49,
2023-07-19,"Сигареты","SPAR",,"Открытие","288.90","RUB","Открытие","0.00","RUB",2023-07-19 05:22:01,2023-07-23 19:10:53,
2023-07-19,"Продукты","SPAR N21",,"Открытие","116.60","RUB","Открытие","0.00","RUB",2023-07-19 15:18:28,2023-07-23 19:10:53,
2023-07-19,,,"Копилка","Tinkoff Black","2000.00","RUB","Наличные","2000.00","RUB",2023-07-19 20:23:01,2023-07-20 04:17:46,
2023-07-20,"Кафе и рестораны","IP KOSENKO S.A.",,"Открытие","40.00","RUB","Открытие","0.00","RUB",2023-07-20 05:22:06,2023-07-23 19:10:53,
2023-07-20,"Продукты","SPAR",,"Открытие","188.80","RUB","Открытие","0.00","RUB",2023-07-20 09:15:00,2023-07-23 19:09:49,
2023-07-20,"Сигареты","SPAR",,"Открытие","220.00","RUB","Открытие","0.00","RUB",2023-07-20 09:15:01,2023-07-23 19:09:49,
2023-07-20,"Продукты","SPAR N21",,"Открытие","573.88","RUB","Открытие","0.00","RUB",2023-07-20 17:05:59,2023-07-25 00:17:44,
2023-07-21,"Кафе и рестораны","IP KOSENKO S.A.",,"Открытие","40.00","RUB","Открытие","0.00","RUB",2023-07-21 05:27:43,2023-07-25 00:17:44,
2023-07-21,"Сигареты","SPAR",,"Открытие","379.50","RUB","Открытие","0.00","RUB",2023-07-21 09:38:04,2023-07-25 00:17:44,
2023-07-21,"Сигареты","SPAR",,"Открытие","229.00","RUB","Открытие","0.00","RUB",2023-07-21 13:06:33,2023-07-25 00:17:44,
2023-07-21,"Продукты","SPAR N21",,"Открытие","113.80","RUB","Открытие","0.00","RUB",2023-07-21 14:37:47,2023-07-25 00:17:44,
2023-07-21,,,,"Счет погашения ипотеки","10000.00","RUB","Tinkoff Black","10000.00","RUB",2023-07-21 15:23:42,2023-07-25 00:17:05,
2023-07-21,,"PAO ""AEROFLOT""",,"Tinkoff Black","9931.00","RUB","Tinkoff Black","0.00","RUB",2023-07-21 15:30:31,2024-03-24 11:17:17,
2023-07-21,,,,"Tinkoff Black","19.00","RUB","Инвесткопилка","19.00","RUB",2023-07-21 15:30:32,2023-07-25 00:17:05,
2023-07-21,,,,"Счет погашения ипотеки","15000.00","RUB","Tinkoff Black","15000.00","RUB",2023-07-21 15:52:54,2023-07-25 00:17:05,
2023-07-21,,"PAO ""AEROFLOT""",,"Tinkoff Black","12231.00","RUB","Tinkoff Black","0.00","RUB",2023-07-21 15:57:16,2024-03-24 11:17:17,
2023-07-21,,,,"Tinkoff Black","19.00","RUB","Инвесткопилка","19.00","RUB",2023-07-21 15:57:17,2023-07-25 00:17:05,
2023-07-22,"Продукты","SPAR N21",,"Открытие","257.90","RUB","Открытие","0.00","RUB",2023-07-22 12:19:18,2023-07-26 06:52:11,
2023-07-22,"Продукты","SPAR",,"Открытие","109.80","RUB","Открытие","0.00","RUB",2023-07-22 14:12:17,2023-07-26 06:52:11,
2023-07-22,"Продукты","SPAR",,"Открытие","146.80","RUB","Открытие","0.00","RUB",2023-07-22 15:37:51,2023-07-26 06:52:11,
2023-07-22,"Продукты","SPAR N21",,"Открытие","702.08","RUB","Открытие","0.00","RUB",2023-07-22 18:14:33,2023-07-26 06:52:11,
2023-07-23,"Продукты","Пятерочка",,"Открытие","339.99","RUB","Открытие","0.00","RUB",2023-07-23 13:31:51,2023-07-25 00:17:05,
2023-07-23,"Сигареты","Пятерочка",,"Открытие","229.00","RUB","Открытие","0.00","RUB",2023-07-23 13:31:52,2023-07-25 00:17:05,
2023-07-23,"Продукты","SPAR N21",,"Открытие","165.70","RUB","Открытие","0.00","RUB",2023-07-23 14:25:01,2023-07-29 17:26:41,
2023-07-23,"Автомобиль","Лукойл",,"Открытие","1000.00","RUB","Открытие","0.00","RUB",2023-07-23 17:05:39,2023-07-25 00:17:44,
2023-07-23,"Продукты","SPAR",,"Открытие","317.80","RUB","Открытие","0.00","RUB",2023-07-23 17:34:47,2023-07-29 17:26:41,
2023-07-24,"Платежи. комиссии","Yandex.Plus",,"Tinkoff Black","76.00","RUB","Tinkoff Black","0.00","RUB",2023-07-24 01:29:13,2023-07-25 00:18:53,
2023-07-24,,,,"Tinkoff Black","24.00","RUB","Инвесткопилка","24.00","RUB",2023-07-24 01:29:14,2023-07-25 00:18:53,
2023-07-24,"Кафе и рестораны","IP KOSENKO S.A.",,"Открытие","40.00","RUB","Открытие","0.00","RUB",2023-07-24 05:12:43,2023-07-29 17:26:41,
2023-07-24,"Продукты","SPAR",,"Открытие","179.80","RUB","Открытие","0.00","RUB",2023-07-24 06:36:29,2023-07-29 17:26:41,
2023-07-24,"Кафе и рестораны","QSR 23001",,"Открытие","485.00","RUB","Открытие","0.00","RUB",2023-07-24 09:02:45,2023-07-29 17:26:41,
2023-07-24,"Сигареты","BRISTOL 31",,"Открытие","229.00","RUB","Открытие","0.00","RUB",2023-07-24 09:51:20,2023-07-29 17:26:41,
2023-07-24,"Кафе и рестораны","IP KOSENKO S.A.",,"Открытие","40.00","RUB","Открытие","0.00","RUB",2023-07-24 12:46:30,2023-07-29 17:26:41,
2023-07-24,"Кафе и рестораны","IP KOSENKO S.A.",,"Открытие","50.00","RUB","Открытие","0.00","RUB",2023-07-24 12:46:41,2023-07-29 17:26:41,
2023-07-24,"Продукты","SPAR N21",,"Открытие","605.27","RUB","Открытие","0.00","RUB",2023-07-24 15:34:08,2023-07-29 17:26:41,
2023-07-25,,"YandexGo",,"Tinkoff Black","713.00","RUB","Tinkoff Black","0.00","RUB",2023-07-24 23:45:15,2024-03-24 11:17:17,
2023-07-25,,,,"Tinkoff Black","37.00","RUB","Инвесткопилка","37.00","RUB",2023-07-24 23:45:16,2023-07-26 06:52:11,
2023-07-25,"Дом / Съем жилья ",,,"Наличные","23000.00","RUB","Наличные","0.00","RUB",2023-07-25 00:17:52,2023-07-25 00:18:53,
2023-07-25,"Кафе и рестораны","KFC",,"Открытие","139.00","RUB","Открытие","0.00","RUB",2023-07-25 03:27:26,2023-07-29 17:26:41,
2023-07-25,"Зарплата",,"Перечисление ден. средств по реестру","Открытие","0.00","RUB","Открытие","44250.16","RUB",2023-07-25 06:11:26,2023-07-29 17:25:37,
2023-07-25,,,,"Открытие","12000.00","RUB","Tinkoff Black","12000.00","RUB",2023-07-25 07:41:49,2023-07-29 17:25:37,
2023-07-25,,"YandexGo",,"Tinkoff Black","501.00","RUB","Tinkoff Black","0.00","RUB",2023-07-25 08:21:33,2024-03-24 11:17:17,
2023-07-25,,,,"Tinkoff Black","49.00","RUB","Инвесткопилка","49.00","RUB",2023-07-25 08:21:34,2023-07-29 17:25:37,
2023-07-25,"Продукты","Красное & Белое",,"Открытие","119.98","RUB","Открытие","0.00","RUB",2023-07-25 09:45:41,2023-07-29 17:26:41,
2023-07-25,"Сигареты","TABAK",,"Открытие","229.00","RUB","Открытие","0.00","RUB",2023-07-25 12:47:56,2023-07-29 17:26:41,
2023-07-25,"Кафе и рестораны","POS REST FOOD 13",,"Открытие","169.00","RUB","Открытие","0.00","RUB",2023-07-25 15:50:40,2023-07-29 17:26:41,
2023-07-25,"Сигареты","KHMELSOLOD",,"Открытие","215.00","RUB","Открытие","0.00","RUB",2023-07-25 18:41:17,2023-07-29 17:26:41,
2023-07-25,"Кафе и рестораны","KHMELSOLOD",,"Открытие","72.00","RUB","Открытие","0.00","RUB",2023-07-25 18:43:01,2023-07-29 17:26:41,
2023-07-25,"Тратата","Никита Г.",,"Открытие","1500.00","RUB","Открытие","0.00","RUB",2023-07-25 18:47:35,2023-07-29 17:25:37,
2023-07-26,,,,"Открытие","27000.00","RUB","Счет погашения ипотеки","27000.00","RUB",2023-07-25 21:00:00,2023-07-29 17:30:14,
2023-07-26,"Проезд","YandexGo",,"Tinkoff Black","613.00","RUB","Tinkoff Black","0.00","RUB",2023-07-25 22:54:44,2023-07-29 17:25:37,
2023-07-26,,,,"Tinkoff Black","37.00","RUB","Инвесткопилка","37.00","RUB",2023-07-25 22:54:45,2023-07-29 17:25:37,
2023-07-26,"Проезд","YandexGo",,"Tinkoff Black","568.00","RUB","Tinkoff Black","0.00","RUB",2023-07-26 06:53:03,2023-07-29 17:30:14,
2023-07-26,,,,"Tinkoff Black","32.00","RUB","Инвесткопилка","32.00","RUB",2023-07-26 06:53:04,2023-07-29 17:30:14,
2023-07-26,"Кафе и рестораны","GO CAFE",,"Открытие","199.00","RUB","Открытие","0.00","RUB",2023-07-26 11:16:17,2023-07-30 00:48:00,
2023-07-26,"Проезд","YandexGo",,"Tinkoff Black","786.00","RUB","Tinkoff Black","0.00","RUB",2023-07-26 14:40:15,2023-07-29 17:30:14,
2023-07-26,,,,"Tinkoff Black","14.00","RUB","Инвесткопилка","14.00","RUB",2023-07-26 14:40:16,2023-07-29 17:30:14,
2023-07-26,,,,"Открытие","1000.00","RUB","Tinkoff Black","1000.00","RUB",2023-07-26 14:41:31,2023-07-29 17:30:14,
2023-07-26,"Продукты","SPAR N21",,"Открытие","446.34","RUB","Открытие","0.00","RUB",2023-07-26 15:17:44,2023-07-30 00:48:00,
2023-07-26,,,"Бонус по акции","Tinkoff Black","0.00","RUB","Tinkoff Black","380.00","RUB",2023-07-26 15:23:45,2023-07-29 17:30:14,
2023-07-27,,,"Регулярный платеж","Tinkoff Black","12000.00","RUB","Tinkoff Black","0.00","RUB",2023-07-27 00:08:01,2024-03-24 09:49:08,
2023-07-27,"Продукты","SPAR",,"Открытие","97.90","RUB","Открытие","0.00","RUB",2023-07-27 05:13:58,2023-07-31 04:44:20,
2023-07-27,,,,"Открытие","600.00","RUB","Tinkoff Black","600.00","RUB",2023-07-27 06:28:08,2023-07-29 17:30:14,
2023-07-27,"Отдых и развлечения","WWW.RZD.RU",,"Tinkoff Black","939.00","RUB","Tinkoff Black","0.00","RUB",2023-07-27 06:28:49,2023-07-29 17:30:14,
2023-07-27,,,,"Tinkoff Black","11.00","RUB","Инвесткопилка","11.00","RUB",2023-07-27 06:28:50,2023-07-29 17:30:14,
2023-07-27,"Сигареты","BRISTOL 31",,"Открытие","229.00","RUB","Открытие","0.00","RUB",2023-07-27 09:16:58,2023-07-31 04:44:20,
2023-07-27,"Кафе и рестораны","KFC",,"Открытие","536.00","RUB","Открытие","0.00","RUB",2023-07-27 09:20:06,2023-07-31 04:44:20,
2023-07-27,"Продукты","SPAR",,"Открытие","179.80","RUB","Открытие","0.00","RUB",2023-07-27 13:32:56,2023-07-31 04:44:20,
2023-07-27,,,,"Счет погашения ипотеки","5000.00","RUB","Tinkoff Black","5000.00","RUB",2023-07-27 19:48:24,2023-07-29 17:30:14,
2023-07-27,"Тратата","Газиз С",,"Tinkoff Black","3908.00","RUB","Tinkoff Black","0.00","RUB",2023-07-27 19:49:09,2023-07-29 17:30:14,
2023-07-27,,,,"Инвесткопилка","0.00","RUB","Инвесткопилка","96.00","RUB",2023-07-27 19:53:50,2023-07-29 17:30:14,
2023-07-27,"Платежи. комиссии",,"Комиссия: Плата за оповещения об операциях","Tinkoff Black","99.00","RUB","Tinkoff Black","0.00","RUB",2023-07-27 20:22:49,2023-07-29 17:30:14,
2023-07-28,"Продукты","SPAR N21",,"Открытие","205.60","RUB","Открытие","0.00","RUB",2023-07-28 04:20:21,2023-08-07 12:41:04,
2023-07-28,"Тратата","Евгений Д.",,"Открытие","0.00","RUB","Открытие","3900.00","RUB",2023-07-28 05:28:48,2023-07-29 17:30:14,
2023-07-28,"Кафе и рестораны","IP KOSENKO S.A.",,"Открытие","40.00","RUB","Открытие","0.00","RUB",2023-07-28 06:35:37,2023-07-31 04:44:20,
2023-07-28,"Кафе и рестораны","Столовая",,"Открытие","325.00","RUB","Открытие","0.00","RUB",2023-07-28 07:58:49,2023-07-31 04:44:20,
2023-07-28,"Сигареты","SPAR",,"Открытие","229.00","RUB","Открытие","0.00","RUB",2023-07-28 08:45:17,2023-08-07 12:41:04,
2023-07-28,"Продукты","SPAR",,"Открытие","179.80","RUB","Открытие","0.00","RUB",2023-07-28 10:52:00,2023-08-07 12:41:04,
2023-07-28,"Автомобиль","Сергей А.","Мойка","Tinkoff Black","600.00","RUB","Tinkoff Black","0.00","RUB",2023-07-28 14:17:00,2023-07-29 17:30:14,
2023-07-28,"Продукты","SPAR",,"Открытие","119.80","RUB","Открытие","0.00","RUB",2023-07-28 14:25:41,2023-08-07 12:41:04,
2023-07-28,"Автомобиль","Лукойл","Бензин","Открытие","1000.00","RUB","Открытие","0.00","RUB",2023-07-28 15:36:34,2023-08-13 19:40:31,
2023-07-28,"Продукты","SPAR",,"Открытие","309.70","RUB","Открытие","0.00","RUB",2023-07-28 17:59:48,2023-08-07 12:41:04,
2023-07-28,"Проезд","YandexGo",,"Tinkoff Black","389.00","RUB","Tinkoff Black","0.00","RUB",2023-07-28 20:22:46,2023-07-29 17:30:14,
2023-07-28,,,,"Tinkoff Black","11.00","RUB","Инвесткопилка","11.00","RUB",2023-07-28 20:22:47,2023-07-29 17:30:14,
2023-07-29,"Продукты","SPAR 354",,"Открытие","565.50","RUB","Открытие","0.00","RUB",2023-07-29 04:30:05,2023-08-07 12:41:04,
2023-07-29,"Продукты","SPAR 354",,"Открытие","276.55","RUB","Открытие","0.00","RUB",2023-07-29 07:02:27,2023-07-29 17:30:14,
2023-07-29,"Сигареты","SPAR 354",,"Открытие","230.00","RUB","Открытие","0.00","RUB",2023-07-29 07:02:28,2023-07-29 17:30:14,
2023-07-29,"Кафе и рестораны","Burger King",,"Открытие","549.95","RUB","Открытие","0.00","RUB",2023-07-29 12:44:18,2023-08-07 12:41:04,
2023-07-29,"Продукты","Красное & Белое",,"Открытие","279.97","RUB","Открытие","0.00","RUB",2023-07-29 14:22:18,2023-08-07 12:41:04,
2023-07-30,"Продукты","Магнолия",,"Открытие","442.80","RUB","Открытие","0.00","RUB",2023-07-30 02:12:05,2023-08-07 12:41:04,
2023-07-30,"Проезд","Евгений Д.",,"Открытие","200.00","RUB","Открытие","0.00","RUB",2023-07-30 10:33:17,2023-07-31 04:44:54,
2023-07-30,"Сигареты","GRIFFON",,"Открытие","220.00","RUB","Открытие","0.00","RUB",2023-07-30 11:32:45,2023-08-07 12:41:04,
2023-07-30,"Продукты","Пятерочка",,"Открытие","619.91","RUB","Открытие","0.00","RUB",2023-07-30 12:53:28,2023-08-07 12:41:04,
2023-07-30,"Проезд","Mos.Transport",,"Открытие","112.00","RUB","Открытие","0.00","RUB",2023-07-30 15:39:26,2023-08-13 19:40:31,
2023-07-30,"Проезд","YandexGo",,"Tinkoff Black","267.00","RUB","Tinkoff Black","0.00","RUB",2023-07-30 20:25:35,2023-07-31 04:48:02,
2023-07-30,,,,"Tinkoff Black","33.00","RUB","Инвесткопилка","33.00","RUB",2023-07-30 20:25:36,2023-07-31 04:48:02,
2023-07-31,"Дом / Ипотека",,"Уплата процентов КД №770439 от 29.05.2020г.","Счет погашения ипотеки","10013.03","RUB","Счет погашения ипотеки","0.00","RUB",2023-07-30 21:00:00,2023-08-13 19:40:31,
2023-07-31,"Дом / Ипотека",,"Погашение основного долга КД №770439 от 29.05.2020г.","Счет погашения ипотеки","3480.97","RUB","Счет погашения ипотеки","0.00","RUB",2023-07-30 21:00:01,2023-08-13 19:40:31,
2023-07-31,"Проезд","YandexGo",,"Tinkoff Black","159.00","RUB","Tinkoff Black","0.00","RUB",2023-07-31 04:50:22,2023-07-31 16:20:13,
2023-07-31,,,,"Tinkoff Black","41.00","RUB","Инвесткопилка","41.00","RUB",2023-07-31 04:50:24,2023-07-31 16:20:13,
2023-07-31,"Обед","LETNEE KAFE",,"Открытие","60.00","RUB","Открытие","0.00","RUB",2023-07-31 05:54:44,2023-08-07 12:41:04,
2023-07-31,"Сигареты","SPAR",,"Открытие","229.00","RUB","Открытие","0.00","RUB",2023-07-31 08:45:55,2023-08-07 12:41:04,
2023-07-31,"Обед","LETNEE KAFE",,"Открытие","252.00","RUB","Открытие","0.00","RUB",2023-07-31 12:43:31,2023-08-07 12:41:04,
2023-07-31,"Продукты","SPAR",,"Открытие","40.00","RUB","Открытие","0.00","RUB",2023-07-31 13:10:00,2023-08-07 12:41:04,
2023-07-31,,,,"Счет погашения ипотеки","1000.00","RUB","Открытие","1000.00","RUB",2023-07-31 17:53:36,2023-08-13 19:40:31,
2023-07-31,"Продукты","Пятерочка",,"Открытие","261.94","RUB","Открытие","0.00","RUB",2023-07-31 17:54:19,2023-08-13 19:40:31,
2023-08-01,"Кафе и рестораны","IP KOSENKO S.A.",,"Открытие","40.00","RUB","Открытие","0.00","RUB",2023-08-01 05:12:50,2023-08-13 19:40:31,
2023-08-01,"Продукты","SPAR",,"Открытие","179.80","RUB","Открытие","0.00","RUB",2023-08-01 07:12:49,2023-08-13 19:40:31,
2023-08-01,"Сигареты","BRISTOL 31",,"Открытие","229.00","RUB","Открытие","0.00","RUB",2023-08-01 10:03:43,2023-08-13 19:40:31,
2023-08-01,"Кафе и рестораны","KFC",,"Открытие","403.00","RUB","Открытие","0.00","RUB",2023-08-01 10:08:44,2023-08-13 19:40:31,
2023-08-02,"Кафе и рестораны","IP KOSENKO S.A.",,"Открытие","45.00","RUB","Открытие","0.00","RUB",2023-08-02 05:16:50,2023-08-13 19:40:31,
2023-08-02,"Продукты","SPAR",,"Открытие","5.70","RUB","Открытие","0.00","RUB",2023-08-02 06:35:26,2023-08-13 19:40:31,
2023-08-02,"Сигареты","SPAR",,"Открытие","229.00","RUB","Открытие","0.00","RUB",2023-08-02 06:35:27,2023-08-13 19:40:31,
2023-08-02,,,"Перечисление ДС на банковскую карту 5586 2000 2357 8351 /Бутырин Максим Станиславович/ командировочные расходы согласно Авансового отчета №304 от 27.07.2023г.","Открытие","0.00","RUB","Открытие","26651.00","RUB",2023-08-02 09:06:53,2024-03-24 11:17:17,
2023-08-02,"Продукты","SPAR",,"Открытие","277.90","RUB","Открытие","0.00","RUB",2023-08-02 09:31:18,2023-08-13 19:40:31,
2023-08-02,"Сигареты","BRISTOL 31",,"Открытие","229.00","RUB","Открытие","0.00","RUB",2023-08-02 14:43:10,2023-08-13 19:40:31,
2023-08-02,"Продукты","BRISTOL 4985",,"Открытие","234.98","RUB","Открытие","0.00","RUB",2023-08-02 15:39:49,2023-08-13 19:40:31,
2023-08-02,"Продукты","SPAR N21",,"Открытие","545.71","RUB","Открытие","0.00","RUB",2023-08-02 17:01:19,2023-08-13 19:40:31,
2023-08-03,"Кафе и рестораны","IP KOSENKO S.A.",,"Открытие","40.00","RUB","Открытие","0.00","RUB",2023-08-03 05:26:39,2023-08-13 19:40:31,
2023-08-03,"Продукты","SPAR",,"Открытие","97.90","RUB","Открытие","0.00","RUB",2023-08-03 06:22:07,2023-08-13 19:40:31,
2023-08-03,"Продукты","SPAR",,"Открытие","248.90","RUB","Открытие","0.00","RUB",2023-08-03 10:10:39,2023-08-13 19:40:31,
2023-08-03,"Продукты","SPAR",,"Открытие","159.80","RUB","Открытие","0.00","RUB",2023-08-03 13:17:13,2023-08-13 19:40:31,
2023-08-03,"Сигареты","SPAR",,"Открытие","229.00","RUB","Открытие","0.00","RUB",2023-08-03 13:17:14,2023-08-13 19:40:31,
2023-08-03,"Платежи. комиссии","Виктор В.",,"Открытие","417.00","RUB","Открытие","0.00","RUB",2023-08-03 16:12:59,2023-08-13 19:40:31,
2023-08-03,"Кафе и рестораны","SUPER KEBAB",,"Открытие","190.00","RUB","Открытие","0.00","RUB",2023-08-03 17:16:42,2023-08-13 19:40:31,
2023-08-03,"Кафе и рестораны","SUPER KEBAB",,"Открытие","80.00","RUB","Открытие","0.00","RUB",2023-08-03 17:20:45,2023-08-13 19:40:31,
2023-08-04,"Кафе и рестораны","ALIDI",,"Открытие","40.00","RUB","Открытие","0.00","RUB",2023-08-04 05:16:06,2023-08-13 19:40:31,
2023-08-04,"Обед","LETNEE KAFE",,"Открытие","60.00","RUB","Открытие","0.00","RUB",2023-08-04 05:16:32,2023-08-13 19:40:31,
2023-08-04,"Платежи. комиссии","Сотовая связь",,"Открытие","200.00","RUB","Открытие","0.00","RUB",2023-08-04 06:32:32,2023-08-13 19:40:31,
2023-08-04,"Продукты","SPAR",,"Открытие","159.80","RUB","Открытие","0.00","RUB",2023-08-04 08:14:26,2023-08-13 19:40:31,
2023-08-04,"Кафе и рестораны","SP_KEBAB WORD",,"Открытие","270.00","RUB","Открытие","0.00","RUB",2023-08-04 09:17:10,2023-08-13 19:40:31,
2023-08-04,"Продукты","Пятерочка",,"Открытие","29.99","RUB","Открытие","0.00","RUB",2023-08-04 15:45:27,2023-08-13 19:40:31,
2023-08-04,"Сигареты","Пятерочка",,"Открытие","229.00","RUB","Открытие","0.00","RUB",2023-08-04 15:45:28,2023-08-13 19:40:31,
2023-08-04,"Кафе и рестораны","CoffeeLike",,"Открытие","350.00","RUB","Открытие","0.00","RUB",2023-08-04 20:09:22,2023-08-13 19:40:31,
2023-08-05,"Продукты","SPAR N21",,"Открытие","28.90","RUB","Открытие","0.00","RUB",2023-08-05 06:52:52,2023-08-13 19:40:31,
2023-08-05,"Сигареты","SPAR N21",,"Открытие","229.00","RUB","Открытие","0.00","RUB",2023-08-05 06:52:53,2023-08-13 19:40:31,
2023-08-05,"Тратата","Евгений Александрович Д.",,"Сбербанк","0.00","RUB","Сбербанк","3300.00","RUB",2023-08-05 07:31:09,2023-08-13 19:40:31,
2023-08-05,"Тратата","Даниил Игоревич К",,"Сбербанк","3299.00","RUB","Сбербанк","0.00","RUB",2023-08-05 07:31:59,2023-08-13 19:40:31,
2023-08-05,"Сигареты","SPAR",,"Открытие","124.80","RUB","Открытие","0.00","RUB",2023-08-05 08:53:13,2023-08-13 19:41:15,
2023-08-05,"Автомобиль","Лукойл","Бензин","Открытие","2000.00","RUB","Открытие","0.00","RUB",2023-08-05 09:12:47,2024-05-09 05:08:01,
2023-08-05,"Продукты","Пятерочка",,"Открытие","115.98","RUB","Открытие","0.00","RUB",2023-08-05 09:18:51,2023-08-13 19:41:15,
2023-08-05,"Кафе и рестораны","SP_DARK SIDE.",,"Открытие","550.00","RUB","Открытие","0.00","RUB",2023-08-05 11:56:00,2023-08-13 19:41:15,
2023-08-05,"Сигареты","PYATEROCHKA 20355",,"Открытие","229.00","RUB","Открытие","0.00","RUB",2023-08-05 18:29:18,2023-08-13 19:41:15,
2023-08-06,"Продукты","SPAR",,"Открытие","342.76","RUB","Открытие","0.00","RUB",2023-08-05 22:30:25,2023-08-13 19:40:31,
2023-08-06,"Сигареты","SPAR",,"Открытие","229.00","RUB","Открытие","0.00","RUB",2023-08-05 22:30:26,2023-08-13 19:40:31,
2023-08-06,"Продукты","SPAR N21",,"Открытие","257.90","RUB","Открытие","0.00","RUB",2023-08-06 11:43:20,2023-08-13 19:41:15,
2023-08-06,"Продукты","Окей",,"Открытие","81.99","RUB","Открытие","0.00","RUB",2023-08-06 12:54:57,2023-08-13 19:41:15,
2023-08-06,"Продукты","Окей",,"Открытие","65.96","RUB","Открытие","0.00","RUB",2023-08-06 15:34:03,2023-08-13 19:40:31,
2023-08-06,"Сигареты","Окей",,"Открытие","229.00","RUB","Открытие","0.00","RUB",2023-08-06 15:34:04,2023-08-13 19:40:31,
2023-08-06,"Кафе и рестораны","Hachapuri Mariko",,"Открытие","1555.00","RUB","Открытие","0.00","RUB",2023-08-06 19:23:47,2023-08-13 19:40:31,
2023-08-07,"Продукты","Магнит",,"Открытие","23.99","RUB","Открытие","0.00","RUB",2023-08-06 21:40:23,2023-08-13 19:40:31,
2023-08-07,"Сигареты","Магнит",,"Открытие","229.00","RUB","Открытие","0.00","RUB",2023-08-06 21:40:24,2023-08-13 19:40:31,
2023-08-07,"Продукты","SPAR N21",,"Открытие","195.70","RUB","Открытие","0.00","RUB",2023-08-07 04:37:16,2023-08-13 19:41:15,
2023-08-07,"Обед","SO VOK",,"Открытие","660.00","RUB","Открытие","0.00","RUB",2023-08-07 09:31:37,2023-08-13 19:41:15,
2023-08-07,"Платежи. комиссии","Наталия П.",,"Открытие","50.00","RUB","Открытие","0.00","RUB",2023-08-07 12:28:04,2023-08-13 19:40:31,
2023-08-07,,,,"Открытие","3500.00","RUB","Наличные","3500.00","RUB",2023-08-07 12:34:44,2023-08-13 19:40:31,
2023-08-07,"Обед","LETNEE KAFE",,"Открытие","132.00","RUB","Открытие","0.00","RUB",2023-08-07 12:41:31,2023-08-13 19:41:15,
2023-08-07,"Платежи. комиссии","Наталья Б.",,"Открытие","2000.00","RUB","Открытие","0.00","RUB",2023-08-07 15:56:43,2023-08-13 19:40:31,
2023-08-07,,,,"Счет погашения ипотеки","4000.00","RUB","Открытие","4000.00","RUB",2023-08-07 15:57:09,2023-08-13 19:40:31,
2023-08-07,"Одежда","LCWaikiki",,"Открытие","1498.00","RUB","Открытие","0.00","RUB",2023-08-07 17:40:41,2023-08-13 19:41:15,
2023-08-07,"Сигареты","BRISTOL EKSPRESS 65",,"Открытие","229.00","RUB","Открытие","0.00","RUB",2023-08-07 17:45:13,2023-08-13 19:41:15,
2023-08-07,"Продукты","Окей",,"Открытие","181.98","RUB","Открытие","0.00","RUB",2023-08-07 18:13:03,2023-08-13 19:41:15,
2023-08-07,"Автомобиль","Лукойл","Бензин","Открытие","1000.00","RUB","Открытие","0.00","RUB",2023-08-07 19:26:00,2024-05-09 05:08:01,
2023-08-08,"Продукты","SPAR",,"Открытие","349.50","RUB","Открытие","0.00","RUB",2023-08-08 05:25:27,2023-08-13 19:41:15,
2023-08-08,"Здоровье и фитнес","IP CHUPROV K.V.","Стрижка","Открытие","1400.00","RUB","Открытие","0.00","RUB",2023-08-08 10:43:26,2024-05-09 05:08:01,
2023-08-08,"Обед","LETNEE KAFE",,"Открытие","388.00","RUB","Открытие","0.00","RUB",2023-08-08 11:46:42,2023-08-13 19:41:15,
2023-08-08,,,,"Счет погашения ипотеки","4000.00","RUB","Открытие","4000.00","RUB",2023-08-08 15:14:56,2023-08-13 19:40:31,
2023-08-08,,,,"Открытие","10000.00","RUB","Tinkoff Black","10000.00","RUB",2023-08-08 15:44:45,2023-08-13 19:40:31,
2023-08-08,,"Клиенту Тинькофф",,"Tinkoff Black","10000.00","RUB","Tinkoff Black","0.00","RUB",2023-08-08 15:50:59,2024-03-24 09:49:08,
2023-08-08,"Продукты","Пятерочка",,"Открытие","37.99","RUB","Открытие","0.00","RUB",2023-08-08 18:08:05,2023-08-13 19:40:31,
2023-08-08,"Сигареты","Пятерочка",,"Открытие","229.00","RUB","Открытие","0.00","RUB",2023-08-08 18:08:06,2023-08-13 19:40:31,
2023-08-08,"Кафе и рестораны","MAMA DOMA",,"Открытие","860.00","RUB","Открытие","0.00","RUB",2023-08-08 19:34:52,2023-08-13 19:41:15,
2023-08-09,"Продукты","SPAR N21",,"Открытие","173.70","RUB","Открытие","0.00","RUB",2023-08-09 04:40:37,2023-08-13 19:56:41,
2023-08-09,"Продукты","SPAR",,"Открытие","159.80","RUB","Открытие","0.00","RUB",2023-08-09 08:05:09,2023-08-13 19:56:41,
2023-08-09,"Обед","LETNEE KAFE",,"Открытие","227.00","RUB","Открытие","0.00","RUB",2023-08-09 12:15:13,2023-08-13 19:56:41,
2023-08-09,"Продукты","SPAR N21",,"Открытие","250.90","RUB","Открытие","0.00","RUB",2023-08-09 16:34:47,2023-08-13 19:56:41,
2023-08-09,"Сигареты","SPAR N21",,"Открытие","229.00","RUB","Открытие","0.00","RUB",2023-08-09 16:34:48,2023-08-13 19:56:41,
2023-08-10,,,,"Открытие","25500.00","RUB","Счет погашения ипотеки","25500.00","RUB",2023-08-09 21:00:00,2023-08-13 19:56:41,
2023-08-10,"Продукты","SPAR",,"Открытие","49.90","RUB","Открытие","0.00","RUB",2023-08-09 22:00:49,2023-08-14 15:50:43,
2023-08-10,"Продукты","SPAR N21",,"Открытие","129.80","RUB","Открытие","0.00","RUB",2023-08-10 04:34:09,2023-08-14 15:50:43,
2023-08-10,"Продукты","SPAR",,"Открытие","159.80","RUB","Открытие","0.00","RUB",2023-08-10 06:46:53,2023-08-14 15:50:43,
2023-08-10,"Зарплата",,"Перечисление ден. средств по реестру","Открытие","0.00","RUB","Открытие","66041.95","RUB",2023-08-10 09:05:27,2023-08-13 19:56:41,
2023-08-10,,"Евгений Д.",,"Открытие","5000.00","RUB","Долги","5000.00","RUB",2023-08-10 09:25:57,2023-08-13 19:56:41,
2023-08-10,,,,"Открытие","24000.00","RUB","Наличные","24000.00","RUB",2023-08-10 09:28:03,2023-08-13 19:56:41,
2023-08-10,"Здоровье и фитнес","Кирилл Ч.","Для укладки волос","Открытие","2700.00","RUB","Открытие","0.00","RUB",2023-08-10 11:04:42,2024-05-09 05:08:01,
2023-08-10,"Обед","LETNEE KAFE",,"Открытие","192.00","RUB","Открытие","0.00","RUB",2023-08-10 11:55:22,2023-08-13 19:56:41,
2023-08-10,"Платежи. комиссии","Мама",,"Открытие","420.00","RUB","Открытие","0.00","RUB",2023-08-10 12:14:49,2023-08-13 19:56:41,
2023-08-10,"Продукты","SPAR N21",,"Открытие","198.00","RUB","Открытие","0.00","RUB",2023-08-10 16:39:08,2023-08-13 19:50:18,
2023-08-10,"Сигареты","SPAR N21",,"Открытие","229.00","RUB","Открытие","0.00","RUB",2023-08-10 16:39:09,2023-08-13 19:50:18,
2023-08-11,"Продукты","SPAR N21",,"Открытие","173.70","RUB","Открытие","0.00","RUB",2023-08-11 04:20:41,2023-08-15 18:06:31,
2023-08-11,"Обед","LETNEE KAFE",,"Открытие","244.00","RUB","Открытие","0.00","RUB",2023-08-11 09:54:21,2023-08-14 15:50:43,
2023-08-11,,"Никита Г.",,"Открытие","6000.00","RUB","Долги","6000.00","RUB",2023-08-11 12:09:17,2023-08-13 19:50:18,
2023-08-11,,"Наталья Б.","Подушки через сдек","Открытие","1075.00","RUB","Открытие","0.00","RUB",2023-08-11 13:48:40,2024-03-24 11:17:17,
2023-08-11,,,,"Счет погашения ипотеки","5000.00","RUB","Tinkoff Black","5000.00","RUB",2023-08-11 16:05:34,2023-08-13 19:56:41,
2023-08-11,"Платежи. комиссии","GOSUSLUGI.RU",,"Tinkoff Black","475.04","RUB","Tinkoff Black","0.00","RUB",2023-08-11 16:05:55,2023-08-13 19:56:41,
2023-08-11,,,,"Tinkoff Black","24.96","RUB","Инвесткопилка","24.96","RUB",2023-08-11 16:05:56,2023-08-13 19:56:41,
2023-08-11,"Тратата","Клиенту Тинькофф",,"Tinkoff Black","2766.00","RUB","Tinkoff Black","0.00","RUB",2023-08-11 16:37:26,2023-08-13 19:50:18,
2023-08-11,,,,"Счет погашения ипотеки","5000.00","RUB","Tinkoff Black","5000.00","RUB",2023-08-11 16:54:23,2023-08-13 19:56:41,
2023-08-11,"Продукты","SPAR N21",,"Открытие","122.70","RUB","Открытие","0.00","RUB",2023-08-11 17:20:17,2023-08-13 19:50:18,
2023-08-11,"Сигареты","SPAR N21",,"Открытие","230.00","RUB","Открытие","0.00","RUB",2023-08-11 17:20:18,2023-08-13 19:50:18,
2023-08-11,,,,"Счет погашения ипотеки","5000.00","RUB","Открытие","5000.00","RUB",2023-08-11 17:31:02,2023-08-13 19:56:41,
2023-08-11,"Автомобиль","Лукойл","Бензин","Открытие","3240.00","RUB","Открытие","0.00","RUB",2023-08-11 17:46:59,2024-05-09 05:08:01,
2023-08-12,"Продукты","Магнит",,"Открытие","198.46","RUB","Открытие","0.00","RUB",2023-08-11 23:30:20,2023-08-19 13:26:29,
2023-08-12,"Кафе и рестораны","Burger King",,"Открытие","451.96","RUB","Открытие","0.00","RUB",2023-08-12 07:32:47,2023-08-19 13:26:29,
2023-08-12,"Корректировка","Евгений Д.",,"Открытие","0.00","RUB","Открытие","220.00","RUB",2023-08-12 10:34:37,2023-08-13 19:50:18,
2023-08-12,"Отдых и развлечения","KREML BILETNYE KASSY",,"Открытие","330.00","RUB","Открытие","0.00","RUB",2023-08-12 10:36:21,2023-08-19 13:26:29,
2023-08-12,"Корректировка","Евгений Д.",,"Открытие","0.00","RUB","Открытие","220.00","RUB",2023-08-12 10:38:15,2023-08-13 19:50:18,
2023-08-12,"Продукты","Пятерочка",,"Открытие","92.99","RUB","Открытие","0.00","RUB",2023-08-12 11:21:47,2023-08-19 13:26:29,
2023-08-12,"Продукты","Магнит",,"Открытие","150.00","RUB","Открытие","0.00","RUB",2023-08-12 13:49:23,2023-08-19 13:26:29,
2023-08-12,"Продукты","SPAR",,"Открытие","228.90","RUB","Открытие","0.00","RUB",2023-08-12 15:56:38,2023-08-19 13:26:29,
2023-08-12,"Тратата","Тимур Ш.",,"Tinkoff Black","1000.00","RUB","Tinkoff Black","0.00","RUB",2023-08-12 17:00:34,2023-08-13 19:50:18,
2023-08-12,"Продукты","Магнит",,"Открытие","91.98","RUB","Открытие","0.00","RUB",2023-08-12 19:01:53,2023-08-19 13:26:29,
2023-08-12,"Тратата","Никита Ш.",,"Tinkoff Black","671.00","RUB","Tinkoff Black","0.00","RUB",2023-08-12 19:43:50,2023-08-13 19:50:18,
2023-08-12,"Тратата","220027******9828","Перевод на карту","Tinkoff Black","822.00","RUB","Tinkoff Black","0.00","RUB",2023-08-12 20:01:11,2023-08-13 19:50:18,
2023-08-12,"Тратата","Михаил Б.",,"Tinkoff Black","2444.00","RUB","Tinkoff Black","0.00","RUB",2023-08-12 20:18:16,2023-08-13 19:50:18,
2023-08-13,"Продукты","SPAR N50SBP",,"Tinkoff Black","438.40","RUB","Tinkoff Black","0.00","RUB",2023-08-12 21:46:09,2023-08-13 19:56:41,
2023-08-13,,,,"Tinkoff Black","11.60","RUB","Инвесткопилка","11.60","RUB",2023-08-12 21:46:10,2023-08-13 19:56:41,
2023-08-13,,,,"Счет погашения ипотеки","3000.00","RUB","Tinkoff Black","3000.00","RUB",2023-08-12 22:17:52,2023-08-13 19:56:41,
2023-08-13,"Тратата","Клиенту Тинькофф",,"Tinkoff Black","3063.00","RUB","Tinkoff Black","0.00","RUB",2023-08-12 22:22:22,2023-08-13 19:50:18,
2023-08-13,"Продукты","SPAR",,"Открытие","459.60","RUB","Открытие","0.00","RUB",2023-08-12 23:01:34,2023-08-19 13:26:29,
2023-08-13,"Сигареты","Obnya",,"Открытие","229.00","RUB","Открытие","0.00","RUB",2023-08-13 15:44:55,2023-08-19 13:26:29,
2023-08-13,"Продукты","SPAR N21",,"Tinkoff Black","833.60","RUB","Tinkoff Black","0.00","RUB",2023-08-13 15:52:18,2023-08-13 19:56:41,
2023-08-13,,,,"Tinkoff Black","16.40","RUB","Инвесткопилка","16.40","RUB",2023-08-13 15:52:19,2023-08-13 19:56:41,
2023-08-13,"Образование","ROBOKASSA","Подписка на месяц на дзен","Tinkoff Black","149.00","RUB","Tinkoff Black","0.00","RUB",2023-08-13 19:43:37,2023-08-14 15:50:43,
2023-08-13,,,,"Tinkoff Black","1.00","RUB","Инвесткопилка","1.00","RUB",2023-08-13 19:43:38,2023-08-14 15:50:43,
2023-08-14,"Проезд","YandexGo",,"Tinkoff Black","289.00","RUB","Tinkoff Black","0.00","RUB",2023-08-14 04:50:40,2023-08-14 15:51:29,
2023-08-14,"Продукты","SPAR",,"Открытие","97.90","RUB","Открытие","0.00","RUB",2023-08-14 05:53:17,2023-08-19 13:26:29,
2023-08-14,,,,"Инвесткопилка","1000.00","RUB","Tinkoff Black","1000.00","RUB",2023-08-14 09:23:50,2023-08-14 15:51:29,
2023-08-14,,,,"Tinkoff Black","1000.00","RUB","Открытие","1000.00","RUB",2023-08-14 09:24:19,2023-08-14 15:51:29,
2023-08-14,"Продукты","SPAR",,"Открытие","158.90","RUB","Открытие","0.00","RUB",2023-08-14 09:29:10,2023-08-14 15:51:29,
2023-08-14,"Сигареты","SPAR",,"Открытие","229.00","RUB","Открытие","0.00","RUB",2023-08-14 09:29:11,2023-08-14 15:51:29,
2023-08-14,,,,"Инвесткопилка","296.00","RUB","Tinkoff Black","296.00","RUB",2023-08-14 15:42:10,2023-08-14 15:54:38,
2023-08-14,,,"Удержание налога на прибыль","Инвесткопилка","4.00","RUB","Инвесткопилка","0.00","RUB",2023-08-14 15:42:11,2023-08-14 15:54:38,
2023-08-14,"Автомобиль","GOSUSLUGI FINES","Штраф","Tinkoff Black","252.48","RUB","Tinkoff Black","0.00","RUB",2023-08-14 15:42:39,2023-08-15 18:06:31,
2023-08-14,,,,"Tinkoff Black","47.52","RUB","Инвесткопилка","47.52","RUB",2023-08-14 15:42:40,2023-08-15 18:06:31,
2023-08-15,,,,"Счет погашения ипотеки","500.00","RUB","Tinkoff Black","500.00","RUB",2023-08-15 04:49:18,2023-08-19 13:25:51,
2023-08-15,"Продукты","SPAR",,"Открытие","229.60","RUB","Открытие","0.00","RUB",2023-08-15 06:24:52,2023-08-19 13:26:29,
2023-08-15,,,,"Счет погашения ипотеки","1000.00","RUB","Открытие","1000.00","RUB",2023-08-15 13:24:04,2023-08-19 13:25:51,
2023-08-15,,,,"Счет погашения ипотеки","1000.00","RUB","Открытие","1000.00","RUB",2023-08-15 13:24:19,2023-08-19 13:25:51,
2023-08-15,"Продукты","SPAR",,"Открытие","158.80","RUB","Открытие","0.00","RUB",2023-08-15 13:28:34,2023-08-19 13:25:51,
2023-08-15,"Сигареты","SPAR",,"Открытие","230.00","RUB","Открытие","0.00","RUB",2023-08-15 13:28:35,2023-08-19 13:25:51,
2023-08-15,"Проезд","YandexGo",,"Tinkoff Black","229.00","RUB","Tinkoff Black","0.00","RUB",2023-08-15 18:08:14,2023-08-23 04:24:06,
2023-08-15,,,,"Tinkoff Black","21.00","RUB","Инвесткопилка","21.00","RUB",2023-08-15 18:08:15,2023-08-23 04:24:06,
2023-08-16,,,"Корректировка налога","Инвесткопилка","0.00","RUB","Инвесткопилка","1.00","RUB",2023-08-15 21:00:01,2023-08-23 04:24:06,
2023-08-16,,,"Корректировка налога","Инвесткопилка","2.00","RUB","Инвесткопилка","0.00","RUB",2023-08-15 21:00:02,2023-08-23 04:24:06,
2023-08-16,"Проезд","YandexGo",,"Tinkoff Black","99.00","RUB","Tinkoff Black","0.00","RUB",2023-08-16 05:19:07,2023-08-23 04:24:06,
2023-08-16,,,,"Tinkoff Black","1.00","RUB","Инвесткопилка","1.00","RUB",2023-08-16 05:19:08,2023-08-23 04:24:06,
2023-08-16,"Продукты","SPAR",,"Открытие","246.70","RUB","Открытие","0.00","RUB",2023-08-16 05:55:51,2023-08-23 04:25:25,
2023-08-16,"Продукты","SPAR",,"Открытие","180.00","RUB","Открытие","0.00","RUB",2023-08-16 09:45:09,2023-08-23 04:25:25,
2023-08-16,"Обед","LETNEE KAFE",,"Открытие","227.00","RUB","Открытие","0.00","RUB",2023-08-16 12:20:46,2023-08-23 04:24:06,
2023-08-16,"Продукты","SPAR N21",,"Открытие","408.89","RUB","Открытие","0.00","RUB",2023-08-16 14:47:37,2023-08-23 04:24:06,
2023-08-16,"Сигареты","SPAR N21",,"Открытие","229.00","RUB","Открытие","0.00","RUB",2023-08-16 14:47:38,2023-08-23 04:24:06,
2023-08-17,"Продукты","SPAR",,"Открытие","99.80","RUB","Открытие","0.00","RUB",2023-08-17 05:55:32,2023-08-23 04:25:25,
2023-08-17,,,,"Счет погашения ипотеки","1000.00","RUB","Открытие","1000.00","RUB",2023-08-17 09:04:07,2023-08-23 04:24:06,
2023-08-17,"Кафе и рестораны","Siyrnaya Lavka",,"Открытие","207.00","RUB","Открытие","0.00","RUB",2023-08-17 09:49:51,2023-08-23 04:24:06,
2023-08-17,"Кафе и рестораны","SOFFEELIKE",,"Открытие","290.00","RUB","Открытие","0.00","RUB",2023-08-17 09:50:27,2023-08-23 04:25:25,
2023-08-17,"Продукты","Красное & Белое",,"Открытие","24.69","RUB","Открытие","0.00","RUB",2023-08-17 10:17:09,2023-08-23 04:25:25,
2023-08-17,"Продукты","SPAR",,"Открытие","297.90","RUB","Открытие","0.00","RUB",2023-08-17 12:39:28,2023-08-23 04:25:25,
2023-08-17,,"Никита Г.",,"Долги","7000.00","RUB","Tinkoff Black","7000.00","RUB",2023-08-17 12:46:51,2023-08-23 04:24:06,
2023-08-17,,,,"Счет погашения ипотеки","2000.00","RUB","Открытие","2000.00","RUB",2023-08-17 16:04:00,2023-08-23 04:24:06,
2023-08-17,"Автомобиль","Лукойл","Бензин","Открытие","691.16","RUB","Открытие","0.00","RUB",2023-08-17 16:22:21,2023-08-23 04:24:06,
2023-08-17,"Сигареты","Лукойл",,"Открытие","229.00","RUB","Открытие","0.00","RUB",2023-08-17 16:22:57,2023-08-23 04:24:06,
2023-08-17,"Продукты","SPAR",,"Открытие","149.02","RUB","Открытие","0.00","RUB",2023-08-17 17:36:45,2023-08-23 04:25:25,
2023-08-17,"Продукты","SPAR N21",,"Открытие","106.80","RUB","Открытие","0.00","RUB",2023-08-17 20:17:23,2023-08-23 04:25:25,
2023-08-18,"Продукты","SPAR",,"Открытие","283.50","RUB","Открытие","0.00","RUB",2023-08-18 05:19:22,2023-08-23 04:25:25,
2023-08-18,,"Евгений Д.",,"Долги","5000.00","RUB","Открытие","5000.00","RUB",2023-08-18 08:02:37,2023-08-23 04:24:06,
2023-08-18,"Продукты","SPAR",,"Открытие","257.90","RUB","Открытие","0.00","RUB",2023-08-18 09:30:38,2023-08-23 04:25:25,
2023-08-18,"Продукты","SPAR N21",,"Открытие","277.90","RUB","Открытие","0.00","RUB",2023-08-18 17:54:58,2023-08-23 04:24:06,
2023-08-18,"Сигареты","SPAR N21",,"Открытие","229.00","RUB","Открытие","0.00","RUB",2023-08-18 17:54:59,2023-08-23 04:24:06,
2023-08-18,"Продукты","Лента",,"Открытие","149.98","RUB","Открытие","0.00","RUB",2023-08-18 20:48:55,2023-08-23 04:25:25,
2023-08-19,"Продукты","SPAR N21",,"Открытие","507.70","RUB","Открытие","0.00","RUB",2023-08-19 10:35:53,2023-08-23 04:25:25,
2023-08-19,"Автомобиль","Лукойл","Бензин","Открытие","1999.00","RUB","Открытие","0.00","RUB",2023-08-19 12:50:34,2024-05-09 05:08:01,
2023-08-19,"Продукты","Пятерочка",,"Открытие","115.98","RUB","Открытие","0.00","RUB",2023-08-19 13:15:17,2023-08-23 04:25:25,
2023-08-19,"Автомобиль",,"Мойка","Наличные","450.00","RUB","Наличные","0.00","RUB",2023-08-19 13:28:53,2023-08-23 04:24:06,
2023-08-19,"Сигареты","Лукойл",,"Открытие","229.00","RUB","Открытие","0.00","RUB",2023-08-19 14:35:24,2023-08-23 09:46:44,
2023-08-19,"Продукты","Пятерочка",,"Открытие","203.97","RUB","Открытие","0.00","RUB",2023-08-19 15:19:03,2023-08-23 09:46:44,
2023-08-19,"Продукты","SPAR",,"Открытие","338.90","RUB","Открытие","0.00","RUB",2023-08-19 17:02:48,2023-08-23 09:46:44,
2023-08-20,"Кафе и рестораны","QSR 23015",,"Открытие","420.00","RUB","Открытие","0.00","RUB",2023-08-19 22:15:23,2023-08-23 09:46:44,
2023-08-20,"Кафе и рестораны","Столовая",,"Открытие","500.00","RUB","Открытие","0.00","RUB",2023-08-20 13:10:22,2023-08-23 09:46:44,
2023-08-20,"Продукты","PYATEROCHKA 11235",,"Открытие","75.99","RUB","Открытие","0.00","RUB",2023-08-20 14:09:22,2023-08-24 04:34:39,
2023-08-20,"Продукты","SPAR",,"Открытие","129.80","RUB","Открытие","0.00","RUB",2023-08-20 15:50:49,2023-08-24 04:34:39,
2023-08-20,"Продукты","Магнит",,"Открытие","280.99","RUB","Открытие","0.00","RUB",2023-08-20 16:19:39,2023-08-24 04:34:39,
2023-08-20,,,,"Счет погашения ипотеки","2000.00","RUB","Открытие","2000.00","RUB",2023-08-20 18:41:24,2023-08-23 09:46:44,
2023-08-20,"Кафе и рестораны","MAMA DOMA",,"Открытие","1150.00","RUB","Открытие","0.00","RUB",2023-08-20 19:20:16,2023-08-23 09:46:44,
2023-08-21,"Проезд","YandexGo",,"Tinkoff Black","99.00","RUB","Tinkoff Black","0.00","RUB",2023-08-21 05:07:18,2023-08-23 09:46:44,
2023-08-21,,,,"Tinkoff Black","1.00","RUB","Инвесткопилка","1.00","RUB",2023-08-21 05:07:19,2023-08-23 09:46:44,
2023-08-21,"Продукты","SPAR",,"Открытие","128.90","RUB","Открытие","0.00","RUB",2023-08-21 06:00:08,2023-08-23 09:46:44,
2023-08-21,"Сигареты","SPAR",,"Открытие","229.00","RUB","Открытие","0.00","RUB",2023-08-21 06:00:09,2023-08-23 09:46:44,
2023-08-21,"Кафе и рестораны","IP KOSENKO S.A.",,"Открытие","40.00","RUB","Открытие","0.00","RUB",2023-08-21 12:37:12,2023-08-24 04:34:39,
2023-08-21,"Кафе и рестораны","IP KOSENKO S.A.",,"Открытие","40.00","RUB","Открытие","0.00","RUB",2023-08-21 12:37:23,2023-08-24 04:34:39,
2023-08-21,"Продукты","SPAR N21",,"Открытие","739.02","RUB","Открытие","0.00","RUB",2023-08-21 16:56:41,2023-08-25 05:59:05,
2023-08-21,"Кафе и рестораны","CoffeeLike",,"Открытие","150.00","RUB","Открытие","0.00","RUB",2023-08-21 19:54:18,2023-08-25 05:59:05,
2023-08-22,"Продукты","SPAR",,"Открытие","89.90","RUB","Открытие","0.00","RUB",2023-08-21 21:04:14,2023-08-27 08:22:33,
2023-08-22,,,,"Tinkoff Black","1000.00","RUB","Открытие","1000.00","RUB",2023-08-22 05:36:36,2023-08-23 09:46:44,
2023-08-22,"Продукты","SPAR",,"Открытие","104.70","RUB","Открытие","0.00","RUB",2023-08-22 05:54:57,2023-08-23 09:46:44,
2023-08-22,"Сигареты","SPAR",,"Открытие","229.00","RUB","Открытие","0.00","RUB",2023-08-22 05:54:58,2023-08-23 09:46:44,
2023-08-22,,,,"Tinkoff Black","1000.00","RUB","Открытие","1000.00","RUB",2023-08-22 09:38:44,2023-08-23 09:46:44,
2023-08-22,"Кафе и рестораны","KAFE VSPYSHKA",,"Открытие","600.00","RUB","Открытие","0.00","RUB",2023-08-22 09:50:21,2023-08-25 05:59:05,
2023-08-22,"Продукты","SPAR",,"Открытие","158.90","RUB","Открытие","0.00","RUB",2023-08-22 12:12:28,2023-08-27 08:22:33,
2023-08-23,"Платежи. комиссии","Yandex.Plus",,"Tinkoff Black","138.00","RUB","Tinkoff Black","0.00","RUB",2023-08-23 01:30:50,2023-08-23 09:46:44,
2023-08-23,,,,"Tinkoff Black","12.00","RUB","Инвесткопилка","12.00","RUB",2023-08-23 01:30:51,2023-08-23 09:46:44,
2023-08-23,"Дом / Съем жилья ",,,"Наличные","23000.00","RUB","Наличные","0.00","RUB",2023-08-23 04:27:08,2024-03-24 04:05:54,
2023-08-23,"Обед","SPAR N21",,"Открытие","145.70","RUB","Открытие","0.00","RUB",2023-08-23 04:34:31,2023-08-27 08:22:33,
2023-08-23,"Обед","IP Zubov N.R. 2",,"Открытие","550.00","RUB","Открытие","0.00","RUB",2023-08-23 09:11:10,2023-08-27 08:22:33,
2023-08-23,,,,"Tinkoff Black","1000.00","RUB","Открытие","1000.00","RUB",2023-08-23 09:37:15,2023-08-24 04:34:39,
2023-08-23,"Сигареты","BRISTOL 31",,"Открытие","229.00","RUB","Открытие","0.00","RUB",2023-08-23 09:39:13,2023-08-27 08:22:33,
2023-08-23,,,,"Tinkoff Black","1000.00","RUB","Открытие","1000.00","RUB",2023-08-23 15:05:05,2023-08-24 04:36:16,
2023-08-23,"Продукты","SPAR N21",,"Открытие","693.07","RUB","Открытие","0.00","RUB",2023-08-23 15:06:32,2023-08-27 08:22:33,
2023-08-23,,,,"Tinkoff Black","1000.00","RUB","Открытие","1000.00","RUB",2023-08-23 16:34:35,2023-08-24 04:36:16,
2023-08-23,"Автомобиль","Лукойл","Бензин","Открытие","1000.00","RUB","Открытие","0.00","RUB",2023-08-23 16:43:06,2024-05-09 05:08:01,
2023-08-25,"Зарплата",,"Перечисление ден. средств по реестру","Открытие","0.00","RUB","Открытие","44475.14","RUB",2023-08-25 05:29:16,2023-08-27 08:23:57,
2023-08-25,"Кафе и рестораны","Виктор С.",,"Открытие","100.00","RUB","Открытие","0.00","RUB",2023-08-25 05:52:40,2023-08-27 08:23:57,
2023-08-25,,,,"Открытие","12000.00","RUB","Tinkoff Black","12000.00","RUB",2023-08-25 05:53:50,2023-08-27 08:23:57,
2023-08-25,,,,"Открытие","13500.00","RUB","Счет погашения ипотеки","13500.00","RUB",2023-08-25 05:55:40,2023-08-27 08:23:57,
2023-08-25,"Подарки","Валерий К.",,"Открытие","1000.00","RUB","Открытие","0.00","RUB",2023-08-25 11:50:15,2023-08-27 08:23:57,
2023-08-25,"Продукты","Перекресток",,"Открытие","75.60","RUB","Открытие","0.00","RUB",2023-08-25 15:30:17,2023-09-01 14:49:23,
2023-08-25,"Продукты","2896 Perekrestok",,"Tinkoff Black","265.98","RUB","Tinkoff Black","0.00","RUB",2023-08-25 16:20:05,2023-08-27 08:23:57,
2023-08-25,,,,"Tinkoff Black","34.02","RUB","Инвесткопилка","34.02","RUB",2023-08-25 16:20:06,2023-08-27 08:23:57,
2023-08-26,"Продукты","SPAR N21",,"Открытие","70.24","RUB","Открытие","0.00","RUB",2023-08-26 07:36:05,2023-09-01 14:49:23,
2023-08-26,"Продукты","Красное & Белое",,"Открытие","97.89","RUB","Открытие","0.00","RUB",2023-08-26 07:59:27,2023-09-01 14:49:23,
2023-08-26,"Продукты","Окей",,"Открытие","622.99","RUB","Открытие","0.00","RUB",2023-08-26 09:13:50,2023-09-01 14:49:23,
2023-08-26,,"Лукойл",,"Открытие","2282.00","RUB","Открытие","0.00","RUB",2023-08-26 09:53:01,2024-03-24 09:49:08,
2023-08-26,"Кафе и рестораны","Илья К.",,"Открытие","2000.00","RUB","Открытие","0.00","RUB",2023-08-26 14:12:54,2023-08-27 08:23:57,
2023-08-26,"Продукты","SPAR N21",,"Открытие","295.49","RUB","Открытие","0.00","RUB",2023-08-26 18:47:37,2023-08-27 08:23:57,
2023-08-26,"Сигареты","SPAR N21",,"Открытие","229.00","RUB","Открытие","0.00","RUB",2023-08-26 18:47:38,2023-08-27 08:23:57,
2023-08-27,"Проезд","YandexGo",,"Tinkoff Black","345.00","RUB","Tinkoff Black","0.00","RUB",2023-08-26 21:06:39,2023-08-27 08:23:57,
2023-08-27,,,,"Tinkoff Black","5.00","RUB","Инвесткопилка","5.00","RUB",2023-08-26 21:06:40,2023-08-27 08:23:57,
2023-08-27,,,"Регулярный платеж","Tinkoff Black","12000.00","RUB","Tinkoff Black","0.00","RUB",2023-08-26 23:59:07,2024-03-24 09:49:08,
2023-08-27,"Продукты","SPAR N21",,"Открытие","238.00","RUB","Открытие","0.00","RUB",2023-08-27 06:48:17,2023-09-01 14:49:23,
2023-08-27,,"Кирилл",,"Открытие","800.00","RUB","Долги","800.00","RUB",2023-08-27 10:05:15,2023-08-27 11:48:41,
2023-08-27,"Платежи. комиссии",,,"Открытие","50.00","RUB","Открытие","0.00","RUB",2023-08-27 10:05:16,2023-08-27 11:48:41,
2023-08-27,"Продукты","Пятерочка",,"Открытие","30.89","RUB","Открытие","0.00","RUB",2023-08-27 10:24:52,2023-08-27 11:48:41,
2023-08-27,"Сигареты","Пятерочка",,"Открытие","229.00","RUB","Открытие","0.00","RUB",2023-08-27 10:24:53,2023-08-27 11:48:41,
2023-08-27,"Проезд","YandexGo",,"Tinkoff Black","183.00","RUB","Tinkoff Black","0.00","RUB",2023-08-27 10:42:59,2023-09-01 14:48:36,
2023-08-27,,,,"Tinkoff Black","17.00","RUB","Инвесткопилка","17.00","RUB",2023-08-27 10:43:01,2023-09-01 14:48:36,
2023-08-27,,"Никита Г.",,"Наличные","1000.00","RUB","Долги","1000.00","RUB",2023-08-27 11:49:25,2023-09-01 14:44:04,
2023-08-27,"Кафе и рестораны","TARANTINO",,"Открытие","2020.00","RUB","Открытие","0.00","RUB",2023-08-27 13:22:56,2023-09-01 14:49:23,
2023-08-27,"Одежда","Salon obuvi Respect",,"Кредитка","10618.00","RUB","Кредитка","0.00","RUB",2023-08-27 14:42:41,2023-10-30 16:51:55,
2023-08-27,"Одежда","HENDERSON-355PQR",,"Кредитка","39638.00","RUB","Кредитка","0.00","RUB",2023-08-27 15:17:42,2023-10-30 16:51:55,
2023-08-27,"Продукты","Ашан",,"Открытие","57.99","RUB","Открытие","0.00","RUB",2023-08-27 15:33:59,2023-09-01 14:49:23,
2023-08-27,"Проезд","YandexGo",,"Tinkoff Black","448.00","RUB","Tinkoff Black","0.00","RUB",2023-08-27 15:57:56,2023-09-01 14:48:36,
2023-08-27,,,,"Tinkoff Black","2.00","RUB","Инвесткопилка","2.00","RUB",2023-08-27 15:57:57,2023-09-01 14:48:36,
2023-08-27,"Продукты","SPAR N21",,"Открытие","387.73","RUB","Открытие","0.00","RUB",2023-08-27 16:27:43,2023-09-01 14:49:23,
2023-08-27,"Кафе и рестораны","MOLOKO ALEKSEYEVSKAYA",,"Открытие","875.00","RUB","Открытие","0.00","RUB",2023-08-27 19:17:32,2023-09-01 14:49:23,
2023-08-27,"Кафе и рестораны","NETMONET",,"Tinkoff Black","163.00","RUB","Tinkoff Black","0.00","RUB",2023-08-27 19:18:55,2023-09-01 14:48:36,
2023-08-27,,,,"Tinkoff Black","37.00","RUB","Инвесткопилка","37.00","RUB",2023-08-27 19:18:56,2023-09-01 14:48:36,
2023-08-27,"Кэшбэк",,"Кэшбэк за обычные покупки","Tinkoff Black","0.00","RUB","Tinkoff Black","32.00","RUB",2023-08-27 19:53:29,2023-09-01 14:48:36,
2023-08-27,,,,"Tinkoff Black","32.00","RUB","Инвесткопилка","32.00","RUB",2023-08-27 19:56:25,2023-09-01 14:48:36,
2023-08-27,"Платежи. комиссии",,"Комиссия: Плата за оповещения об операциях","Tinkoff Black","99.00","RUB","Tinkoff Black","0.00","RUB",2023-08-27 20:25:46,2023-09-01 14:48:36,
2023-08-28,,,,"Открытие","33000.00","RUB","Счет погашения ипотеки","33000.00","RUB",2023-08-27 21:00:00,2023-09-01 14:49:23,
2023-08-28,"Проезд","YandexGo",,"Tinkoff Black","86.00","RUB","Tinkoff Black","0.00","RUB",2023-08-28 05:11:24,2023-09-01 14:48:36,
2023-08-28,,,,"Tinkoff Black","14.00","RUB","Инвесткопилка","14.00","RUB",2023-08-28 05:11:25,2023-09-01 14:48:36,
2023-08-28,"Зарплата",,"Перечисление ден. средств по реестру","Открытие","0.00","RUB","Открытие","32688.87","RUB",2023-08-28 05:28:48,2023-09-01 14:49:23,
2023-08-28,"Обед","LETNEE KAFE",,"Открытие","146.00","RUB","Открытие","0.00","RUB",2023-08-28 05:30:10,2023-09-01 14:49:23,
2023-08-28,"Продукты","SPAR N21",,"Открытие","508.19","RUB","Открытие","0.00","RUB",2023-08-28 09:24:45,2023-09-01 14:49:23,
2023-08-28,,,"Комиссия: Плата за оформление рассрочки в Respect","Кредитка","414.00","RUB","Кредитка","0.00","RUB",2023-08-28 09:55:19,2023-10-30 16:51:55,
2023-08-28,,,,"Открытие","2000.00","RUB","Tinkoff Black","2000.00","RUB",2023-08-28 10:02:12,2023-09-01 14:49:23,
2023-08-28,"Проезд","YandexGo",,"Tinkoff Black","217.00","RUB","Tinkoff Black","0.00","RUB",2023-08-28 10:02:37,2023-09-01 14:48:36,
2023-08-28,,,,"Tinkoff Black","33.00","RUB","Инвесткопилка","33.00","RUB",2023-08-28 10:02:38,2023-09-01 14:48:36,
2023-08-28,"Продукты","SPAR",,"Открытие","288.90","RUB","Открытие","0.00","RUB",2023-08-28 13:36:46,2023-09-01 14:49:23,
2023-08-28,"Проезд","Евгений Д.",,"Открытие","1915.00","RUB","Открытие","0.00","RUB",2023-08-28 15:18:18,2023-09-01 14:49:23,
2023-08-28,"Продукты","SPAR N21",,"Открытие","813.19","RUB","Открытие","0.00","RUB",2023-08-28 16:16:17,2023-09-01 14:49:23,
2023-08-28,"Подарки","ASTRO FLOVERS",,"Открытие","330.00","RUB","Открытие","0.00","RUB",2023-08-28 18:40:17,2023-09-01 14:49:23,
2023-08-29,,,,"Счет погашения ипотеки","3000.00","RUB","Открытие","3000.00","RUB",2023-08-29 06:12:29,2023-09-01 14:49:23,
2023-08-29,,"NIKA SPRING CENTR.",,"Открытие","1460.00","RUB","Открытие","0.00","RUB",2023-08-29 06:13:01,2024-03-24 11:17:17,
2023-08-29,"Продукты","SPAR",,"Открытие","268.80","RUB","Открытие","0.00","RUB",2023-08-29 06:24:39,2023-09-13 20:22:25,
2023-08-29,,,"Комиссия: Плата за оформление рассрочки в HENDERSON","Кредитка","3091.00","RUB","Кредитка","0.00","RUB",2023-08-29 07:14:40,2023-10-30 16:51:55,
2023-08-29,"Продукты","SPAR",,"Открытие","328.80","RUB","Открытие","0.00","RUB",2023-08-29 15:06:48,2023-09-13 20:22:25,
2023-08-29,"Кафе и рестораны","KORCHMA KHUTOROK",,"Открытие","1605.00","RUB","Открытие","0.00","RUB",2023-08-29 17:47:41,2023-09-13 20:22:25,
2023-08-29,"Продукты","SPAR",,"Открытие","106.80","RUB","Открытие","0.00","RUB",2023-08-29 20:07:50,2023-09-13 20:22:25,
2023-08-29,"Проезд","YandexGo",,"Tinkoff Black","370.00","RUB","Tinkoff Black","0.00","RUB",2023-08-29 20:46:59,2023-09-01 14:48:36,
2023-08-29,,,,"Tinkoff Black","30.00","RUB","Инвесткопилка","30.00","RUB",2023-08-29 20:47:00,2023-09-01 14:48:36,
2023-08-30,"Проезд","YandexGo",,"Tinkoff Black","192.00","RUB","Tinkoff Black","0.00","RUB",2023-08-30 05:03:25,2023-09-01 14:48:36,
2023-08-30,,,,"Tinkoff Black","8.00","RUB","Инвесткопилка","8.00","RUB",2023-08-30 05:03:26,2023-09-01 14:48:36,
2023-08-30,"Продукты","SPAR",,"Открытие","59.90","RUB","Открытие","0.00","RUB",2023-08-30 05:51:20,2023-09-13 20:22:25,
2023-08-30,,,,"Счет погашения ипотеки","30000.00","RUB","Открытие","30000.00","RUB",2023-08-30 08:56:33,2023-09-01 14:49:23,
2023-08-30,"Обед","SO VOK",,"Открытие","510.00","RUB","Открытие","0.00","RUB",2023-08-30 09:15:43,2023-09-13 20:22:25,
2023-08-30,"Продукты","SPAR",,"Открытие","229.00","RUB","Открытие","0.00","RUB",2023-08-30 12:42:11,2023-09-13 20:22:25,
2023-08-30,"Проезд","YandexGo",,"Tinkoff Black","210.00","RUB","Tinkoff Black","0.00","RUB",2023-08-30 12:59:26,2023-09-01 14:48:36,
2023-08-30,,,,"Tinkoff Black","40.00","RUB","Инвесткопилка","40.00","RUB",2023-08-30 12:59:27,2023-09-01 14:48:36,
2023-08-30,"Автомобиль","GELIKON",,"Открытие","23620.00","RUB","Открытие","0.00","RUB",2023-08-30 13:01:48,2023-09-13 20:22:25,
2023-08-30,"Продукты","Пятерочка",,"Открытие","109.99","RUB","Открытие","0.00","RUB",2023-08-30 16:34:11,2023-09-13 20:22:25,
2023-08-31,"Дом / Ипотека",,"Уплата процентов КД №770439 от 29.05.2020г.","Счет погашения ипотеки","9988.49","RUB","Счет погашения ипотеки","0.00","RUB",2023-08-30 21:00:00,2023-09-01 14:49:23,
2023-08-31,"Дом / Ипотека",,"Погашение основного долга КД №770439 от 29.05.2020г.","Счет погашения ипотеки","3505.51","RUB","Счет погашения ипотеки","0.00","RUB",2023-08-30 21:00:01,2023-09-01 14:49:23,
2023-08-31,"Продукты","SPAR N21",,"Открытие","1375.50","RUB","Открытие","0.00","RUB",2023-08-31 04:40:03,2023-09-13 20:22:25,
2023-08-31,"Кафе и рестораны","Hachapuri Mariko",,"Открытие","2130.00","RUB","Открытие","0.00","RUB",2023-08-31 10:05:54,2023-09-01 14:49:23,
2023-08-31,"Сигареты","BRISTOL 31",,"Открытие","229.00","RUB","Открытие","0.00","RUB",2023-08-31 11:06:26,2023-09-13 20:22:25,
2023-08-31,,"Роман Р",,"Открытие","2535.00","RUB","Открытие","0.00","RUB",2023-08-31 16:56:08,2023-09-01 14:49:23,
2023-08-31,"Проезд","NKD ST-TSIYA NIZHEG-AY",,"Открытие","200.00","RUB","Открытие","0.00","RUB",2023-08-31 18:18:22,2023-09-13 20:22:25,
2023-09-01,"Продукты","SPAR N21",,"Открытие","216.70","RUB","Открытие","0.00","RUB",2023-09-01 04:34:55,2023-09-01 14:50:30,
2023-09-01,"Сигареты","SPAR N21",,"Открытие","229.00","RUB","Открытие","0.00","RUB",2023-09-01 04:34:56,2023-09-01 14:50:30,
2023-09-01,"Продукты","SPAR 44",,"Tinkoff Black","206.90","RUB","Tinkoff Black","0.00","RUB",2023-09-01 09:08:54,2023-09-01 14:48:36,
2023-09-01,,,,"Tinkoff Black","43.10","RUB","Инвесткопилка","43.10","RUB",2023-09-01 09:08:55,2023-09-01 14:48:36,
2023-09-01,,,,"Инвесткопилка","1998.29","RUB","Tinkoff Black","1998.29","RUB",2023-09-01 09:16:22,2023-09-01 14:48:36,
2023-09-01,"Продукты","Lenta-0294",,"Tinkoff Black","284.29","RUB","Tinkoff Black","0.00","RUB",2023-09-01 14:40:06,2023-09-01 14:48:36,
2023-09-01,,,,"Tinkoff Black","15.71","RUB","Инвесткопилка","15.71","RUB",2023-09-01 14:40:08,2023-09-01 14:48:36,
2023-09-01,"Продукты","SPAR N21",,"Tinkoff Black","396.94","RUB","Tinkoff Black","0.00","RUB",2023-09-01 16:33:52,2023-09-13 20:22:25,
2023-09-01,,,,"Tinkoff Black","3.06","RUB","Инвесткопилка","3.06","RUB",2023-09-01 16:33:53,2023-09-13 20:22:25,
2023-09-01,"Автомобиль","LUKOIL.AZS 52013 52C",,"Tinkoff Black","1228.00","RUB","Tinkoff Black","0.00","RUB",2023-09-01 17:50:38,2023-09-13 20:22:25,
2023-09-01,,,,"Tinkoff Black","22.00","RUB","Инвесткопилка","22.00","RUB",2023-09-01 17:50:39,2023-09-13 20:22:25,
2023-09-02,"Продукты","SPAR N21",,"Tinkoff Black","238.86","RUB","Tinkoff Black","0.00","RUB",2023-09-02 07:52:12,2023-09-13 20:22:25,
2023-09-02,,,,"Tinkoff Black","11.14","RUB","Инвесткопилка","11.14","RUB",2023-09-02 07:52:13,2023-09-13 20:22:25,
2023-09-02,"Автомобиль","Avtodop-Akkumulyatory",,"Tinkoff Black","125.00","RUB","Tinkoff Black","0.00","RUB",2023-09-02 09:06:17,2023-09-13 20:22:25,
2023-09-02,,,,"Tinkoff Black","25.00","RUB","Инвесткопилка","25.00","RUB",2023-09-02 09:06:18,2023-09-13 20:22:25,
2023-09-02,"Автомобиль","Avtodop-Avtotovary",,"Tinkoff Black","100.00","RUB","Tinkoff Black","0.00","RUB",2023-09-02 09:18:00,2023-09-13 20:22:25,
2023-09-02,"Платежи. комиссии","Новогор Прикамье",,"Tinkoff Black","90.41","RUB","Tinkoff Black","0.00","RUB",2023-09-02 13:31:11,2023-10-31 01:21:15,
2023-09-02,"Продукты","SPAR 78",,"Tinkoff Black","159.90","RUB","Tinkoff Black","0.00","RUB",2023-09-02 14:20:31,2023-09-13 20:22:25,
2023-09-02,,,,"Tinkoff Black","40.10","RUB","Инвесткопилка","40.10","RUB",2023-09-02 14:20:32,2023-09-13 20:22:25,
2023-09-02,,"LUKOIL.AZS 52033 52C",,"Кредитка","999.00","RUB","Кредитка","0.00","RUB",2023-09-02 18:46:17,2024-03-24 11:17:17,
2023-09-02,,,,"Открытие","398.00","RUB","Tinkoff Black","398.00","RUB",2023-09-02 18:58:31,2023-09-13 20:22:25,
2023-09-02,"Кафе и рестораны","Evo_Chudesa Mangala",,"Tinkoff Black","300.00","RUB","Tinkoff Black","0.00","RUB",2023-09-02 19:02:09,2023-09-13 20:22:25,
2023-09-03,"Продукты","SPAR 50",,"Tinkoff Black","163.00","RUB","Tinkoff Black","0.00","RUB",2023-09-02 21:30:32,2023-09-13 20:22:25,
2023-09-03,,,,"Tinkoff Black","37.00","RUB","Инвесткопилка","37.00","RUB",2023-09-02 21:30:33,2023-09-13 20:22:25,
2023-09-03,,"Перевод",,"Tinkoff Black","0.00","RUB","Tinkoff Black","8.52","RUB",2023-09-03 01:58:48,2023-09-13 20:22:25,
2023-09-03,,,,"Кредитка","2000.00","RUB","Tinkoff Black","2000.00","RUB",2023-09-03 10:04:05,2023-10-30 16:51:55,
2023-09-03,"Продукты","SPAR N21",,"Tinkoff Black","269.71","RUB","Tinkoff Black","0.00","RUB",2023-09-03 10:17:56,2023-09-13 20:22:25,
2023-09-03,,,,"Tinkoff Black","30.29","RUB","Инвесткопилка","30.29","RUB",2023-09-03 10:17:57,2023-09-13 20:22:25,
2023-09-03,"Продукты","MAGNIT MM BALDUNG",,"Tinkoff Black","280.99","RUB","Tinkoff Black","0.00","RUB",2023-09-03 13:07:16,2023-09-13 20:22:25,
2023-09-03,,,,"Tinkoff Black","19.01","RUB","Инвесткопилка","19.01","RUB",2023-09-03 13:07:17,2023-09-13 20:22:25,
2023-09-03,"Тратата","Валерий Щ",,"Tinkoff Black","250.00","RUB","Tinkoff Black","0.00","RUB",2023-09-03 13:10:50,2023-10-31 01:21:15,
2023-09-03,"Продукты","SPAR N21",,"Tinkoff Black","527.18","RUB","Tinkoff Black","0.00","RUB",2023-09-03 14:27:48,2023-09-13 20:22:25,
2023-09-03,,,,"Tinkoff Black","22.82","RUB","Инвесткопилка","22.82","RUB",2023-09-03 14:27:49,2023-09-13 20:22:25,
2023-09-03,"Автомобиль","LUKOIL.AZS 52023 52C",,"Кредитка","1000.00","RUB","Кредитка","0.00","RUB",2023-09-03 18:19:44,2023-10-30 16:51:55,
2023-09-03,"Продукты","SPAR 50",,"Tinkoff Black","432.91","RUB","Tinkoff Black","0.00","RUB",2023-09-03 19:09:19,2023-09-13 20:22:25,
2023-09-03,,,,"Tinkoff Black","17.09","RUB","Инвесткопилка","17.09","RUB",2023-09-03 19:09:20,2023-09-13 20:22:25,
2023-09-04,"Продукты","SPAR 44",,"Tinkoff Black","59.90","RUB","Tinkoff Black","0.00","RUB",2023-09-04 05:38:17,2023-09-13 20:22:25,
2023-09-04,,,,"Tinkoff Black","40.10","RUB","Инвесткопилка","40.10","RUB",2023-09-04 05:38:18,2023-09-13 20:22:25,
2023-09-04,"Кафе и рестораны","Kulinariya Knyazevoj",,"Кредитка","564.14","RUB","Кредитка","0.00","RUB",2023-09-04 09:48:25,2023-10-30 16:51:55,
2023-09-04,"Продукты","SPAR 44",,"Кредитка","388.80","RUB","Кредитка","0.00","RUB",2023-09-04 13:28:50,2023-10-30 16:51:55,
2023-09-04,"Продукты","LENTA 294",,"Кредитка","347.00","RUB","Кредитка","0.00","RUB",2023-09-04 17:48:48,2023-10-30 16:51:55,
2023-09-05,,,"Корректировка налога","Инвесткопилка","10.00","RUB","Инвесткопилка","0.00","RUB",2023-09-04 21:00:01,2023-09-13 20:22:25,
2023-09-05,"Обед","KFC B.POKROVSKAYA1",,"Кредитка","648.00","RUB","Кредитка","0.00","RUB",2023-09-05 09:50:38,2023-10-30 16:51:55,
2023-09-05,,,"Перевод СБП A3248095050506150000070011060501 от АЛЕКСАНДР ВЛАДИМИРОВИЧ Е 79101372656 Тинькофф Банк","Открытие","0.00","RUB","Открытие","109.00","RUB",2023-09-05 09:50:54,2023-09-13 20:22:25,
2023-09-05,"Продукты","SPAR 44",,"Кредитка","438.80","RUB","Кредитка","0.00","RUB",2023-09-05 12:10:57,2023-10-30 16:51:55,
2023-09-05,"Продукты","LENTA 294",,"Кредитка","461.56","RUB","Кредитка","0.00","RUB",2023-09-05 17:24:28,2023-10-30 16:51:55,
2023-09-06,"Кафе и рестораны","Kafe Stejk-Khaus",,"Кредитка","125.00","RUB","Кредитка","0.00","RUB",2023-09-06 05:06:21,2023-10-30 16:51:55,
2023-09-06,,,,"Кредитка","1000.00","RUB","Tinkoff Black","1000.00","RUB",2023-09-06 06:51:11,2023-10-30 16:51:55,
2023-09-06,"Платежи. комиссии","Виктор В",,"Tinkoff Black","175.00","RUB","Tinkoff Black","0.00","RUB",2023-09-06 06:52:01,2023-09-13 20:22:25,
2023-09-06,"Продукты","SPAR 44",,"Tinkoff Black","257.90","RUB","Tinkoff Black","0.00","RUB",2023-09-06 08:55:07,2023-09-13 20:22:25,
2023-09-06,,,,"Tinkoff Black","42.10","RUB","Инвесткопилка","42.10","RUB",2023-09-06 08:55:08,2023-09-13 20:22:25,
2023-09-06,"Кафе и рестораны","Kafe Stejk-Khaus",,"Кредитка","132.00","RUB","Кредитка","0.00","RUB",2023-09-06 12:19:25,2023-10-30 16:51:55,
2023-09-06,"Сигареты","BRISTOL 31",,"Кредитка","229.00","RUB","Кредитка","0.00","RUB",2023-09-06 15:15:47,2023-10-30 16:51:55,
2023-09-07,,,,"Открытие","50000.00","RUB","Счет погашения ипотеки","50000.00","RUB",2023-09-06 21:00:00,2023-09-13 20:22:25,
2023-09-07,"Продукты","SPAR N21",,"Tinkoff Black","145.70","RUB","Tinkoff Black","0.00","RUB",2023-09-07 04:20:29,2023-09-13 20:22:25,
2023-09-07,,,,"Tinkoff Black","4.30","RUB","Инвесткопилка","4.30","RUB",2023-09-07 04:20:30,2023-09-13 20:22:25,
2023-09-07,"Зарплата",,"Перечисление ден. средств по реестру","Открытие","0.00","RUB","Открытие","80910.00","RUB",2023-09-07 07:17:08,2023-09-13 20:22:25,
2023-09-07,"Кафе и рестораны","Kafe Stejk-Khaus",,"Tinkoff Black","60.00","RUB","Tinkoff Black","0.00","RUB",2023-09-07 08:10:04,2023-09-13 20:22:25,
2023-09-07,,,,"Tinkoff Black","40.00","RUB","Инвесткопилка","40.00","RUB",2023-09-07 08:10:05,2023-09-13 20:22:25,
2023-09-07,,,,"Открытие","3000.00","RUB","Tinkoff Black","3000.00","RUB",2023-09-07 09:32:49,2023-09-13 20:22:25,
2023-09-07,"Продукты","SPAR N21",,"Tinkoff Black","1004.86","RUB","Tinkoff Black","0.00","RUB",2023-09-07 09:40:51,2023-09-13 20:22:25,
2023-09-07,,,,"Tinkoff Black","45.14","RUB","Инвесткопилка","45.14","RUB",2023-09-07 09:40:52,2023-09-13 20:22:25,
2023-09-07,"Проезд","YandexGo",,"Tinkoff Black","108.00","RUB","Tinkoff Black","0.00","RUB",2023-09-07 10:12:16,2023-09-13 20:22:25,
2023-09-07,,,,"Tinkoff Black","42.00","RUB","Инвесткопилка","42.00","RUB",2023-09-07 10:12:17,2023-09-13 20:22:25,
2023-09-07,"Кафе и рестораны","ALIDI",,"Открытие","40.00","RUB","Открытие","0.00","RUB",2023-09-07 13:27:02,2023-09-13 20:22:25,
2023-09-07,"Сигареты","BRISTOL 31",,"Открытие","229.00","RUB","Открытие","0.00","RUB",2023-09-07 15:59:31,2023-09-13 20:22:25,
2023-09-07,,"IP CHUPROV K.V.",,"Открытие","1400.00","RUB","Открытие","0.00","RUB",2023-09-07 17:37:15,2024-03-24 11:17:17,
2023-09-07,,,,"Открытие","10000.00","RUB","Tinkoff Black","10000.00","RUB",2023-09-07 18:11:59,2023-09-13 20:22:25,
2023-09-07,"Отдых и развлечения","WWW.RZD.RU",,"Tinkoff Black","3243.00","RUB","Tinkoff Black","0.00","RUB",2023-09-07 18:12:20,2023-09-13 20:22:25,
2023-09-07,,,,"Tinkoff Black","7.00","RUB","Инвесткопилка","7.00","RUB",2023-09-07 18:12:21,2023-09-13 20:22:25,
2023-09-07,"Отдых и развлечения","WWW.RZD.RU",,"Tinkoff Black","4411.60","RUB","Tinkoff Black","0.00","RUB",2023-09-07 18:14:51,2023-09-13 20:22:25,
2023-09-07,,,,"Tinkoff Black","38.40","RUB","Инвесткопилка","38.40","RUB",2023-09-07 18:14:52,2023-09-13 20:22:25,
2023-09-07,"Кафе и рестораны","BAKLADZHAN",,"Открытие","1940.00","RUB","Открытие","0.00","RUB",2023-09-07 19:33:03,2023-09-13 20:22:25,
2023-09-07,"Тратата","Иван П.",,"Tinkoff Black","200.00","RUB","Tinkoff Black","0.00","RUB",2023-09-07 19:34:26,2023-10-31 01:21:15,
2023-09-08,"Продукты","SPAR N21",,"Открытие","59.90","RUB","Открытие","0.00","RUB",2023-09-08 04:17:32,2023-09-13 20:22:25,
2023-09-08,"Кафе и рестораны","KAFE STEJK-KHAUS",,"Открытие","96.00","RUB","Открытие","0.00","RUB",2023-09-08 05:24:13,2023-09-13 20:22:25,
2023-09-08,"Зарплата",,"Перечисление ден. средств по реестру","Открытие","0.00","RUB","Открытие","67500.42","RUB",2023-09-08 07:17:41,2023-09-13 20:22:25,
2023-09-08,"Кафе и рестораны","KAFE STEJK-KHAUS",,"Открытие","238.00","RUB","Открытие","0.00","RUB",2023-09-08 09:21:04,2023-09-13 20:22:25,
2023-09-08,,,,"Открытие","23000.00","RUB","Наличные","23000.00","RUB",2023-09-08 09:36:34,2023-09-13 20:22:25,
2023-09-08,"Зарплата",,"Перечисление ден. средств по реестру","Открытие","0.00","RUB","Открытие","62283.33","RUB",2023-09-08 09:52:57,2023-09-13 20:22:25,
2023-09-08,"Автомобиль","Лукойл",,"Открытие","1307.00","RUB","Открытие","0.00","RUB",2023-09-08 12:20:00,2023-09-13 20:22:25,
2023-09-09,,,,"Открытие","7000.00","RUB","Сбербанк","7000.00","RUB",2023-09-08 21:38:57,2023-09-13 20:22:25,
2023-09-09,"Тратата","Евгений Андреевич Г",,"Сбербанк","6711.00","RUB","Сбербанк","0.00","RUB",2023-09-08 21:52:08,2023-10-31 01:21:15,
2023-09-09,"Автомобиль","GOSUSLUGI SHTRAFY",,"Tinkoff Black","504.95","RUB","Tinkoff Black","0.00","RUB",2023-09-09 04:14:56,2023-09-13 20:22:25,
2023-09-09,,,,"Tinkoff Black","45.05","RUB","Инвесткопилка","45.05","RUB",2023-09-09 04:14:57,2023-09-13 20:22:25,
2023-09-09,,"Антон П",,"Tinkoff Black","2000.00","RUB","Долги","2000.00","RUB",2023-09-09 04:52:08,2023-09-16 03:57:54,
2023-09-09,"Проезд","YandexGo",,"Tinkoff Black","353.00","RUB","Tinkoff Black","0.00","RUB",2023-09-09 04:58:58,2023-09-16 03:57:54,
2023-09-09,,,,"Tinkoff Black","47.00","RUB","Инвесткопилка","47.00","RUB",2023-09-09 04:58:59,2023-09-16 03:57:54,
2023-09-09,,,,"Сбербанк","200.00","RUB","Открытие","200.00","RUB",2023-09-09 05:24:54,2023-09-16 03:57:54,
2023-09-09,"Платежи. комиссии","TELE2",,"Tinkoff Black","200.00","RUB","Tinkoff Black","0.00","RUB",2023-09-09 05:25:47,2023-09-16 03:57:54,
2023-09-09,,"Никита Г.",,"Открытие","3500.00","RUB","Долги","3500.00","RUB",2023-09-09 11:10:59,2023-09-16 03:57:54,
2023-09-09,"Обед","KFC RADISHEVSKAYAPQR",,"Tinkoff Black","403.00","RUB","Tinkoff Black","0.00","RUB",2023-09-09 11:55:39,2023-09-16 03:57:54,
2023-09-09,,,,"Tinkoff Black","47.00","RUB","Инвесткопилка","47.00","RUB",2023-09-09 11:55:40,2023-09-16 03:57:54,
2023-09-09,"Корректировка","Евгений Д.",,"Открытие","0.00","RUB","Открытие","100.00","RUB",2023-09-09 15:53:59,2023-09-13 20:22:25,
2023-09-09,"Корректировка","Евгений Д.",,"Открытие","0.00","RUB","Открытие","56.00","RUB",2023-09-09 15:55:07,2023-09-13 20:22:25,
2023-09-09,"Продукты","Магнолия",,"Сбербанк","139.80","RUB","Сбербанк","0.00","RUB",2023-09-09 18:25:44,2023-09-13 20:22:25,
2023-09-10,,,,"Открытие","95000.00","RUB","Счет погашения ипотеки","95000.00","RUB",2023-09-09 21:00:00,2023-09-13 20:22:25,
2023-09-10,"Проезд","Евгений Д.",,"Открытие","500.00","RUB","Открытие","0.00","RUB",2023-09-10 01:06:25,2023-09-13 20:22:25,
2023-09-10,,,,"Открытие","1500.00","RUB","Сбербанк","1500.00","RUB",2023-09-10 02:21:25,2023-09-16 03:57:54,
2023-09-10,"Продукты","Магнолия",,"Сбербанк","376.70","RUB","Сбербанк","0.00","RUB",2023-09-10 02:22:12,2023-09-13 20:22:25,
2023-09-10,"Продукты","6903 Pyaterochka",,"Tinkoff Black","119.98","RUB","Tinkoff Black","0.00","RUB",2023-09-10 07:37:28,2023-09-13 20:22:25,
2023-09-10,,,,"Tinkoff Black","30.02","RUB","Инвесткопилка","30.02","RUB",2023-09-10 07:37:29,2023-09-16 03:57:54,
2023-09-10,"Подарки","Мама",,"Открытие","420.00","RUB","Открытие","0.00","RUB",2023-09-10 11:18:38,2023-11-03 19:20:30,
2023-09-10,"Корректировка","Евгений Д.",,"Открытие","0.00","RUB","Открытие","3350.00","RUB",2023-09-10 13:09:57,2023-09-13 20:22:25,
2023-09-10,,,,"Открытие","3000.00","RUB","Tinkoff Black","3000.00","RUB",2023-09-10 13:29:26,2023-09-13 20:22:25,
2023-09-10,"Отдых и развлечения","WWW.RZD.RU",,"Tinkoff Black","2280.30","RUB","Tinkoff Black","0.00","RUB",2023-09-10 13:30:10,2023-09-13 20:22:25,
2023-09-10,"Корректировка","Евгений Д.",,"Открытие","0.00","RUB","Открытие","1000.00","RUB",2023-09-10 13:30:10,2023-09-13 20:22:25,
2023-09-10,,,,"Tinkoff Black","19.70","RUB","Инвесткопилка","19.70","RUB",2023-09-10 13:30:11,2023-09-16 03:57:54,
2023-09-10,"Продукты","Магнолия",,"Сбербанк","40.90","RUB","Сбербанк","0.00","RUB",2023-09-10 13:33:04,2023-09-16 03:57:54,
2023-09-10,"Сигареты","Магнолия",,"Сбербанк","230.00","RUB","Сбербанк","0.00","RUB",2023-09-10 13:33:05,2023-09-16 03:57:54,
2023-09-10,"Проезд","YandexGo",,"Tinkoff Black","351.00","RUB","Tinkoff Black","0.00","RUB",2023-09-10 20:22:39,2023-09-16 03:57:54,
2023-09-10,,,,"Tinkoff Black","49.00","RUB","Инвесткопилка","49.00","RUB",2023-09-10 20:22:40,2023-09-16 03:57:54,
2023-09-11,"Сигареты","GAZPROMNEFT AZS 243",,"Сбербанк","315.00","RUB","Сбербанк","0.00","RUB",2023-09-11 05:25:26,2023-09-16 03:57:54,
2023-09-11,"Кафе и рестораны","Lukoyl-KstovoPQR",,"Tinkoff Black","392.00","RUB","Tinkoff Black","0.00","RUB",2023-09-11 08:08:59,2023-09-16 03:13:25,
2023-09-11,,,,"Tinkoff Black","8.00","RUB","Инвесткопилка","8.00","RUB",2023-09-11 08:09:00,2023-09-16 03:57:54,
2023-09-11,"Кафе и рестораны","KHACHAPURIYA POKROVKA",,"Открытие","1350.00","RUB","Открытие","0.00","RUB",2023-09-11 18:00:46,2023-09-16 03:57:54,
2023-09-11,"Продукты","SPAR",,"Открытие","385.40","RUB","Открытие","0.00","RUB",2023-09-11 18:51:25,2023-09-16 03:13:18,
2023-09-11,,,,"Открытие","3000.00","RUB","Tinkoff Black","3000.00","RUB",2023-09-11 19:59:30,2023-09-16 03:57:54,
2023-09-11,,,,"Счет погашения ипотеки","64000.00","RUB","Tinkoff Black","64000.00","RUB",2023-09-11 20:02:35,2023-09-13 20:22:25,
2023-09-11,"Корректировка",,,"Tinkoff Black","63000.00","RUB","Tinkoff Black","0.00","RUB",2023-09-11 20:06:30,2023-10-31 04:40:57,
2023-09-11,,,,"Кредитка","0.00","RUB","Кредитка","63000.00","RUB",2023-09-11 20:06:30,2023-10-30 16:51:55,
2023-09-11,"Автомобиль","Wildberries",,"Tinkoff Black","2336.00","RUB","Tinkoff Black","0.00","RUB",2023-09-11 20:41:38,2023-09-13 20:22:25,
2023-09-11,,,,"Tinkoff Black","14.00","RUB","Инвесткопилка","14.00","RUB",2023-09-11 20:41:39,2023-09-16 03:57:54,
2023-09-12,"Проезд","YandexGo",,"Tinkoff Black","306.00","RUB","Tinkoff Black","0.00","RUB",2023-09-12 04:52:38,2023-09-16 03:57:54,
2023-09-12,,,,"Tinkoff Black","44.00","RUB","Инвесткопилка","44.00","RUB",2023-09-12 04:52:39,2023-09-16 03:57:54,
2023-09-12,"Продукты","SPAR",,"Открытие","288.90","RUB","Открытие","0.00","RUB",2023-09-12 05:53:34,2023-09-16 03:13:18,
2023-09-12,"Продукты","SPAR N21",,"Открытие","349.18","RUB","Открытие","0.00","RUB",2023-09-12 10:08:27,2023-09-16 03:13:18,
2023-09-12,"Проезд","YandexGo",,"Tinkoff Black","110.00","RUB","Tinkoff Black","0.00","RUB",2023-09-12 10:33:51,2023-09-16 03:57:54,
2023-09-12,,,,"Tinkoff Black","40.00","RUB","Инвесткопилка","40.00","RUB",2023-09-12 10:33:52,2023-09-16 03:57:54,
2023-09-12,,"Антон П",,"Долги","2000.00","RUB","Tinkoff Black","2000.00","RUB",2023-09-12 12:49:53,2023-09-16 03:57:54,
2023-09-13,"Продукты","SPAR N21",,"Открытие","288.90","RUB","Открытие","0.00","RUB",2023-09-13 04:43:11,2023-10-10 21:51:04,
2023-09-13,,,,"Счет погашения ипотеки","10000.00","RUB","Открытие","10000.00","RUB",2023-09-13 08:45:46,2023-09-16 03:57:54,
2023-09-13,,,,"Открытие","10000.00","RUB","Наличные","10000.00","RUB",2023-09-13 08:46:11,2023-09-16 03:57:54,
2023-09-13,"Продукты","SPAR N21",,"Открытие","35.90","RUB","Открытие","0.00","RUB",2023-09-13 08:59:56,2023-10-10 21:51:04,
2023-09-13,"Сигареты","SPAR N21",,"Открытие","239.00","RUB","Открытие","0.00","RUB",2023-09-13 08:59:57,2023-10-10 21:51:04,
2023-09-13,"Образование","ROBOKASSA","Подписка на дзен","Tinkoff Black","149.00","RUB","Tinkoff Black","0.00","RUB",2023-09-13 19:01:19,2023-09-16 03:57:54,
2023-09-13,,,,"Tinkoff Black","1.00","RUB","Инвесткопилка","1.00","RUB",2023-09-13 19:01:21,2023-09-16 03:57:54,
2023-09-13,"Проезд","YandexGo",,"Tinkoff Black","361.00","RUB","Tinkoff Black","0.00","RUB",2023-09-13 19:59:54,2023-09-16 03:57:54,
2023-09-13,,,,"Tinkoff Black","39.00","RUB","Инвесткопилка","39.00","RUB",2023-09-13 19:59:56,2023-09-16 03:57:54,
2023-09-14,"Проезд","YandexGo",,"Tinkoff Black","446.00","RUB","Tinkoff Black","0.00","RUB",2023-09-14 10:41:26,2023-09-16 03:57:54,
2023-09-14,,,,"Tinkoff Black","4.00","RUB","Инвесткопилка","4.00","RUB",2023-09-14 10:41:27,2023-09-16 03:57:54,
2023-09-14,,,,"Открытие","2000.00","RUB","Tinkoff Black","2000.00","RUB",2023-09-14 16:26:14,2023-09-16 03:57:54,
2023-09-14,,,,"Tinkoff Black","2500.00","RUB","Сбербанк","2500.00","RUB",2023-09-14 16:28:36,2023-09-16 03:57:54,
2023-09-14,"Тратата","Дмитрий Сергеевич М",,"Сбербанк","2989.00","RUB","Сбербанк","0.00","RUB",2023-09-14 16:29:19,2023-09-16 03:57:54,
2023-09-14,"Проезд","YandexGo",,"Tinkoff Black","179.00","RUB","Tinkoff Black","0.00","RUB",2023-09-14 17:27:22,2023-09-16 03:57:54,
2023-09-14,,,,"Tinkoff Black","21.00","RUB","Инвесткопилка","21.00","RUB",2023-09-14 17:27:23,2023-09-16 03:57:54,
2023-09-14,"Продукты","31WL Pyaterochka",,"Tinkoff Black","54.99","RUB","Tinkoff Black","0.00","RUB",2023-09-14 17:29:07,2023-09-16 03:57:54,
2023-09-14,,,,"Tinkoff Black","45.01","RUB","Инвесткопилка","45.01","RUB",2023-09-14 17:29:08,2023-09-16 03:57:54,
2023-09-14,"Проезд","YandexGo",,"Tinkoff Black","372.00","RUB","Tinkoff Black","0.00","RUB",2023-09-14 18:19:31,2023-09-16 03:57:54,
2023-09-14,,,,"Tinkoff Black","28.00","RUB","Инвесткопилка","28.00","RUB",2023-09-14 18:19:32,2023-09-16 03:57:54,
2023-09-15,"Продукты","Антон П",,"Tinkoff Black","300.00","RUB","Tinkoff Black","0.00","RUB",2023-09-14 19:54:18,2023-09-16 03:57:54,
2023-09-15,,,,"Открытие","3000.00","RUB","Сбербанк","3000.00","RUB",2023-09-15 18:09:58,2023-09-26 14:14:52,
2023-09-15,"Тратата","Никита Егорович М",,"Сбербанк","2989.00","RUB","Сбербанк","0.00","RUB",2023-09-15 18:10:16,2023-09-16 03:57:54,
2023-09-15,"Подарки","Никита Г.",,"Tinkoff Black","200.00","RUB","Tinkoff Black","0.00","RUB",2023-09-15 18:28:52,2023-09-16 03:57:54,
2023-09-15,"Проезд","YandexGo",,"Tinkoff Black","341.00","RUB","Tinkoff Black","0.00","RUB",2023-09-15 18:46:43,2023-09-16 03:57:54,
2023-09-15,,,,"Tinkoff Black","9.00","RUB","Инвесткопилка","9.00","RUB",2023-09-15 18:46:44,2023-09-26 14:14:03,
2023-09-16,"Проезд","YandexGo",,"Tinkoff Black","283.00","RUB","Tinkoff Black","0.00","RUB",2023-09-15 20:04:18,2023-09-16 03:57:54,
2023-09-16,,,,"Tinkoff Black","17.00","RUB","Инвесткопилка","17.00","RUB",2023-09-15 20:04:19,2023-09-26 14:14:03,
2023-09-16,,,,"Открытие","1000.00","RUB","Tinkoff Black","1000.00","RUB",2023-09-16 02:29:23,2023-09-26 14:14:52,
2023-09-16,"Проезд","YandexGo",,"Tinkoff Black","452.00","RUB","Tinkoff Black","0.00","RUB",2023-09-16 02:30:24,2023-09-26 14:14:03,
2023-09-16,,,,"Tinkoff Black","48.00","RUB","Инвесткопилка","48.00","RUB",2023-09-16 02:30:25,2023-09-26 14:14:03,
2023-09-16,"Дом / Съем жилья ",,,"Наличные","23000.00","RUB","Наличные","0.00","RUB",2023-09-16 03:16:13,2023-09-16 03:57:54,
2023-09-16,"Проезд","YandexGo",,"Tinkoff Black","214.00","RUB","Tinkoff Black","0.00","RUB",2023-09-16 03:36:14,2023-10-10 21:51:04,
2023-09-16,,,,"Tinkoff Black","36.00","RUB","Инвесткопилка","36.00","RUB",2023-09-16 03:36:15,2023-10-10 21:51:04,
2023-09-16,"Корректировка","Евгений Д.",,"Открытие","0.00","RUB","Открытие","3700.00","RUB",2023-09-16 12:08:28,2023-10-10 21:51:04,
2023-09-16,,,,"Открытие","3650.00","RUB","Сбербанк","3650.00","RUB",2023-09-16 12:10:29,2023-10-10 21:51:04,
2023-09-16,"Тратата","Никита Алексеевич Щ",,"Сбербанк","3648.00","RUB","Сбербанк","0.00","RUB",2023-09-16 12:11:03,2023-10-10 21:51:04,
2023-09-17,,,,"Открытие","750.00","RUB","Сбербанк","750.00","RUB",2023-09-17 14:34:30,2023-10-10 21:51:04,
2023-09-17,"Платежи. комиссии","ВЦ Инкомус","Оплата услуг","Сбербанк","741.61","RUB","Сбербанк","0.00","RUB",2023-09-17 14:36:17,2023-10-10 21:51:04,
2023-09-17,,,,"Наличные","0.00","RUB","Наличные","20000.00","RUB",2023-09-26 14:27:45,2023-10-10 21:51:04,
2023-09-18,,,,"Счет погашения ипотеки","25000.00","RUB","Открытие","25000.00","RUB",2023-09-18 09:17:55,2023-10-10 21:51:04,
2023-09-18,,,,"Инвесткопилка","1100.00","RUB","Tinkoff Black","1100.00","RUB",2023-09-18 09:20:08,2023-10-10 21:51:04,
2023-09-18,"Проезд","YandexGo",,"Tinkoff Black","394.00","RUB","Tinkoff Black","0.00","RUB",2023-09-18 09:31:15,2023-10-10 21:51:04,
2023-09-18,,,,"Tinkoff Black","6.00","RUB","Инвесткопилка","6.00","RUB",2023-09-18 09:31:16,2023-10-10 21:51:04,
2023-09-18,"Сигареты","Ashan Siti Perm",,"Tinkoff Black","229.00","RUB","Tinkoff Black","0.00","RUB",2023-09-18 09:36:03,2023-10-10 21:51:04,
2023-09-18,,,,"Tinkoff Black","21.00","RUB","Инвесткопилка","21.00","RUB",2023-09-18 09:36:04,2023-10-10 21:51:04,
2023-09-18,"Кафе и рестораны","Coffee Like",,"Tinkoff Black","110.00","RUB","Tinkoff Black","0.00","RUB",2023-09-18 09:37:22,2023-10-10 21:51:04,
2023-09-18,,,,"Tinkoff Black","40.00","RUB","Инвесткопилка","40.00","RUB",2023-09-18 09:37:23,2023-10-10 21:51:04,
2023-09-18,"Техника","DNS цифровая и бытовая техника","Стиралка во Фролы","Открытие","21119.00","RUB","Открытие","0.00","RUB",2023-09-18 13:15:12,2023-10-31 04:40:57,
2023-09-19,,,,"Счет погашения ипотеки","10000.00","RUB","Открытие","10000.00","RUB",2023-09-19 07:20:47,2023-10-10 21:51:04,
2023-09-19,,,,"Открытие","10000.00","RUB","Tinkoff Black","10000.00","RUB",2023-09-19 07:22:26,2023-10-10 21:51:04,
2023-09-19,"Проезд","YandexGo",,"Tinkoff Black","534.00","RUB","Tinkoff Black","0.00","RUB",2023-09-19 07:50:08,2023-10-10 21:51:04,
2023-09-19,,,,"Tinkoff Black","16.00","RUB","Инвесткопилка","16.00","RUB",2023-09-19 07:50:09,2023-10-10 21:51:04,
2023-09-19,,"VORONACAR",,"Tinkoff Black","1290.00","RUB","Tinkoff Black","0.00","RUB",2023-09-19 07:53:34,2024-03-24 11:17:17,
2023-09-19,,,,"Tinkoff Black","10.00","RUB","Инвесткопилка","10.00","RUB",2023-09-19 07:53:35,2023-10-10 21:51:04,
2023-09-19,,"VORONACAR",,"Tinkoff Black","113.30","RUB","Tinkoff Black","0.00","RUB",2023-09-19 08:53:37,2024-03-24 11:17:17,
2023-09-19,,,,"Tinkoff Black","36.70","RUB","Инвесткопилка","36.70","RUB",2023-09-19 08:53:38,2023-10-10 21:51:04,
2023-09-19,,"VORONACAR",,"Tinkoff Black","123.60","RUB","Tinkoff Black","0.00","RUB",2023-09-19 09:53:39,2024-03-24 11:17:17,
2023-09-19,,,,"Tinkoff Black","26.40","RUB","Инвесткопилка","26.40","RUB",2023-09-19 09:53:40,2023-10-10 21:51:04,
2023-09-19,,"VORONACAR",,"Tinkoff Black","51.50","RUB","Tinkoff Black","0.00","RUB",2023-09-19 10:53:38,2024-03-24 11:17:17,
2023-09-19,,,,"Tinkoff Black","48.50","RUB","Инвесткопилка","48.50","RUB",2023-09-19 10:53:39,2023-10-10 21:51:04,
2023-09-19,,"VORONACAR",,"Tinkoff Black","216.30","RUB","Tinkoff Black","0.00","RUB",2023-09-19 11:53:39,2024-03-24 11:17:17,
2023-09-19,,,,"Tinkoff Black","33.70","RUB","Инвесткопилка","33.70","RUB",2023-09-19 11:53:40,2023-10-10 21:51:04,
2023-09-19,"Подарки","DOMADOM",,"Кредитка","33649.00","RUB","Кредитка","0.00","RUB",2023-09-19 12:41:24,2023-10-31 04:40:57,
2023-09-19,,"VORONACAR",,"Tinkoff Black","51.50","RUB","Tinkoff Black","0.00","RUB",2023-09-19 12:53:39,2024-03-24 11:17:17,
2023-09-19,,,,"Tinkoff Black","48.50","RUB","Инвесткопилка","48.50","RUB",2023-09-19 12:53:40,2023-10-10 21:51:04,
2023-09-19,,"VORONACAR",,"Tinkoff Black","679.80","RUB","Tinkoff Black","0.00","RUB",2023-09-19 13:53:38,2024-03-24 11:17:17,
2023-09-19,,,,"Tinkoff Black","20.20","RUB","Инвесткопилка","20.20","RUB",2023-09-19 13:53:39,2023-10-10 21:51:04,
2023-09-19,,"VORONACAR",,"Tinkoff Black","164.80","RUB","Tinkoff Black","0.00","RUB",2023-09-19 14:53:39,2024-03-24 11:17:17,
2023-09-19,,,,"Tinkoff Black","35.20","RUB","Инвесткопилка","35.20","RUB",2023-09-19 14:53:40,2023-10-10 21:51:04,
2023-09-19,"Продукты","Пятерочка",,"Открытие","211.98","RUB","Открытие","0.00","RUB",2023-09-19 16:23:17,2023-10-10 21:51:04,
2023-09-19,"Сигареты","Пятерочка",,"Открытие","239.00","RUB","Открытие","0.00","RUB",2023-09-19 16:23:18,2023-10-10 21:51:04,
2023-09-19,,"VORONACAR",,"Tinkoff Black","216.30","RUB","Tinkoff Black","0.00","RUB",2023-09-19 16:53:38,2024-03-24 11:17:17,
2023-09-19,,,,"Tinkoff Black","33.70","RUB","Инвесткопилка","33.70","RUB",2023-09-19 16:53:39,2023-10-10 21:51:04,
2023-09-19,,"VORONACAR",,"Tinkoff Black","453.20","RUB","Tinkoff Black","0.00","RUB",2023-09-19 17:43:21,2024-03-24 11:17:17,
2023-09-19,,,,"Tinkoff Black","46.80","RUB","Инвесткопилка","46.80","RUB",2023-09-19 17:43:22,2023-10-10 21:51:04,
2023-09-19,"Проезд","YandexGo",,"Tinkoff Black","181.00","RUB","Tinkoff Black","0.00","RUB",2023-09-19 17:51:31,2023-10-10 21:51:04,
2023-09-19,,,,"Tinkoff Black","19.00","RUB","Инвесткопилка","19.00","RUB",2023-09-19 17:51:32,2023-10-10 21:51:04,
2023-09-19,,"Кирилл",,"Наличные","1000.00","RUB","Долги","1000.00","RUB",2023-09-26 14:26:05,2023-10-10 21:51:04,
2023-09-20,"Проезд","YandexGo",,"Tinkoff Black","726.00","RUB","Tinkoff Black","0.00","RUB",2023-09-20 07:44:45,2023-10-10 21:51:04,
2023-09-20,,,,"Tinkoff Black","24.00","RUB","Инвесткопилка","24.00","RUB",2023-09-20 07:44:46,2023-10-10 21:51:04,
2023-09-20,"Продукты","MAGNIT MM ZHITOMLYA",,"Открытие","66.96","RUB","Открытие","0.00","RUB",2023-09-20 07:48:31,2023-10-10 21:51:04,
2023-09-20,"Сигареты","MAGNIT MM ZHITOMLYA",,"Открытие","239.00","RUB","Открытие","0.00","RUB",2023-09-20 07:48:32,2023-10-10 21:51:04,
2023-09-20,"Кафе и рестораны","POS IP SHATOVA 2",,"Открытие","145.00","RUB","Открытие","0.00","RUB",2023-09-20 07:50:06,2023-10-10 21:51:04,
2023-09-20,"Кафе и рестораны","POS IP SHATOVA 2",,"Открытие","47.20","RUB","Открытие","0.00","RUB",2023-09-20 07:50:44,2023-10-10 21:51:04,
2023-09-20,"Проезд","YandexGo",,"Tinkoff Black","731.00","RUB","Tinkoff Black","0.00","RUB",2023-09-20 13:39:59,2023-10-10 21:51:04,
2023-09-20,,,,"Tinkoff Black","19.00","RUB","Инвесткопилка","19.00","RUB",2023-09-20 13:40:00,2023-10-10 21:51:04,
2023-09-20,"Проезд","YandexGo",,"Tinkoff Black","137.00","RUB","Tinkoff Black","0.00","RUB",2023-09-20 14:27:29,2023-10-10 21:51:04,
2023-09-20,,,,"Tinkoff Black","13.00","RUB","Инвесткопилка","13.00","RUB",2023-09-20 14:27:30,2023-10-10 21:51:04,
2023-09-20,"Проезд","YandexGo",,"Tinkoff Black","449.00","RUB","Tinkoff Black","0.00","RUB",2023-09-20 15:29:15,2023-10-10 21:51:04,
2023-09-20,,,,"Tinkoff Black","1.00","RUB","Инвесткопилка","1.00","RUB",2023-09-20 15:29:16,2023-10-10 21:51:04,
2023-09-20,"Продукты","Пятерочка",,"Открытие","546.93","RUB","Открытие","0.00","RUB",2023-09-20 16:31:55,2023-10-10 21:51:04,
2023-09-20,"Сигареты","Пятерочка",,"Открытие","239.00","RUB","Открытие","0.00","RUB",2023-09-20 16:31:56,2023-10-10 21:51:04,
2023-09-20,"Продукты","Пятерочка",,"Открытие","7.99","RUB","Открытие","0.00","RUB",2023-09-20 16:32:17,2023-10-10 21:51:04,
2023-09-20,"Проезд","YandexGo",,"Tinkoff Black","509.00","RUB","Tinkoff Black","0.00","RUB",2023-09-20 19:15:50,2023-10-10 21:51:04,
2023-09-20,,,,"Tinkoff Black","41.00","RUB","Инвесткопилка","41.00","RUB",2023-09-20 19:15:51,2023-10-10 21:51:04,
2023-09-21,"Проезд","YandexGo",,"Tinkoff Black","166.00","RUB","Tinkoff Black","0.00","RUB",2023-09-21 07:02:28,2023-10-10 21:51:04,
2023-09-21,,,,"Tinkoff Black","34.00","RUB","Инвесткопилка","34.00","RUB",2023-09-21 07:02:29,2023-10-10 21:51:04,
2023-09-21,"Продукты","Пятерочка",,"Открытие","124.98","RUB","Открытие","0.00","RUB",2023-09-21 07:42:19,2023-10-10 21:51:04,
2023-09-21,"Проезд","PO ZAKAZU MKU GORTRANS",,"Открытие","35.00","RUB","Открытие","0.00","RUB",2023-09-21 08:34:16,2023-10-10 21:51:04,
2023-09-21,"Продукты","Магнит",,"Открытие","231.55","RUB","Открытие","0.00","RUB",2023-09-21 10:46:30,2023-10-10 21:51:04,
2023-09-21,"Сигареты","Магнит",,"Открытие","239.00","RUB","Открытие","0.00","RUB",2023-09-21 10:46:31,2023-10-10 21:51:04,
2023-09-21,"Проезд","YandexGo",,"Tinkoff Black","390.00","RUB","Tinkoff Black","0.00","RUB",2023-09-21 14:49:21,2023-10-10 21:51:04,
2023-09-21,,,,"Tinkoff Black","10.00","RUB","Инвесткопилка","10.00","RUB",2023-09-21 14:49:22,2023-10-10 21:51:04,
2023-09-22,"Платежи. комиссии","Yandex.Plus",,"Tinkoff Black","266.00","RUB","Tinkoff Black","0.00","RUB",2023-09-22 01:29:11,2023-10-10 21:51:04,
2023-09-22,,,,"Tinkoff Black","34.00","RUB","Инвесткопилка","34.00","RUB",2023-09-22 01:29:12,2023-10-10 21:51:04,
2023-09-22,"Проезд","YandexGo",,"Tinkoff Black","267.00","RUB","Tinkoff Black","0.00","RUB",2023-09-22 04:09:28,2023-10-10 21:51:04,
2023-09-22,,,,"Tinkoff Black","33.00","RUB","Инвесткопилка","33.00","RUB",2023-09-22 04:09:29,2023-10-10 21:51:04,
2023-09-22,"Продукты","SPAR N21",,"Открытие","189.70","RUB","Открытие","0.00","RUB",2023-09-22 04:23:56,2023-10-10 21:51:04,
2023-09-22,"Сигареты","SPAR N21",,"Открытие","239.00","RUB","Открытие","0.00","RUB",2023-09-22 04:23:57,2023-10-10 21:51:04,
2023-09-22,"Кафе и рестораны","Gorky CoffeE",,"Кредитка","100.00","RUB","Кредитка","0.00","RUB",2023-09-22 06:51:09,2023-10-30 16:51:55,
2023-09-22,"Подарки","Sp_Dekor Flora",,"Кредитка","300.00","RUB","Кредитка","0.00","RUB",2023-09-22 06:52:17,2023-10-30 16:51:55,
2023-09-23,"Продукты","SPAR N21SBP",,"Tinkoff Black","179.64","RUB","Tinkoff Black","0.00","RUB",2023-09-23 07:56:27,2023-10-10 21:51:04,
2023-09-23,,,,"Tinkoff Black","31.36","RUB","Инвесткопилка","31.36","RUB",2023-09-23 07:56:28,2023-10-10 21:51:04,
2023-09-23,"Сигареты","SPAR N21SBP",,"Tinkoff Black","239.00","RUB","Tinkoff Black","0.00","RUB",2023-09-23 07:56:28,2023-10-10 21:51:04,
2023-09-23,,,,"Счет погашения ипотеки","3000.00","RUB","Открытие","3000.00","RUB",2023-09-23 09:23:16,2023-10-10 21:51:04,
2023-09-23,"Автомобиль","Лукойл","Бензин","Открытие","2000.00","RUB","Открытие","0.00","RUB",2023-09-23 09:33:05,2023-10-10 21:51:04,
2023-09-23,"Техника","Saransk TC Botevgrad","Кабель для телефона","Открытие","650.00","RUB","Открытие","0.00","RUB",2023-09-23 16:07:10,2023-10-10 21:51:04,
2023-09-23,"Кафе и рестораны","Додо Пицца",,"Открытие","672.00","RUB","Открытие","0.00","RUB",2023-09-23 16:20:26,2023-10-10 21:52:40,
2023-09-23,"Кафе и рестораны","QSR 25803",,"Открытие","237.00","RUB","Открытие","0.00","RUB",2023-09-23 20:35:51,2023-10-10 21:52:40,
2023-09-24,"Тратата","Ольга К.",,"Кредитка","2000.00","RUB","Кредитка","0.00","RUB",2023-09-23 23:09:32,2023-10-31 01:21:15,
2023-09-24,"Платежи. комиссии",,"Комиссия: Плата за оформление рассрочки в ДомаДом","Кредитка","2624.00","RUB","Кредитка","0.00","RUB",2023-09-24 06:25:12,2023-10-31 01:21:15,
2023-09-24,,,,"Счет погашения ипотеки","13065.00","RUB","Tinkoff Black","13000.00","RUB",2023-09-24 06:28:54,2023-10-10 21:51:04,
2023-09-24,,,"Досрочное погашение","Tinkoff Black","12000.00","RUB","Tinkoff Black","0.00","RUB",2023-09-24 06:29:49,2024-03-24 09:49:08,
2023-09-24,,,,"Счет погашения ипотеки","5000.00","RUB","Открытие","5000.00","RUB",2023-09-24 07:02:54,2023-10-10 21:51:04,
2023-09-24,"Кафе и рестораны","BONAPIT",,"Открытие","586.50","RUB","Открытие","0.00","RUB",2023-09-24 07:05:18,2023-10-10 21:52:40,
2023-09-24,"Продукты","PYATEROCHKA 21934",,"Открытие","112.48","RUB","Открытие","0.00","RUB",2023-09-24 07:56:41,2023-10-10 21:51:04,
2023-09-24,"Сигареты","PYATEROCHKA 21934",,"Открытие","239.00","RUB","Открытие","0.00","RUB",2023-09-24 07:56:42,2023-10-10 21:51:04,
2023-09-24,"Продукты","Магнит",,"Открытие","196.98","RUB","Открытие","0.00","RUB",2023-09-24 12:37:24,2023-10-10 21:52:40,
2023-09-24,"Кафе и рестораны","Burger King",,"Открытие","504.96","RUB","Открытие","0.00","RUB",2023-09-24 16:41:02,2023-10-10 21:52:40,
2023-09-24,"Автомобиль","ZDANIE AZS","Бензин","Открытие","1999.50","RUB","Открытие","0.00","RUB",2023-09-24 18:47:28,2024-05-09 05:08:01,
2023-09-24,"Продукты","ZDANIE AZS",,"Открытие","67.00","RUB","Открытие","0.00","RUB",2023-09-24 18:48:05,2023-10-10 21:52:40,
2023-09-24,"Платежи. комиссии",,"Комиссия: Плата за оповещения об операциях","Кредитка","99.00","RUB","Кредитка","0.00","RUB",2023-09-24 20:27:45,2023-10-30 16:51:55,
2023-09-24,"Платежи. комиссии",,"Комиссия: Плата за Программу страховой защиты","Кредитка","337.01","RUB","Кредитка","0.00","RUB",2023-09-24 20:59:59,2023-10-31 01:21:15,
2023-09-25,,,,"Открытие","33000.00","RUB","Счет погашения ипотеки","33000.00","RUB",2023-09-24 21:00:00,2023-10-10 21:51:04,
2023-09-25,"Зарплата",,"Перечисление ден. средств по реестру","Открытие","0.00","RUB","Открытие","40273.39","RUB",2023-09-25 06:58:51,2023-10-10 21:51:04,
2023-09-25,"Кафе и рестораны","HOHORO",,"Открытие","100.00","RUB","Открытие","0.00","RUB",2023-09-25 07:18:08,2023-10-10 21:52:40,
2023-09-25,"Кафе и рестораны","Шоколадница",,"Открытие","1200.00","RUB","Открытие","0.00","RUB",2023-09-25 08:18:34,2023-10-10 21:52:40,
2023-09-25,"Отдых и развлечения","MBUK K-J ZOOBOTSAD",,"Открытие","500.00","RUB","Открытие","0.00","RUB",2023-09-25 08:46:23,2023-10-10 21:52:40,
2023-09-25,"Автомобиль","PARKINGKZN",,"Tinkoff Black","210.00","RUB","Tinkoff Black","0.00","RUB",2023-09-25 10:30:51,2023-10-10 21:51:04,
2023-09-25,,,,"Tinkoff Black","40.00","RUB","Инвесткопилка","40.00","RUB",2023-09-25 10:30:52,2023-10-10 21:51:04,
2023-09-25,"Кафе и рестораны","IP ARKHIPOVA O",,"Открытие","1940.00","RUB","Открытие","0.00","RUB",2023-09-25 11:19:25,2023-10-10 21:52:40,
2023-09-25,"Кафе и рестораны","IP NIKOLAYCA",,"Открытие","450.00","RUB","Открытие","0.00","RUB",2023-09-25 12:26:04,2023-10-10 21:52:40,
2023-09-25,"Продукты","IP HAYRULLINA",,"Открытие","231.00","RUB","Открытие","0.00","RUB",2023-09-25 13:43:11,2023-10-10 21:52:40,
2023-09-25,"Продукты","RUSALKA",,"Открытие","32.99","RUB","Открытие","0.00","RUB",2023-09-25 13:44:44,2023-10-10 21:51:04,
2023-09-25,"Сигареты","RUSALKA",,"Открытие","239.00","RUB","Открытие","0.00","RUB",2023-09-25 13:44:45,2023-10-10 21:51:04,
2023-09-25,"Продукты","RUSALKA",,"Открытие","69.90","RUB","Открытие","0.00","RUB",2023-09-25 13:46:44,2023-10-10 21:52:40,
2023-09-25,"Автомобиль","Лукойл","Бензин","Открытие","1000.00","RUB","Открытие","0.00","RUB",2023-09-25 15:06:51,2024-05-09 05:08:01,
2023-09-25,"Кафе и рестораны","Лукойл",,"Открытие","499.00","RUB","Открытие","0.00","RUB",2023-09-25 15:12:50,2023-10-10 21:52:40,
2023-09-25,"Отдых и развлечения","WHOOSH",,"Открытие","136.00","RUB","Открытие","0.00","RUB",2023-09-25 16:29:39,2023-10-10 21:52:40,
2023-09-25,"Отдых и развлечения","WHOOSH",,"Открытие","142.00","RUB","Открытие","0.00","RUB",2023-09-25 16:29:45,2023-10-10 21:52:40,
2023-09-26,"Продукты","SPAR",,"Открытие","165.70","RUB","Открытие","0.00","RUB",2023-09-25 21:48:56,2023-10-10 21:52:40,
2023-09-26,"Автомобиль","GOSUSLUGI FINES",,"Tinkoff Black","252.48","RUB","Tinkoff Black","0.00","RUB",2023-09-26 08:51:26,2023-10-10 21:51:04,
2023-09-26,,,,"Tinkoff Black","47.52","RUB","Инвесткопилка","47.52","RUB",2023-09-26 08:51:27,2023-10-10 21:51:04,
2023-09-26,"Кафе и рестораны","KFC",,"Открытие","337.00","RUB","Открытие","0.00","RUB",2023-09-26 09:26:37,2023-10-10 21:52:40,
2023-09-26,,,"Компенсация покупки","Кредитка","0.00","RUB","Кредитка","132.00","RUB",2023-09-26 09:36:37,2023-10-30 16:51:55,
2023-09-26,,,"Компенсация покупки","Кредитка","0.00","RUB","Кредитка","100.00","RUB",2023-09-26 09:36:46,2023-10-30 16:51:55,
2023-09-26,,,"Компенсация покупки","Кредитка","0.00","RUB","Кредитка","125.00","RUB",2023-09-26 09:36:54,2023-10-30 16:51:55,
2023-09-26,,,,"Tinkoff Black","600.00","RUB","Кредитка","600.00","RUB",2023-09-26 09:37:07,2023-10-30 16:51:55,
2023-09-26,"Одежда","TOM TAILOR.",,"Кредитка","10798.00","RUB","Кредитка","0.00","RUB",2023-09-26 09:56:12,2023-10-30 16:51:55,
2023-09-26,"Одежда","HENDERSON-355",,"Кредитка","4499.00","RUB","Кредитка","0.00","RUB",2023-09-26 10:02:29,2023-10-30 16:51:55,
2023-09-26,"Автомобиль","GOSUSLUGI SHTRAFY",,"Tinkoff Black","252.48","RUB","Tinkoff Black","0.00","RUB",2023-09-26 14:11:29,2023-10-10 21:52:38,
2023-09-26,,,,"Tinkoff Black","47.52","RUB","Инвесткопилка","47.52","RUB",2023-09-26 14:11:30,2023-10-10 21:52:38,
2023-09-26,"Одежда","FAMILIA 482",,"Кредитка","2005.00","RUB","Кредитка","0.00","RUB",2023-09-26 16:33:45,2023-10-30 16:51:55,
2023-09-26,"Продукты","SPAR N21",,"Кредитка","713.76","RUB","Кредитка","0.00","RUB",2023-09-26 17:11:41,2023-10-30 16:51:55,
2023-09-26,"Проезд","SITICARD. TRANS",,"Кредитка","30.00","RUB","Кредитка","0.00","RUB",2023-09-26 17:52:59,2023-10-30 16:51:55,
2023-09-26,"Одежда","FAMILIA 197",,"Кредитка","11506.00","RUB","Кредитка","0.00","RUB",2023-09-26 19:01:21,2023-10-30 16:51:55,
2023-09-26,"Продукты","MAGNIT MM GURVITS",,"Кредитка","274.96","RUB","Кредитка","0.00","RUB",2023-09-26 19:10:22,2023-10-30 16:51:55,
2023-09-26,"Кафе и рестораны","QSR 23017",,"Кредитка","370.00","RUB","Кредитка","0.00","RUB",2023-09-26 19:47:09,2023-10-30 16:51:55,
2023-09-27,,"LUKOIL.AZS 52023 52C",,"Кредитка","1999.00","RUB","Кредитка","0.00","RUB",2023-09-27 07:43:00,2024-03-24 09:49:08,
2023-09-27,"Продукты","SPAR 85",,"Кредитка","616.42","RUB","Кредитка","0.00","RUB",2023-09-27 10:59:46,2023-10-30 16:51:55,
2023-09-27,"Продукты","OKEY",,"Кредитка","238.33","RUB","Кредитка","0.00","RUB",2023-09-27 14:13:33,2023-10-30 16:51:55,
2023-09-27,"Одежда","FAMILIA 482",,"Кредитка","10005.00","RUB","Кредитка","0.00","RUB",2023-09-27 15:29:52,2023-10-30 16:51:55,
2023-09-27,"Здоровье и фитнес","APTECHNYY PUNKT 55",,"Кредитка","615.00","RUB","Кредитка","0.00","RUB",2023-09-27 15:35:58,2023-10-30 16:51:55,
2023-09-27,"Продукты","BRISTOL 3821",,"Кредитка","229.00","RUB","Кредитка","0.00","RUB",2023-09-27 17:08:05,2023-10-30 16:51:55,
2023-09-27,"Автомобиль","GOSUSLUGI FINES",,"Tinkoff Black","252.48","RUB","Tinkoff Black","0.00","RUB",2023-09-27 17:51:07,2023-10-10 21:52:38,
2023-09-27,,,,"Tinkoff Black","47.52","RUB","Инвесткопилка","47.52","RUB",2023-09-27 17:51:08,2023-10-10 21:52:38,
2023-09-27,"Автомобиль","GOSUSLUGI.RU",,"Tinkoff Black","252.48","RUB","Tinkoff Black","0.00","RUB",2023-09-27 17:54:30,2023-11-03 19:20:30,
2023-09-27,,,,"Tinkoff Black","47.52","RUB","Инвесткопилка","47.52","RUB",2023-09-27 17:54:31,2023-10-10 21:52:38,
2023-09-27,"Кафе и рестораны","SAMURAJ",,"Кредитка","1099.00","RUB","Кредитка","0.00","RUB",2023-09-27 18:44:16,2023-10-30 16:51:55,
2023-09-27,"Кафе и рестораны","SAMURAJ",,"Кредитка","420.00","RUB","Кредитка","0.00","RUB",2023-09-27 18:44:39,2023-10-30 16:51:55,
2023-09-27,"Кэшбэк",,"Кэшбэк за обычные покупки","Tinkoff Black","0.00","RUB","Tinkoff Black","271.00","RUB",2023-09-27 19:57:12,2023-10-10 21:52:38,
2023-09-27,,,,"Tinkoff Black","271.00","RUB","Инвесткопилка","271.00","RUB",2023-09-27 19:58:27,2023-10-10 21:52:38,
2023-09-27,"Кафе и рестораны","QSR 23028",,"Открытие","263.00","RUB","Открытие","0.00","RUB",2023-09-27 20:17:32,2023-10-10 21:52:40,
2023-09-27,"Платежи. комиссии",,"Комиссия: Плата за оповещения об операциях","Tinkoff Black","99.00","RUB","Tinkoff Black","0.00","RUB",2023-09-27 20:31:22,2023-10-10 21:52:38,
2023-09-28,"Продукты","KRASNOE BELOE",,"Открытие","328.78","RUB","Открытие","0.00","RUB",2023-09-28 08:40:37,2023-10-10 21:52:40,
2023-09-28,"Корректировка","Евгений Д.",,"Открытие","0.00","RUB","Открытие","10000.00","RUB",2023-09-28 08:58:58,2023-10-10 21:52:40,
2023-09-28,"Продукты","AUCHAN 063 FANTASTIKA",,"Tinkoff Black","360.98","RUB","Tinkoff Black","0.00","RUB",2023-09-28 10:07:27,2023-10-10 21:52:38,
2023-09-28,,,,"Tinkoff Black","39.02","RUB","Инвесткопилка","39.02","RUB",2023-09-28 10:07:28,2023-10-10 21:52:38,
2023-09-28,"Проезд","YandexGo",,"Tinkoff Black","218.00","RUB","Tinkoff Black","0.00","RUB",2023-09-28 11:52:55,2023-10-10 21:52:38,
2023-09-28,,,,"Tinkoff Black","32.00","RUB","Инвесткопилка","32.00","RUB",2023-09-28 11:52:56,2023-10-10 21:52:38,
2023-09-28,"Здоровье и фитнес","OOO RIGLA",,"Открытие","1325.00","RUB","Открытие","0.00","RUB",2023-09-28 12:41:51,2023-10-10 21:52:40,
2023-09-28,"Одежда","SKVOT YAZINA 1",,"Открытие","1750.00","RUB","Открытие","0.00","RUB",2023-09-28 13:05:06,2023-10-10 21:52:40,
2023-09-28,"Продукты","SPAR",,"Открытие","862.49","RUB","Открытие","0.00","RUB",2023-09-28 14:19:18,2023-10-10 21:52:40,
2023-09-28,"Автомобиль","Gelikon",,"Кредитка","8655.00","RUB","Кредитка","0.00","RUB",2023-09-28 15:02:51,2023-10-30 16:51:55,
2023-09-29,"Продукты","Магнит",,"Открытие","229.97","RUB","Открытие","0.00","RUB",2023-09-29 03:36:29,2023-10-10 21:52:40,
2023-09-29,"Кафе и рестораны","Лукойл",,"Открытие","2000.00","RUB","Открытие","0.00","RUB",2023-09-29 03:47:28,2023-10-10 21:52:40,
2023-09-29,"Кафе и рестораны","Лукойл",,"Открытие","646.00","RUB","Открытие","0.00","RUB",2023-09-29 03:48:46,2023-10-10 21:52:40,
2023-09-29,"Кафе и рестораны","RESTORAN PURI KHACHAPU",,"Открытие","1259.00","RUB","Открытие","0.00","RUB",2023-09-29 11:12:24,2023-10-10 21:52:40,
2023-09-29,"Продукты","SPAR",,"Открытие","229.00","RUB","Открытие","0.00","RUB",2023-09-29 11:19:25,2023-10-10 21:52:40,
2023-09-29,"Сигареты","Гараж",,"Открытие","221.00","RUB","Открытие","0.00","RUB",2023-09-29 11:37:48,2023-11-03 19:20:30,
2023-09-29,"Дом / Ипотека",,"Уплата процентов КД №770439 от 29.05.2020г.","Счет погашения ипотеки","9642.37","RUB","Счет погашения ипотеки","0.00","RUB",2023-10-01 21:00:00,2023-10-30 17:01:13,
2023-09-29,"Дом / Ипотека",,"Погашение основного долга КД №770439 от 29.05.2020г.","Счет погашения ипотеки","3851.63","RUB","Счет погашения ипотеки","0.00","RUB",2023-10-01 21:00:01,2023-10-30 17:01:13,
2023-09-30,,,,"Счет погашения ипотеки","10050.00","RUB","Сбербанк","10000.00","RUB",2023-09-30 05:40:12,2023-10-10 21:53:13,
2023-09-30,"Тратата","Таисия Никитична Б",,"Сбербанк","3660.00","RUB","Сбербанк","0.00","RUB",2023-09-30 05:41:01,2023-10-31 01:21:15,
2023-09-30,"Тратата","Таисия Никитична Б",,"Сбербанк","6100.00","RUB","Сбербанк","0.00","RUB",2023-09-30 05:44:55,2023-10-31 01:21:15,
2023-09-30,"Продукты","SPAR N21",,"Открытие","1012.05","RUB","Открытие","0.00","RUB",2023-09-30 07:28:47,2023-10-10 21:52:40,
2023-09-30,"Кафе и рестораны","Лукойл",,"Открытие","1000.00","RUB","Открытие","0.00","RUB",2023-09-30 08:02:02,2023-10-10 21:52:40,
2023-09-30,"Одежда","FAMILIA 482",,"Кредитка","3804.00","RUB","Кредитка","0.00","RUB",2023-09-30 09:07:08,2023-10-30 16:51:55,
2023-09-30,"Платежи. комиссии","Новогор Прикамье",,"Tinkoff Black","44.93","RUB","Tinkoff Black","0.00","RUB",2023-09-30 10:41:17,2023-10-31 01:21:15,
2023-09-30,,,,"Счет погашения ипотеки","4723.50","RUB","Сбербанк","4700.00","RUB",2023-09-30 11:11:05,2023-10-10 21:53:13,
2023-09-30,"Тратата","Иван Геннадьевич Р.",,"Сбербанк","4709.00","RUB","Сбербанк","0.00","RUB",2023-09-30 11:12:10,2023-10-31 01:21:15,
2023-09-30,"Продукты","SPAR",,"Открытие","587.96","RUB","Открытие","0.00","RUB",2023-09-30 14:48:21,2023-10-10 21:52:40,
2023-10-01,"Продукты","Пятерочка",,"Открытие","830.55","RUB","Открытие","0.00","RUB",2023-09-30 22:35:39,2023-10-10 21:52:40,
2023-10-02,,,,"Счет погашения ипотеки","5000.00","RUB","Открытие","5000.00","RUB",2023-10-02 05:23:11,2023-10-10 21:52:40,
2023-10-02,,,,"Счет погашения ипотеки","1500.00","RUB","Tinkoff Black","1500.00","RUB",2023-10-02 05:24:02,2023-10-30 17:01:10,
2023-10-02,"Проезд","YandexGo",,"Tinkoff Black","273.00","RUB","Tinkoff Black","0.00","RUB",2023-10-02 05:45:46,2023-10-10 21:52:38,
2023-10-02,,,,"Tinkoff Black","27.00","RUB","Инвесткопилка","27.00","RUB",2023-10-02 05:45:47,2023-10-10 21:52:38,
2023-10-02,"Автомобиль","GOSUSLUGI FINES",,"Tinkoff Black","252.48","RUB","Tinkoff Black","0.00","RUB",2023-10-02 05:47:14,2023-10-10 21:52:38,
2023-10-02,,,,"Tinkoff Black","47.52","RUB","Инвесткопилка","47.52","RUB",2023-10-02 05:47:15,2023-10-10 21:52:38,
2023-10-02,"Продукты","SPAR N44_SBP ООО ""СПАР МИДДЛ ВОЛГА""",,"Открытие","101.80","RUB","Открытие","0.00","RUB",2023-10-02 07:19:08,2023-10-10 21:52:40,
2023-10-02,"Продукты","SPAR N44_SBP ООО ""СПАР МИДДЛ ВОЛГА""",,"Открытие","116.80","RUB","Открытие","0.00","RUB",2023-10-02 10:53:48,2023-10-10 21:52:40,
2023-10-02,,,,"Открытие","1000.00","RUB","Сбербанк","1000.00","RUB",2023-10-02 14:06:36,2023-10-10 21:53:13,
2023-10-02,"Продукты","SPAR",,"Сбербанк","494.40","RUB","Сбербанк","0.00","RUB",2023-10-02 16:01:42,2023-10-10 21:53:13,
2023-10-02,"Продукты","SPAR",,"Сбербанк","229.00","RUB","Сбербанк","0.00","RUB",2023-10-02 16:01:59,2023-10-10 21:53:13,
2023-10-03,"Проезд","YandexGo",,"Tinkoff Black","109.00","RUB","Tinkoff Black","0.00","RUB",2023-10-03 07:38:16,2023-10-10 21:52:38,
2023-10-03,,,,"Tinkoff Black","41.00","RUB","Инвесткопилка","41.00","RUB",2023-10-03 07:38:17,2023-10-10 21:52:38,
2023-10-03,"Продукты","SPAR N44_SBP",,"Сбербанк","94.80","RUB","Сбербанк","0.00","RUB",2023-10-03 08:11:31,2023-10-10 21:53:13,
2023-10-03,"Платежи. комиссии","Виктор Спиридонович В",,"Сбербанк","166.00","RUB","Сбербанк","0.00","RUB",2023-10-03 10:56:17,2023-10-10 21:53:13,
2023-10-04,"Проезд","YandexGo",,"Tinkoff Black","156.00","RUB","Tinkoff Black","0.00","RUB",2023-10-04 04:37:29,2023-10-10 21:52:38,
2023-10-04,,,,"Tinkoff Black","44.00","RUB","Инвесткопилка","44.00","RUB",2023-10-04 04:37:30,2023-10-10 21:52:38,
2023-10-04,,,,"Открытие","1000.00","RUB","Сбербанк","1000.00","RUB",2023-10-04 05:24:23,2023-10-10 21:53:13,
2023-10-04,"Продукты","SPAR N44_SBP",,"Сбербанк","94.80","RUB","Сбербанк","0.00","RUB",2023-10-04 05:29:42,2023-10-10 21:53:13,
2023-10-04,"Продукты","SPAR",,"Сбербанк","288.90","RUB","Сбербанк","0.00","RUB",2023-10-04 09:16:33,2023-10-10 21:53:13,
2023-10-04,"Продукты","SPAR N44_SBP",,"Сбербанк","102.80","RUB","Сбербанк","0.00","RUB",2023-10-04 12:53:44,2023-10-10 21:53:13,
2023-10-04,"Продукты","Yandex.Market15",,"Tinkoff Black","486.00","RUB","Tinkoff Black","0.00","RUB",2023-10-04 16:25:33,2023-10-10 21:52:38,
2023-10-04,,,,"Tinkoff Black","14.00","RUB","Инвесткопилка","14.00","RUB",2023-10-04 16:25:34,2023-10-10 21:52:38,
2023-10-04,"Проезд","YandexGo",,"Tinkoff Black","149.00","RUB","Tinkoff Black","0.00","RUB",2023-10-04 16:26:59,2023-10-10 21:52:38,
2023-10-04,,,,"Tinkoff Black","1.00","RUB","Инвесткопилка","1.00","RUB",2023-10-04 16:27:00,2023-10-10 21:52:38,
2023-10-05,,,,"Открытие","1000.00","RUB","Tinkoff Black","1000.00","RUB",2023-10-05 04:31:17,2023-10-15 03:38:18,
2023-10-05,"Проезд","YandexGo",,"Tinkoff Black","262.00","RUB","Tinkoff Black","0.00","RUB",2023-10-05 04:37:55,2023-10-10 21:52:38,
2023-10-05,,,,"Tinkoff Black","38.00","RUB","Инвесткопилка","38.00","RUB",2023-10-05 04:37:56,2023-10-10 21:52:38,
2023-10-05,"Продукты","SPAR",,"Открытие","94.80","RUB","Открытие","0.00","RUB",2023-10-05 05:19:57,2023-10-10 21:52:40,
2023-10-05,"Продукты","SPAR",,"Открытие","330.80","RUB","Открытие","0.00","RUB",2023-10-05 10:41:49,2023-10-10 21:52:40,
2023-10-05,"Проезд","YandexGo",,"Tinkoff Black","334.00","RUB","Tinkoff Black","0.00","RUB",2023-10-05 15:27:11,2023-10-10 21:52:38,
2023-10-05,,,,"Tinkoff Black","16.00","RUB","Инвесткопилка","16.00","RUB",2023-10-05 15:27:12,2023-10-10 21:52:38,
2023-10-06,,,,"Открытие","1000.00","RUB","Tinkoff Black","1000.00","RUB",2023-10-06 04:26:44,2023-10-15 03:38:18,
2023-10-06,"Проезд","YandexGo",,"Tinkoff Black","126.00","RUB","Tinkoff Black","0.00","RUB",2023-10-06 04:27:31,2023-10-10 21:52:38,
2023-10-06,,,,"Tinkoff Black","24.00","RUB","Инвесткопилка","24.00","RUB",2023-10-06 04:27:32,2023-10-10 21:52:38,
2023-10-06,"Продукты","SPAR",,"Открытие","101.80","RUB","Открытие","0.00","RUB",2023-10-06 04:39:06,2023-10-10 21:52:40,
2023-10-06,"Продукты","SPAR",,"Сбербанк","329.80","RUB","Сбербанк","0.00","RUB",2023-10-06 08:23:13,2023-10-10 21:53:13,
2023-10-06,,,,"Счет погашения ипотеки","1000.00","RUB","Открытие","1000.00","RUB",2023-10-06 08:25:20,2023-10-10 21:52:40,
2023-10-06,"Проезд","YandexGo",,"Tinkoff Black","369.00","RUB","Tinkoff Black","0.00","RUB",2023-10-06 12:51:28,2023-10-10 21:52:38,
2023-10-06,,,,"Tinkoff Black","31.00","RUB","Инвесткопилка","31.00","RUB",2023-10-06 12:51:29,2023-10-10 21:52:38,
2023-10-06,"Продукты","Пятерочка",,"Открытие","613.93","RUB","Открытие","0.00","RUB",2023-10-06 13:04:33,2023-10-10 21:52:40,
2023-10-06,"Продукты","Пятерочка",,"Открытие","229.00","RUB","Открытие","0.00","RUB",2023-10-06 13:04:56,2023-10-10 21:52:40,
2023-10-08,"Продукты","Yandex.Market15",,"Tinkoff Black","563.00","RUB","Tinkoff Black","0.00","RUB",2023-10-08 07:38:43,2023-10-10 21:52:38,
2023-10-08,,,,"Tinkoff Black","37.00","RUB","Инвесткопилка","37.00","RUB",2023-10-08 07:38:44,2023-10-10 21:52:38,
2023-10-08,"Платежи. комиссии","TELE2",,"Tinkoff Black","150.00","RUB","Tinkoff Black","0.00","RUB",2023-10-08 07:42:15,2023-10-10 21:52:38,
2023-10-08,,,,"Счет погашения ипотеки","1000.00","RUB","Tinkoff Black","1000.00","RUB",2023-10-08 07:45:08,2023-10-15 03:38:18,
2023-10-08,"Платежи. комиссии","Наталья Б.",,"Tinkoff Black","750.00","RUB","Tinkoff Black","0.00","RUB",2023-10-08 07:45:42,2023-10-31 01:21:15,
2023-10-08,,,,"Счет погашения ипотеки","2000.00","RUB","Открытие","2000.00","RUB",2023-10-08 13:34:54,2023-10-10 21:52:40,
2023-10-08,"Продукты","SPAR N21",,"Открытие","257.90","RUB","Открытие","0.00","RUB",2023-10-08 13:39:56,2023-10-15 03:38:18,
2023-10-08,"Продукты","SPAR N21",,"Открытие","1202.57","RUB","Открытие","0.00","RUB",2023-10-08 13:59:13,2023-10-15 03:38:18,
2023-10-09,"Продукты","SPAR",,"Открытие","269.70","RUB","Открытие","0.00","RUB",2023-10-09 05:13:26,2023-10-15 03:38:18,
2023-10-09,"Платежи. комиссии",,"Комиссия: Плата за оформление рассрочки в Tom Tailor","Кредитка","1684.00","RUB","Кредитка","0.00","RUB",2023-10-09 13:12:18,2023-10-31 01:21:15,
2023-10-09,"Платежи. комиссии",,"Комиссия: Плата за оформление рассрочки в Familia","Кредитка","1794.00","RUB","Кредитка","0.00","RUB",2023-10-09 13:12:19,2023-10-31 01:21:15,
2023-10-09,"Платежи. комиссии",,"Комиссия: Плата за оформление рассрочки в Familia","Кредитка","1560.00","RUB","Кредитка","0.00","RUB",2023-10-09 13:12:20,2023-10-31 01:21:15,
2023-10-09,,,,"Счет погашения ипотеки","1000.00","RUB","Открытие","1000.00","RUB",2023-10-09 15:02:17,2023-10-10 21:52:40,
2023-10-09,"Продукты","SPAR N21",,"Открытие","330.47","RUB","Открытие","0.00","RUB",2023-10-09 15:04:39,2023-10-15 03:38:18,
2023-10-10,,,,"Открытие","5000.00","RUB","Счет погашения ипотеки","5000.00","RUB",2023-10-09 21:00:00,2023-10-10 21:52:40,
2023-10-10,"Продукты","SPAR N21",,"Открытие","119.80","RUB","Открытие","0.00","RUB",2023-10-10 04:35:05,2023-10-15 03:38:18,
2023-10-10,"Продукты","SPAR",,"Открытие","116.80","RUB","Открытие","0.00","RUB",2023-10-10 06:24:12,2023-10-15 03:38:18,
2023-10-10,"Зарплата",,"Перечисление ден. средств по реестру","Открытие","0.00","RUB","Открытие","8054.28","RUB",2023-10-10 08:41:12,2023-10-10 21:52:40,
2023-10-10,"Кафе и рестораны","KFC",,"Открытие","662.00","RUB","Открытие","0.00","RUB",2023-10-10 09:42:51,2023-10-15 03:38:18,
2023-10-10,"Сигареты","BRISTOL 31",,"Открытие","229.00","RUB","Открытие","0.00","RUB",2023-10-10 09:50:12,2023-10-15 03:38:18,
2023-10-10,"Подарки","Мама",,"Открытие","420.00","RUB","Открытие","0.00","RUB",2023-10-10 11:00:41,2023-10-31 01:21:15,
2023-10-10,"Продукты","SPAR N21",,"Открытие","303.50","RUB","Открытие","0.00","RUB",2023-10-10 20:45:28,2023-10-15 03:38:18,
2023-10-11,"Кафе и рестораны","Лукойл",,"Открытие","1129.00","RUB","Открытие","0.00","RUB",2023-10-10 21:32:10,2023-10-15 03:38:18,
2023-10-11,"Продукты","SPAR N21",,"Открытие","433.80","RUB","Открытие","0.00","RUB",2023-10-11 04:39:39,2023-10-15 03:38:18,
2023-10-11,"Продукты","SPAR",,"Открытие","107.90","RUB","Открытие","0.00","RUB",2023-10-11 05:34:31,2023-10-15 03:38:18,
2023-10-11,,,,"Счет погашения ипотеки","3500.00","RUB","Открытие","3500.00","RUB",2023-10-11 09:07:32,2023-10-15 03:38:18,
2023-10-11,"Продукты","SPAR N21",,"Открытие","277.00","RUB","Открытие","0.00","RUB",2023-10-11 09:15:38,2023-10-15 03:38:18,
2023-10-11,"Кафе и рестораны","KAFE STEJK-KHAUS",,"Открытие","60.00","RUB","Открытие","0.00","RUB",2023-10-11 12:48:05,2023-10-15 03:38:18,
2023-10-11,,"СДЭК-36515 ООО ""СДЭК ФИНАНС""",,"Открытие","2186.00","RUB","Открытие","0.00","RUB",2023-10-11 15:33:00,2024-03-24 11:17:17,
2023-10-11,"Продукты","SPAR",,"Открытие","677.72","RUB","Открытие","0.00","RUB",2023-10-11 15:49:25,2023-10-15 03:38:18,
2023-10-11,"Продукты","SPAR",,"Открытие","169.00","RUB","Открытие","0.00","RUB",2023-10-11 19:41:05,2023-10-15 03:38:18,
2023-10-12,"Продукты","SPAR",,"Открытие","227.60","RUB","Открытие","0.00","RUB",2023-10-12 05:33:31,2023-10-17 07:40:12,
2023-10-12,"Продукты","SPAR",,"Открытие","281.70","RUB","Открытие","0.00","RUB",2023-10-12 08:09:24,2023-10-17 07:40:12,
2023-10-12,,,,"Счет погашения ипотеки","1500.00","RUB","Открытие","1500.00","RUB",2023-10-12 09:41:31,2023-10-15 03:38:18,
2023-10-12,"Продукты","SPAR N21",,"Открытие","297.00","RUB","Открытие","0.00","RUB",2023-10-12 09:54:10,2023-10-17 07:40:12,
2023-10-12,"Проезд","YandexGo",,"Tinkoff Black","90.00","RUB","Tinkoff Black","0.00","RUB",2023-10-12 10:43:18,2023-10-15 03:38:18,
2023-10-12,,,,"Tinkoff Black","10.00","RUB","Инвесткопилка","10.00","RUB",2023-10-12 10:43:19,2023-10-15 03:38:18,
2023-10-12,"Продукты","SPAR N21",,"Открытие","570.89","RUB","Открытие","0.00","RUB",2023-10-12 14:42:39,2023-10-17 07:40:12,
2023-10-13,"Продукты","SPAR N21",,"Открытие","128.70","RUB","Открытие","0.00","RUB",2023-10-13 04:42:22,2023-10-17 07:40:12,
2023-10-13,"Продукты","SPAR",,"Открытие","59.90","RUB","Открытие","0.00","RUB",2023-10-13 06:06:18,2023-10-17 07:40:12,
2023-10-13,"Продукты","SPAR N21",,"Открытие","376.90","RUB","Открытие","0.00","RUB",2023-10-13 08:15:29,2023-10-17 07:40:12,
2023-10-13,"Продукты","SPAR N21",,"Открытие","368.80","RUB","Открытие","0.00","RUB",2023-10-13 13:09:12,2023-10-17 07:40:12,
2023-10-13,,,,"Счет погашения ипотеки","1200.00","RUB","Tinkoff Black","1200.00","RUB",2023-10-13 17:42:47,2023-10-15 03:38:18,
2023-10-13,"Проезд","YandexGo",,"Tinkoff Black","268.00","RUB","Tinkoff Black","0.00","RUB",2023-10-13 17:43:17,2023-10-15 03:38:18,
2023-10-13,,,,"Tinkoff Black","32.00","RUB","Инвесткопилка","32.00","RUB",2023-10-13 17:43:18,2023-10-15 03:38:18,
2023-10-13,"Продукты","Yandex.Market15",,"Tinkoff Black","427.00","RUB","Tinkoff Black","0.00","RUB",2023-10-13 17:49:20,2023-10-15 03:38:18,
2023-10-13,,,,"Tinkoff Black","23.00","RUB","Инвесткопилка","23.00","RUB",2023-10-13 17:49:21,2023-10-15 03:38:18,
2023-10-13,"Образование","ROBOKASSA",,"Tinkoff Black","149.00","RUB","Tinkoff Black","0.00","RUB",2023-10-13 19:01:21,2023-10-15 03:38:18,
2023-10-13,,,,"Tinkoff Black","1.00","RUB","Инвесткопилка","1.00","RUB",2023-10-13 19:01:22,2023-10-15 03:38:18,
2023-10-14,"Продукты","PYATEROCHKA 11235",,"Открытие","133.90","RUB","Открытие","0.00","RUB",2023-10-14 07:20:02,2023-10-30 16:49:50,
2023-10-14,,,,"Счет погашения ипотеки","2500.00","RUB","Открытие","2500.00","RUB",2023-10-14 08:46:30,2023-10-15 03:38:18,
2023-10-14,"Кафе и рестораны","SHOKOLADNITSA_5",,"Открытие","1140.00","RUB","Открытие","0.00","RUB",2023-10-14 09:55:19,2023-10-17 07:40:12,
2023-10-14,"Продукты","Пятерочка",,"Открытие","277.97","RUB","Открытие","0.00","RUB",2023-10-14 10:37:11,2023-10-30 16:49:50,
2023-10-14,"Кафе и рестораны","Лукойл",,"Открытие","904.00","RUB","Открытие","0.00","RUB",2023-10-14 11:16:45,2023-10-15 03:38:18,
2023-10-14,,,,"Счет погашения ипотеки","4500.00","RUB","Tinkoff Black","4500.00","RUB",2023-10-14 18:40:33,2023-10-15 03:38:18,
2023-10-14,,,,"Сбербанк","736.00","RUB","Tinkoff Black","736.00","RUB",2023-10-14 18:42:11,2023-10-15 03:38:25,
2023-10-14,,,,"Tinkoff Black","5253.00","RUB","Кредитка","5253.00","RUB",2023-10-14 18:42:37,2023-10-30 16:51:55,
2023-10-14,"Платежи. комиссии",,"Комиссия: Плата за оформление рассрочки в GELIKON","Кредитка","1350.00","RUB","Кредитка","0.00","RUB",2023-10-14 18:48:52,2023-10-31 01:21:15,
2023-10-14,,"Евгений Д.",,"Долги","5000.00","RUB","Tinkoff Black","5000.00","RUB",2023-10-14 19:32:36,2023-10-31 01:21:15,
2023-10-14,,,,"Tinkoff Black","3954.31","RUB","Кредитка","3954.31","RUB",2023-10-14 20:23:42,2023-10-30 16:51:55,
2023-10-16,,,"Перевод СБП A3289035305727070000010011090701 от МАКСИМ СТАНИСЛАВОВИЧ Б 79922220690 Тинькофф Банк","Tinkoff Black","1000.00","RUB","Открытие","1000.00","RUB",2023-10-16 03:53:08,2023-10-17 07:40:12,
2023-10-16,"Продукты","SPAR N21",,"Открытие","145.70","RUB","Открытие","0.00","RUB",2023-10-16 04:38:49,2023-10-30 16:49:50,
2023-10-16,"Продукты","SPAR",,"Открытие","288.90","RUB","Открытие","0.00","RUB",2023-10-16 07:57:06,2023-10-30 16:49:50,
2023-10-17,"Проезд","YandexGo",,"Tinkoff Black","417.00","RUB","Tinkoff Black","0.00","RUB",2023-10-17 04:55:09,2023-10-17 07:40:12,
2023-10-17,,,,"Tinkoff Black","33.00","RUB","Инвесткопилка","33.00","RUB",2023-10-17 04:55:10,2023-10-17 07:40:12,
2023-10-17,"Кафе и рестораны","KAFE STEJK-KHAUS",,"Открытие","146.00","RUB","Открытие","0.00","RUB",2023-10-17 05:19:05,2023-10-30 16:49:50,
2023-10-17,"Продукты","SPAR N21",,"Открытие","288.90","RUB","Открытие","0.00","RUB",2023-10-17 10:30:25,2023-10-30 16:49:50,
2023-10-18,"Продукты","SPAR N21",,"Открытие","105.80","RUB","Открытие","0.00","RUB",2023-10-18 04:46:56,2023-10-30 16:49:50,
2023-10-18,"Продукты","SPAR",,"Открытие","137.70","RUB","Открытие","0.00","RUB",2023-10-18 06:02:41,2023-10-30 16:49:50,
2023-10-18,,,,"Инвесткопилка","1700.00","RUB","Tinkoff Black","1700.00","RUB",2023-10-18 09:35:02,2023-10-30 16:49:50,
2023-10-18,,,"Перевод СБП B32910940363340D0000140011100302 от МАКСИМ СТАНИСЛАВОВИЧ Б 79922220690 Тинькофф Банк","Tinkoff Black","1000.00","RUB","Открытие","1000.00","RUB",2023-10-18 09:40:39,2023-10-30 16:49:50,
2023-10-18,"Кафе и рестораны","KFC",,"Открытие","626.00","RUB","Открытие","0.00","RUB",2023-10-18 09:46:24,2023-10-30 16:49:50,
2023-10-18,"Продукты","SPAR",,"Открытие","101.80","RUB","Открытие","0.00","RUB",2023-10-18 12:07:32,2023-10-30 16:49:50,
2023-10-19,"Продукты","SPAR",,"Открытие","101.80","RUB","Открытие","0.00","RUB",2023-10-19 06:13:50,2023-10-30 16:49:50,
2023-10-19,,,"Перевод СБП A3292095700307150000040011100501 от МАКСИМ СТАНИСЛАВОВИЧ Б 79922220690 Тинькофф Банк","Кредитка","5000.00","RUB","Открытие","5000.00","RUB",2023-10-19 09:57:03,2023-10-30 16:51:55,
2023-10-19,"Кафе и рестораны","KULINARIYA KNYAZEVOJ",,"Открытие","512.26","RUB","Открытие","0.00","RUB",2023-10-19 10:00:46,2023-10-30 16:49:50,
2023-10-19,"Продукты","SPAR",,"Открытие","173.70","RUB","Открытие","0.00","RUB",2023-10-19 13:13:14,2023-10-30 16:49:50,
2023-10-19,"Проезд","YandexGo",,"Tinkoff Black","548.00","RUB","Tinkoff Black","0.00","RUB",2023-10-19 15:15:22,2023-10-30 16:49:50,
2023-10-19,,,,"Tinkoff Black","2.00","RUB","Инвесткопилка","2.00","RUB",2023-10-19 15:15:23,2023-10-30 16:49:50,
2023-10-19,"Продукты","PYATEROCHKA 11235",,"Открытие","57.99","RUB","Открытие","0.00","RUB",2023-10-19 16:41:45,2023-10-30 16:49:50,
2023-10-19,"Продукты","SPAR",,"Открытие","383.78","RUB","Открытие","0.00","RUB",2023-10-19 18:50:58,2023-10-30 16:49:50,
2023-10-20,,,"Корректировка налога","Инвесткопилка","4.00","RUB","Инвесткопилка","0.00","RUB",2023-10-19 21:00:01,2023-10-30 16:49:50,
2023-10-20,,,,"Кредитка","500.00","RUB","Tinkoff Black","500.00","RUB",2023-10-20 04:25:28,2023-10-30 16:51:55,
2023-10-20,"Проезд","YandexGo",,"Tinkoff Black","354.00","RUB","Tinkoff Black","0.00","RUB",2023-10-20 04:26:05,2023-10-30 16:49:50,
2023-10-20,,,,"Tinkoff Black","46.00","RUB","Инвесткопилка","46.00","RUB",2023-10-20 04:26:06,2023-10-30 16:49:50,
2023-10-20,"Продукты","SPAR N21",,"Открытие","330.80","RUB","Открытие","0.00","RUB",2023-10-20 04:50:56,2023-10-30 16:49:50,
2023-10-20,"Продукты","SPAR",,"Открытие","224.80","RUB","Открытие","0.00","RUB",2023-10-20 06:29:53,2023-10-30 16:49:50,
2023-10-20,"Кафе и рестораны","KULINARIYA KNYAZEVOJ",,"Открытие","552.64","RUB","Открытие","0.00","RUB",2023-10-20 08:19:03,2023-10-30 16:49:50,
2023-10-20,"Продукты","SPAR N2",,"Открытие","550.65","RUB","Открытие","0.00","RUB",2023-10-20 13:48:46,2023-10-30 16:49:50,
2023-10-20,"Продукты","Ашан",,"Открытие","715.99","RUB","Открытие","0.00","RUB",2023-10-20 16:19:44,2023-10-30 16:49:50,
2023-10-20,"Автомобиль","LUKOIL.AZS 52023 52C",,"Кредитка","1000.00","RUB","Кредитка","0.00","RUB",2023-10-20 18:08:23,2023-10-30 16:51:55,
2023-10-20,"Продукты","Магнит",,"Открытие","236.86","RUB","Открытие","0.00","RUB",2023-10-20 18:36:27,2023-10-30 16:49:50,
2023-10-21,"Продукты","SPAR N21",,"Открытие","205.60","RUB","Открытие","0.00","RUB",2023-10-21 05:23:46,2023-10-30 16:49:50,
2023-10-21,"Продукты","SPAR N21",,"Открытие","288.90","RUB","Открытие","0.00","RUB",2023-10-21 08:25:07,2023-10-30 16:49:50,
2023-10-21,,,"Перевод СБП A32941601588662D0000040011100701 от МАКСИМ СТАНИСЛАВОВИЧ Б 79922220690 Тинькофф Банк","Кредитка","2000.00","RUB","Открытие","2000.00","RUB",2023-10-21 16:02:01,2023-10-30 16:51:55,
2023-10-21,"Продукты","Перекресток",,"Открытие","158.99","RUB","Открытие","0.00","RUB",2023-10-21 16:03:22,2023-10-30 16:49:50,
2023-10-21,"Кафе и рестораны","EVO CHUDESA MANGALA",,"Открытие","220.00","RUB","Открытие","0.00","RUB",2023-10-21 16:08:22,2023-10-30 16:49:50,
2023-10-21,"Продукты","Пятерочка",,"Открытие","92.69","RUB","Открытие","0.00","RUB",2023-10-21 17:10:58,2023-10-30 16:49:50,
2023-10-21,"Кафе и рестораны","Лукойл",,"Открытие","1085.00","RUB","Открытие","0.00","RUB",2023-10-21 17:36:32,2023-10-30 16:49:50,
2023-10-21,"Продукты","MAKADAMI",,"Открытие","376.00","RUB","Открытие","0.00","RUB",2023-10-21 17:59:23,2023-10-30 16:49:50,
2023-10-21,"Дом / Съем жилья ",,,"Наличные","23000.00","RUB","Наличные","0.00","RUB",2023-10-30 17:09:58,2023-10-30 17:06:19,
2023-10-22,"Платежи. комиссии","Yandex.Plus",,"Tinkoff Black","173.00","RUB","Tinkoff Black","0.00","RUB",2023-10-22 01:29:12,2023-10-30 16:49:50,
2023-10-22,,,,"Tinkoff Black","27.00","RUB","Инвесткопилка","27.00","RUB",2023-10-22 01:29:13,2023-10-30 16:49:50,
2023-10-22,"Продукты","SPAR N21",,"Открытие","1052.79","RUB","Открытие","0.00","RUB",2023-10-22 08:00:21,2023-10-30 16:49:50,
2023-10-22,"Продукты","Magazin Syrovarnya 2",,"Кредитка","668.44","RUB","Кредитка","0.00","RUB",2023-10-22 10:19:27,2023-10-30 16:51:55,
2023-10-22,"Продукты","PYATEROCHKA 6652",,"Кредитка","337.21","RUB","Кредитка","0.00","RUB",2023-10-22 12:21:23,2023-10-30 16:51:55,
2023-10-22,,"LUKOIL.AZS 52094 52C",,"Кредитка","1500.00","RUB","Кредитка","0.00","RUB",2023-10-22 13:19:29,2024-03-24 09:49:08,
2023-10-22,"Кафе и рестораны","BAKLADZHAN",,"Кредитка","1885.00","RUB","Кредитка","0.00","RUB",2023-10-22 17:59:35,2023-10-30 16:51:55,
2023-10-23,"Продукты","SPAR N21",,"Открытие","145.70","RUB","Открытие","0.00","RUB",2023-10-23 04:41:38,2023-10-30 16:49:50,
2023-10-23,,,"Перевод СБП B3296061106189090000120011100701 от МАКСИМ СТАНИСЛАВОВИЧ Б 79922220690 Тинькофф Банк","Кредитка","2000.00","RUB","Открытие","2000.00","RUB",2023-10-23 06:11:11,2023-10-30 16:51:55,
2023-10-23,"Продукты","SPAR",,"Открытие","99.80","RUB","Открытие","0.00","RUB",2023-10-23 06:14:07,2023-10-30 16:49:50,
2023-10-23,,,,"Кредитка","1500.00","RUB","Tinkoff Black","1500.00","RUB",2023-10-23 06:22:25,2023-10-30 16:51:55,
2023-10-23,"Платежи. комиссии","Dom.ru",,"Tinkoff Black","776.83","RUB","Tinkoff Black","0.00","RUB",2023-10-23 06:23:02,2023-10-30 16:49:50,
2023-10-23,"Корректировка","Екатерина А.",,"Tinkoff Black","0.00","RUB","Tinkoff Black","825.00","RUB",2023-10-23 06:57:00,2023-10-31 01:21:15,
2023-10-23,"Кафе и рестораны","Столовая",,"Открытие","431.00","RUB","Открытие","0.00","RUB",2023-10-23 09:01:37,2023-10-30 16:49:50,
2023-10-23,,"Юлия Ф.",,"Долги","30000.00","RUB","Открытие","30000.00","RUB",2023-10-23 11:20:33,2023-10-30 17:20:14,
2023-10-23,,"ПАО ""АЭРОФЛОТ"" ПАО ""АЭРОФЛОТ""",,"Открытие","3096.00","RUB","Открытие","0.00","RUB",2023-10-23 11:27:02,2024-03-24 11:17:17,
2023-10-23,,"ПАО ""АЭРОФЛОТ"" ПАО ""АЭРОФЛОТ""",,"Открытие","5471.00","RUB","Открытие","0.00","RUB",2023-10-23 11:29:04,2024-03-24 11:17:17,
2023-10-23,,"SEVERSTAL-AVIA",,"Открытие","9200.00","RUB","Открытие","0.00","RUB",2023-10-23 11:33:01,2024-03-24 11:17:17,
2023-10-23,,"SEVERSTAL-AVIA",,"Открытие","11600.00","RUB","Открытие","0.00","RUB",2023-10-23 11:35:24,2024-03-24 11:17:17,
2023-10-23,"Продукты","SPAR",,"Открытие","99.80","RUB","Открытие","0.00","RUB",2023-10-23 13:15:57,2023-10-30 16:49:50,
2023-10-23,"Продукты","SPAR",,"Открытие","229.00","RUB","Открытие","0.00","RUB",2023-10-23 16:29:01,2023-10-30 16:49:50,
2023-10-23,"Продукты","SPAR",,"Открытие","347.50","RUB","Открытие","0.00","RUB",2023-10-23 20:11:28,2023-10-30 16:49:50,
2023-10-23,"Здоровье и фитнес","IP CHUPROV K.V.","Стрижка","Открытие","1400.00","RUB","Открытие","0.00","RUB",2023-10-30 17:10:51,2024-05-09 05:08:01,
2023-10-24,,,"Перевод СБП A32970530244190F0000020011100902 от МАКСИМ СТАНИСЛАВОВИЧ Б 79922220690 Тинькофф Банк","Tinkoff Black","500.00","RUB","Открытие","500.00","RUB",2023-10-24 05:30:28,2023-10-30 16:49:50,
2023-10-24,"Продукты","SPAR",,"Открытие","16.50","RUB","Открытие","0.00","RUB",2023-10-24 05:35:05,2023-10-30 19:35:05,
2023-10-24,"Сигареты","SPAR",,"Открытие","229.00","RUB","Открытие","0.00","RUB",2023-10-24 05:35:06,2023-10-30 19:35:05,
2023-10-24,"Кафе и рестораны","Kulinariya Knyazevoj",,"Tinkoff Black","459.14","RUB","Tinkoff Black","0.00","RUB",2023-10-24 10:04:29,2023-10-30 16:49:50,
2023-10-24,,,,"Tinkoff Black","40.86","RUB","Инвесткопилка","40.86","RUB",2023-10-24 10:04:30,2023-10-30 16:49:50,
2023-10-24,"Тратата","Евгений Александрович Д.",,"Сбербанк","0.00","RUB","Сбербанк","3770.00","RUB",2023-10-24 16:21:08,2023-10-30 16:50:11,
2023-10-24,,,,"Tinkoff Black","24.00","RUB","Сбербанк","24.00","RUB",2023-10-24 16:22:01,2023-10-30 16:50:11,
2023-10-24,"Тратата","Максим Сергеевич Ш.",,"Сбербанк","3771.00","RUB","Сбербанк","0.00","RUB",2023-10-24 16:22:41,2023-10-30 17:20:14,
2023-10-24,"Продукты","SPAR",,"Tinkoff Black","360.70","RUB","Tinkoff Black","0.00","RUB",2023-10-24 17:07:17,2023-10-30 16:49:50,
2023-10-24,,,,"Tinkoff Black","39.30","RUB","Инвесткопилка","39.30","RUB",2023-10-24 17:07:18,2023-10-30 16:49:50,
2023-10-24,"Платежи. комиссии",,"Комиссия: Плата за оповещения об операциях","Кредитка","99.00","RUB","Кредитка","0.00","RUB",2023-10-24 20:22:44,2023-10-30 16:51:55,
2023-10-24,"Платежи. комиссии",,"Комиссия: Плата за Программу страховой защиты","Кредитка","968.27","RUB","Кредитка","0.00","RUB",2023-10-24 20:59:03,2023-10-31 01:21:15,
2023-10-25,,,,"Кредитка","2000.00","RUB","Сбербанк","2000.00","RUB",2023-10-25 04:21:45,2023-10-30 16:51:55,
2023-10-25,,,,"Открытие","2000.00","RUB","Tinkoff Black","2000.00","RUB",2023-10-25 04:21:46,2023-10-30 16:49:50,
2023-10-25,,"YandexGo",,"Tinkoff Black","734.00","RUB","Tinkoff Black","0.00","RUB",2023-10-25 04:22:05,2024-03-24 11:17:17,
2023-10-25,,,,"Tinkoff Black","16.00","RUB","Инвесткопилка","16.00","RUB",2023-10-25 04:22:06,2023-10-30 16:49:50,
2023-10-25,,,,"Кредитка","3000.00","RUB","Tinkoff Black","3000.00","RUB",2023-10-25 05:48:35,2023-10-30 16:51:55,
2023-10-25,,"SEVERSTAL-AVIA",,"Tinkoff Black","599.00","RUB","Tinkoff Black","0.00","RUB",2023-10-25 05:50:36,2024-03-24 11:17:17,
2023-10-25,,,,"Tinkoff Black","1.00","RUB","Инвесткопилка","1.00","RUB",2023-10-25 05:50:37,2023-10-30 16:49:50,
2023-10-25,"Кафе и рестораны","Kofekejk Aeroport",,"Tinkoff Black","715.00","RUB","Tinkoff Black","0.00","RUB",2023-10-25 06:05:47,2023-10-30 16:49:50,
2023-10-25,,,,"Tinkoff Black","35.00","RUB","Инвесткопилка","35.00","RUB",2023-10-25 06:05:48,2023-10-30 16:49:50,
2023-10-25,"Зарплата",,"Перечисление ден. средств по реестру","Открытие","0.00","RUB","Открытие","41844.49","RUB",2023-10-25 09:59:03,2023-10-30 16:49:50,
2023-10-25,,,"Перечисление ДС на банковскую карту 5586 2000 2357 8351 /Бутырин Максим Станиславович/ командировочные расходы согласно Приказу 393 от 25.10.2023г. НДС не облагается.","Открытие","0.00","RUB","Открытие","46100.00","RUB",2023-10-25 11:01:22,2024-03-24 11:17:17,
2023-10-25,,"Сириус",,"Открытие","11100.00","RUB","Открытие","0.00","RUB",2023-10-25 12:36:35,2024-03-24 11:17:17,
2023-10-25,"Кафе и рестораны","LUNCH TIME",,"Открытие","460.00","RUB","Открытие","0.00","RUB",2023-10-25 12:43:13,2023-10-30 16:49:50,
2023-10-25,,"Юлия Ф.",,"Открытие","30000.00","RUB","Долги","30000.00","RUB",2023-10-25 13:21:03,2023-10-30 17:20:14,
2023-10-25,,"Евгений Д.",,"Открытие","5000.00","RUB","Долги","5000.00","RUB",2023-10-25 13:21:39,2023-10-31 01:21:15,
2023-10-25,"Тратата","Евгений Д.",,"Открытие","2000.00","RUB","Открытие","0.00","RUB",2023-10-25 13:21:40,2023-10-31 01:21:15,
2023-10-25,"Подарки","Александр Васильевич Б.",,"Сбербанк","1000.00","RUB","Сбербанк","0.00","RUB",2023-10-25 14:57:52,2023-10-30 17:20:14,
2023-10-25,"Продукты",,,"Сбербанк","1000.00","RUB","Сбербанк","0.00","RUB",2023-10-25 14:57:53,2023-10-30 17:20:14,
2023-10-25,"Продукты","Пятерочка",,"Открытие","554.96","RUB","Открытие","0.00","RUB",2023-10-25 16:59:47,2023-10-30 19:35:05,
2023-10-25,"Сигареты","Пятерочка",,"Открытие","229.00","RUB","Открытие","0.00","RUB",2023-10-25 16:59:48,2023-10-30 19:35:05,
2023-10-25,"Кафе и рестораны","Додо Пицца",,"Открытие","657.00","RUB","Открытие","0.00","RUB",2023-10-25 17:06:17,2023-10-30 16:49:50,
2023-10-26,,,,"Открытие","13500.00","RUB","Счет погашения ипотеки","13500.00","RUB",2023-10-25 21:00:00,2023-10-30 16:49:50,
2023-10-26,,,,"Открытие","20000.00","RUB","Tinkoff Black","20000.00","RUB",2023-10-26 06:22:29,2023-10-30 16:49:50,
2023-10-26,,,,"Tinkoff Black","10000.00","RUB","Кредитка","10000.00","RUB",2023-10-26 14:26:15,2023-10-30 16:51:55,
2023-10-26,,,,"Tinkoff Black","13200.00","RUB","Кредитка","13200.00","RUB",2023-10-26 14:26:35,2023-10-30 16:51:55,
2023-10-26,,,,"Кредитка","15000.00","RUB","Tinkoff Black","15000.00","RUB",2023-10-26 14:27:34,2023-10-30 16:51:55,
2023-10-26,,,"Досрочное погашение","Tinkoff Black","12000.00","RUB","Tinkoff Black","0.00","RUB",2023-10-26 14:28:15,2024-03-24 09:49:08,
2023-10-26,"Автомобиль","Штрафы ГИБДД",,"Tinkoff Black","250.00","RUB","Tinkoff Black","0.00","RUB",2023-10-26 14:28:47,2023-10-30 16:49:50,
2023-10-26,"Кафе и рестораны","Lunch Time",,"Tinkoff Black","447.00","RUB","Tinkoff Black","0.00","RUB",2023-10-26 15:06:59,2023-10-30 16:49:50,
2023-10-26,,,,"Tinkoff Black","3.00","RUB","Инвесткопилка","3.00","RUB",2023-10-26 15:07:00,2023-10-30 16:49:50,
2023-10-26,"Кафе и рестораны","HARATS",,"Tinkoff Black","1280.00","RUB","Tinkoff Black","0.00","RUB",2023-10-26 18:16:48,2023-10-30 16:49:50,
2023-10-26,,,,"Tinkoff Black","20.00","RUB","Инвесткопилка","20.00","RUB",2023-10-26 18:16:49,2023-10-30 16:49:50,
2023-10-26,"Сигареты","PYATEROCHKA 16200",,"Tinkoff Black","229.00","RUB","Tinkoff Black","0.00","RUB",2023-10-26 18:56:44,2023-10-30 17:20:14,
2023-10-26,,,,"Tinkoff Black","21.00","RUB","Инвесткопилка","21.00","RUB",2023-10-26 18:56:45,2023-10-30 16:49:50,
2023-10-27,"Кафе и рестораны","Lunch TimePQR",,"Tinkoff Black","85.00","RUB","Tinkoff Black","0.00","RUB",2023-10-27 05:16:07,2023-10-30 16:49:50,
2023-10-27,,,,"Tinkoff Black","15.00","RUB","Инвесткопилка","15.00","RUB",2023-10-27 05:16:08,2023-10-30 16:49:50,
2023-10-27,,"Никита Г.",,"Долги","2000.00","RUB","Tinkoff Black","2000.00","RUB",2023-10-27 10:37:09,2023-10-30 17:20:14,
2023-10-27,,"SEVERSTAL-AVIA",,"Tinkoff Black","599.00","RUB","Tinkoff Black","0.00","RUB",2023-10-27 13:13:27,2024-03-24 11:17:17,
2023-10-27,,,,"Tinkoff Black","1.00","RUB","Инвесткопилка","1.00","RUB",2023-10-27 13:13:28,2023-10-30 16:49:50,
2023-10-27,"Кафе и рестораны","Lunch TimePQR",,"Tinkoff Black","435.00","RUB","Tinkoff Black","0.00","RUB",2023-10-27 15:08:03,2023-10-30 16:49:50,
2023-10-27,,,,"Tinkoff Black","15.00","RUB","Инвесткопилка","15.00","RUB",2023-10-27 15:08:04,2023-10-30 16:49:50,
2023-10-27,"Кэшбэк",,"Компенсация покупки","Кредитка","0.00","RUB","Кредитка","564.14","RUB",2023-10-27 16:11:10,2023-10-30 19:35:05,
2023-10-27,"Кафе и рестораны","Kafe Roman",,"Tinkoff Black","800.00","RUB","Tinkoff Black","0.00","RUB",2023-10-27 16:31:15,2023-10-30 16:49:50,
2023-10-27,"Кэшбэк",,,"Инвесткопилка","0.00","RUB","Инвесткопилка","76.00","RUB",2023-10-27 19:50:15,2023-10-30 19:35:05,
2023-10-27,"Платежи. комиссии",,"Комиссия: Плата за оповещения об операциях","Tinkoff Black","99.00","RUB","Tinkoff Black","0.00","RUB",2023-10-27 20:24:39,2023-10-30 16:49:50,
2023-10-27,,"Кирилл",,"Наличные","1000.00","RUB","Долги","1000.00","RUB",2023-10-30 17:12:15,2023-10-31 21:46:15,
2023-10-28,"Кафе и рестораны","Lunch Time",,"Tinkoff Black","85.00","RUB","Tinkoff Black","0.00","RUB",2023-10-28 05:07:24,2023-10-30 16:49:50,
2023-10-28,,,,"Tinkoff Black","15.00","RUB","Инвесткопилка","15.00","RUB",2023-10-28 05:07:25,2023-10-30 16:49:50,
2023-10-28,"Кафе и рестораны","GO CAFE",,"Tinkoff Black","249.00","RUB","Tinkoff Black","0.00","RUB",2023-10-28 11:18:50,2023-10-30 16:49:50,
2023-10-28,,,,"Tinkoff Black","1.00","RUB","Инвесткопилка","1.00","RUB",2023-10-28 11:18:51,2023-10-30 16:49:50,
2023-10-28,,,,"Кредитка","1000.00","RUB","Tinkoff Black","1000.00","RUB",2023-10-28 13:35:29,2023-10-30 16:51:55,
2023-10-28,,"YandexGo",,"Tinkoff Black","988.00","RUB","Tinkoff Black","0.00","RUB",2023-10-28 13:51:06,2024-03-24 11:17:17,
2023-10-28,,,,"Tinkoff Black","12.00","RUB","Инвесткопилка","12.00","RUB",2023-10-28 13:51:07,2023-10-30 16:49:50,
2023-10-28,"Кафе и рестораны","SAMURAJ",,"Кредитка","1138.00","RUB","Кредитка","0.00","RUB",2023-10-28 16:00:18,2023-10-30 16:51:55,
2023-10-28,"Кафе и рестораны","SAMURAJ",,"Кредитка","220.00","RUB","Кредитка","0.00","RUB",2023-10-28 16:00:37,2023-10-30 16:51:55,
2023-10-28,"Одежда","FAMILIA 197",,"Кредитка","145.00","RUB","Кредитка","0.00","RUB",2023-10-28 17:31:35,2023-10-30 16:51:55,
2023-10-28,,,,"Кредитка","5000.00","RUB","Наличные","5000.00","RUB",2023-10-28 17:33:22,2023-10-31 15:31:18,
2023-10-28,,,,"Кредитка","2400.00","RUB","Сбербанк","2400.00","RUB",2023-10-28 18:19:18,2023-10-30 16:51:55,
2023-10-28,"Тратата","Александра Юрьевна Ю.",,"Сбербанк","2333.00","RUB","Сбербанк","0.00","RUB",2023-10-28 18:20:04,2023-10-30 16:56:50,
2023-10-28,"Продукты","MAGNIT MM GURVITS",,"Кредитка","285.92","RUB","Кредитка","0.00","RUB",2023-10-28 18:31:05,2023-10-30 19:35:05,
2023-10-28,"Сигареты","MAGNIT MM GURVITS",,"Кредитка","229.00","RUB","Кредитка","0.00","RUB",2023-10-28 18:31:06,2023-10-30 19:35:05,
2023-10-28,,,,"Кредитка","2700.00","RUB","Сбербанк","2700.00","RUB",2023-10-28 19:28:10,2023-10-30 16:51:55,
2023-10-28,"Тратата","Александра Юрьевна Ю.",,"Сбербанк","2672.00","RUB","Сбербанк","0.00","RUB",2023-10-28 19:29:00,2023-10-30 16:56:50,
2023-10-28,"Тратата","Клиенту Тинькофф",,"Кредитка","2672.00","RUB","Кредитка","0.00","RUB",2023-10-28 20:19:44,2023-10-30 16:51:55,
2023-10-29,"Тратата","Клиенту Тинькофф",,"Кредитка","2333.00","RUB","Кредитка","0.00","RUB",2023-10-28 21:18:17,2023-10-30 16:51:55,
2023-10-29,"Автомобиль","LUKOIL.AZS 52020 52C","Бензин","Кредитка","1000.00","RUB","Кредитка","0.00","RUB",2023-10-28 21:46:10,2024-05-09 05:08:01,
2023-10-29,"Продукты","PYATEROCHKA 3433",,"Tinkoff Black","103.98","RUB","Tinkoff Black","0.00","RUB",2023-10-29 17:47:50,2023-10-30 19:27:04,
2023-10-29,,,,"Tinkoff Black","46.02","RUB","Инвесткопилка","46.02","RUB",2023-10-29 17:47:51,2023-10-30 16:49:50,
2023-10-30,"Продукты","SPAR N21",,"Tinkoff Black","137.70","RUB","Tinkoff Black","0.00","RUB",2023-10-30 04:40:45,2023-10-30 16:49:50,
2023-10-30,,,,"Tinkoff Black","12.30","RUB","Инвесткопилка","12.30","RUB",2023-10-30 04:40:46,2023-10-30 19:27:04,
2023-10-30,"Продукты","SPAR",,"Открытие","288.90","RUB","Открытие","0.00","RUB",2023-10-30 08:50:42,2023-11-03 19:20:41,
2023-10-30,"Продукты","SPAR N21",,"Открытие","240.37","RUB","Открытие","0.00","RUB",2023-10-30 14:50:43,2023-10-30 19:27:04,
2023-10-30,"Сигареты","SPAR N21",,"Открытие","229.00","RUB","Открытие","0.00","RUB",2023-10-30 14:50:44,2023-10-30 19:27:04,
2023-10-31,"Дом / Ипотека",,"Уплата процентов КД №770439 от 29.05.2020г.","Счет погашения ипотеки","9938.38","RUB","Счет погашения ипотеки","0.00","RUB",2023-10-30 21:00:00,2023-10-31 21:46:15,
2023-10-31,"Дом / Ипотека",,"Погашение основного долга КД №770439 от 29.05.2020г.","Счет погашения ипотеки","3555.62","RUB","Счет погашения ипотеки","0.00","RUB",2023-10-30 21:00:01,2023-10-31 21:46:15,
2023-10-31,"Продукты","SPAR N21",,"Открытие","104.80","RUB","Открытие","0.00","RUB",2023-10-31 04:44:21,2023-10-31 09:35:02,
2023-10-31,"Сигареты","SPAR N21",,"Открытие","229.00","RUB","Открытие","0.00","RUB",2023-10-31 04:44:22,2023-10-31 09:35:02,
2023-10-31,"Обед","KAFE STEJK-KHAUS",,"Открытие","67.00","RUB","Открытие","0.00","RUB",2023-10-31 12:01:39,2023-11-03 19:20:41,
2023-10-31,"Обед","KAFE STEJK-KHAUS",,"Открытие","50.00","RUB","Открытие","0.00","RUB",2023-10-31 12:03:51,2023-11-03 19:20:41,
2023-10-31,"Платежи. комиссии",,"Комиссия: Комиссия за операцию","Кредитка","435.00","RUB","Кредитка","0.00","RUB",2023-10-31 12:52:59,2023-10-31 15:39:18,
2023-10-31,"Продукты","SPAR N21",,"Открытие","407.65","RUB","Открытие","0.00","RUB",2023-10-31 15:12:45,2023-11-05 06:06:24,
2023-11-01,"Продукты","SPAR",,"Открытие","59.90","RUB","Открытие","0.00","RUB",2023-11-01 07:13:00,2023-11-05 06:06:24,
2023-11-01,"Продукты","SPAR",,"Открытие","99.80","RUB","Открытие","0.00","RUB",2023-11-01 11:32:29,2023-11-01 18:18:40,
2023-11-01,"Сигареты","SPAR",,"Открытие","229.00","RUB","Открытие","0.00","RUB",2023-11-01 11:32:30,2023-11-01 18:18:40,
2023-11-01,,,,"Кредитка","1000.00","RUB","Tinkoff Black","1000.00","RUB",2023-11-01 16:19:04,2023-11-01 18:18:06,
2023-11-02,"Продукты","SPAR",,"Открытие","99.80","RUB","Открытие","0.00","RUB",2023-11-02 07:48:13,2023-11-03 19:20:30,
2023-11-02,"Сигареты","SPAR",,"Открытие","229.00","RUB","Открытие","0.00","RUB",2023-11-02 07:48:14,2023-11-03 19:20:30,
2023-11-02,,,"Перевод СБП B33060937201420A0000130011110702 от МАКСИМ СТАНИСЛАВОВИЧ Б 79922220690 Тинькофф Банк","Tinkoff Black","500.00","RUB","Открытие","500.00","RUB",2023-11-02 09:37:23,2023-11-02 19:30:02,
2023-11-02,"Продукты","SPAR N21",,"Открытие","389.90","RUB","Открытие","0.00","RUB",2023-11-02 09:45:51,2023-11-07 10:00:01,
2023-11-03,"Продукты","SPAR N21",,"Открытие","59.90","RUB","Открытие","0.00","RUB",2023-11-03 04:43:26,2023-11-07 10:00:01,
2023-11-03,"Продукты","SPAR N21",,"Кредитка","466.80","RUB","Кредитка","0.00","RUB",2023-11-03 11:42:35,2023-11-04 10:20:51,
2023-11-03,"Сигареты","SPAR N21",,"Кредитка","229.00","RUB","Кредитка","0.00","RUB",2023-11-03 11:42:36,2023-11-04 10:20:51,
2023-11-04,"Платежи. комиссии","Виктор В.",,"Открытие","238.00","RUB","Открытие","0.00","RUB",2023-11-04 08:11:58,2023-11-05 06:06:24,
2023-11-04,"Продукты","SPAR N21",,"Кредитка","180.90","RUB","Кредитка","0.00","RUB",2023-11-04 10:30:30,2023-11-11 15:58:59,
2023-11-04,"Сигареты","SPAR N21",,"Кредитка","229.00","RUB","Кредитка","0.00","RUB",2023-11-04 10:30:31,2023-11-11 15:58:59,
2023-11-04,"Продукты","MAGNIT MM GURVITS",,"Кредитка","341.96","RUB","Кредитка","0.00","RUB",2023-11-04 12:38:39,2023-11-05 06:06:24,
2023-11-04,"Продукты","SPAR 12",,"Кредитка","99.80","RUB","Кредитка","0.00","RUB",2023-11-04 14:39:58,2023-11-05 06:06:24,
2023-11-04,,"LUKOIL.AZS 52083 52C",,"Кредитка","1000.00","RUB","Кредитка","0.00","RUB",2023-11-04 15:26:17,2024-03-24 09:49:08,
2023-11-05,"Продукты","SPAR N21",,"Кредитка","130.70","RUB","Кредитка","0.00","RUB",2023-11-05 06:04:25,2023-11-05 19:01:29,
2023-11-05,"Сигареты","SPAR N21",,"Кредитка","229.00","RUB","Кредитка","0.00","RUB",2023-11-05 06:04:26,2023-11-05 19:01:29,
2023-11-05,"Продукты","SPAR 40",,"Кредитка","59.90","RUB","Кредитка","0.00","RUB",2023-11-05 09:14:39,2023-11-05 19:02:43,
2023-11-05,"Продукты","SPAR N21",,"Кредитка","723.12","RUB","Кредитка","0.00","RUB",2023-11-05 11:35:42,2023-11-05 19:02:43,
2023-11-05,"Продукты","KRASNOE&BELOE",,"Кредитка","131.28","RUB","Кредитка","0.00","RUB",2023-11-05 14:34:03,2023-11-07 09:51:47,
2023-11-05,"Кафе и рестораны","KOFE-BAR COFFEELIKE",,"Кредитка","290.00","RUB","Кредитка","0.00","RUB",2023-11-05 17:10:49,2023-11-05 19:02:43,
2023-11-05,"Продукты","SPAR 50",,"Кредитка","418.80","RUB","Кредитка","0.00","RUB",2023-11-05 17:35:13,2023-11-05 19:02:43,
2023-11-06,"Продукты","SPAR N21",,"Кредитка","101.80","RUB","Кредитка","0.00","RUB",2023-11-06 04:34:48,2023-11-07 10:00:01,
2023-11-06,"Продукты","PEREKRESTOK MARKSA BIO",,"Кредитка","584.04","RUB","Кредитка","0.00","RUB",2023-11-06 05:51:29,2023-11-07 10:00:01,
2023-11-06,"Кафе и рестораны","Gorky CoffeE",,"Кредитка","170.00","RUB","Кредитка","0.00","RUB",2023-11-06 10:23:09,2023-11-07 10:00:01,
2023-11-06,"Продукты","SPAR N21",,"Кредитка","168.80","RUB","Кредитка","0.00","RUB",2023-11-06 11:14:03,2024-03-24 09:49:08,
2023-11-06,"Сигареты","SPAR N21",,"Кредитка","229.00","RUB","Кредитка","0.00","RUB",2023-11-06 11:14:04,2024-03-24 09:49:08,
2023-11-06,"Продукты","SPAR 40",,"Кредитка","59.90","RUB","Кредитка","0.00","RUB",2023-11-06 12:58:39,2023-11-07 10:00:01,
2023-11-06,,"LUKOIL.AZS 52023 52C",,"Кредитка","1000.00","RUB","Кредитка","0.00","RUB",2023-11-06 13:46:25,2024-03-24 09:49:08,
2023-11-06,"Кафе и рестораны","Tapper",,"Кредитка","1735.00","RUB","Кредитка","0.00","RUB",2023-11-06 17:51:47,2023-11-07 10:00:01,
2023-11-06,"Сигареты","BRISTOL EKSPRESS 65",,"Tinkoff Black","30.00","RUB","Tinkoff Black","0.00","RUB",2023-11-06 18:20:22,2023-11-07 10:00:01,
2023-11-06,,,,"Tinkoff Black","20.00","RUB","Инвесткопилка","20.00","RUB",2023-11-06 18:20:23,2023-11-07 10:00:01,
2023-11-07,"Продукты","SPAR N21",,"Кредитка","1.00","RUB","Кредитка","0.00","RUB",2023-11-07 04:43:22,2023-11-07 17:16:52,
2023-11-07,"Сигареты","SPAR N21",,"Кредитка","222.00","RUB","Кредитка","0.00","RUB",2023-11-07 04:43:23,2023-11-07 17:16:52,
2023-11-07,"Обед","KAFE STEJK-KHAUS",,"Открытие","50.00","RUB","Открытие","0.00","RUB",2023-11-07 06:00:49,2023-11-10 21:18:39,
2023-11-07,"Обед","KAFE STEJK-KHAUS",,"Открытие","60.00","RUB","Открытие","0.00","RUB",2023-11-07 06:01:05,2023-11-10 21:18:39,
2023-11-07,"Обед","Kulinariya Knyazevoj",,"Кредитка","456.92","RUB","Кредитка","0.00","RUB",2023-11-07 09:50:40,2023-11-07 17:17:39,
2023-11-07,,,"Перевод СБП A3311124201676220000040011110901 от МАКСИМ СТАНИСЛАВОВИЧ Б 79922220690 Тинькофф Банк","Tinkoff Black","300.00","RUB","Открытие","300.00","RUB",2023-11-07 12:42:06,2023-11-07 17:17:39,
2023-11-07,"Продукты","SPAR",,"Открытие","249.80","RUB","Открытие","0.00","RUB",2023-11-07 12:45:26,2023-11-11 15:51:40,
2023-11-07,"Продукты","SPAR N21",,"Кредитка","541.26","RUB","Кредитка","0.00","RUB",2023-11-07 16:45:05,2023-11-07 17:17:39,
2023-11-08,"Продукты","SPAR N21",,"Кредитка","288.90","RUB","Кредитка","0.00","RUB",2023-11-08 04:40:39,2023-11-10 21:19:21,
2023-11-08,"Продукты","SPAR 44",,"Кредитка","99.80","RUB","Кредитка","0.00","RUB",2023-11-08 07:12:59,2023-11-10 21:19:21,
2023-11-08,"Продукты","SPAR 44",,"Кредитка","4.60","RUB","Кредитка","0.00","RUB",2023-11-08 11:07:39,2023-11-11 15:58:59,
2023-11-08,"Сигареты","SPAR 44",,"Кредитка","229.00","RUB","Кредитка","0.00","RUB",2023-11-08 11:07:40,2023-11-11 15:58:59,
2023-11-08,"Продукты","SPAR 44",,"Кредитка","96.80","RUB","Кредитка","0.00","RUB",2023-11-08 11:15:54,2023-11-10 21:19:21,
2023-11-08,"Продукты","SPAR N21",,"Кредитка","387.21","RUB","Кредитка","0.00","RUB",2023-11-08 16:30:41,2023-11-10 21:19:21,
2023-11-08,"Платежи. комиссии","Dom.ru",,"Кредитка","825.00","RUB","Кредитка","0.00","RUB",2023-11-08 17:54:23,2023-11-10 21:19:21,
2023-11-08,"Продукты","AUCHAN MESHERSKOE OZER",,"Кредитка","325.09","RUB","Кредитка","0.00","RUB",2023-11-08 18:40:31,2023-11-10 21:19:21,
2023-11-09,"Продукты","SPAR N21",,"Кредитка","59.90","RUB","Кредитка","0.00","RUB",2023-11-09 04:42:35,2024-03-24 09:49:08,
2023-11-09,"Сигареты","SPAR N21",,"Кредитка","229.00","RUB","Кредитка","0.00","RUB",2023-11-09 04:42:36,2024-03-24 09:49:08,
2023-11-09,"Продукты","SPAR 44",,"Кредитка","99.80","RUB","Кредитка","0.00","RUB",2023-11-09 06:53:36,2023-11-10 21:19:21,
2023-11-09,,,,"Кредитка","5000.00","RUB","Tinkoff Black","5000.00","RUB",2023-11-09 08:34:05,2023-11-10 21:19:21,
2023-11-09,"Проезд","WWW.RZD.RU",,"Tinkoff Black","1884.80","RUB","Tinkoff Black","0.00","RUB",2023-11-09 08:34:30,2024-03-24 09:49:08,
2023-11-09,,,,"Tinkoff Black","15.20","RUB","Инвесткопилка","15.20","RUB",2023-11-09 08:34:31,2023-11-10 21:19:16,
2023-11-09,"Проезд","WWW.RZD.RU",,"Tinkoff Black","2583.60","RUB","Tinkoff Black","0.00","RUB",2023-11-09 08:39:41,2024-03-24 09:49:08,
2023-11-09,,,,"Tinkoff Black","16.40","RUB","Инвесткопилка","16.40","RUB",2023-11-09 08:39:42,2023-11-10 21:19:16,
2023-11-09,"Продукты","SPAR 44",,"Кредитка","385.76","RUB","Кредитка","0.00","RUB",2023-11-09 11:11:20,2023-11-10 21:19:21,
2023-11-09,"Продукты","SPAR N21",,"Кредитка","655.28","RUB","Кредитка","0.00","RUB",2023-11-09 15:41:52,2023-11-11 15:58:59,
2023-11-09,"Сигареты","SPAR N21",,"Кредитка","229.00","RUB","Кредитка","0.00","RUB",2023-11-09 15:41:53,2023-11-11 15:58:59,
2023-11-09,"Тратата","Клиенту Тинькофф",,"Кредитка","3709.00","RUB","Кредитка","0.00","RUB",2023-11-09 16:50:54,2023-11-10 21:19:21,
2023-11-09,,"Евгений Д.",,"Открытие","0.00","RUB","Открытие","3700.00","RUB",2023-11-09 17:06:17,2024-03-24 09:49:08,
2023-11-09,"Платежи. комиссии","Yandex.Plus",,"Tinkoff Black","380.00","RUB","Tinkoff Black","0.00","RUB",2023-11-09 18:31:35,2023-11-10 21:19:16,
2023-11-09,,,,"Tinkoff Black","20.00","RUB","Инвесткопилка","20.00","RUB",2023-11-09 18:31:36,2023-11-10 21:19:16,
2023-11-10,"Продукты","SPAR N21",,"Кредитка","239.90","RUB","Кредитка","0.00","RUB",2023-11-10 04:31:13,2024-03-24 09:49:08,
2023-11-10,"Сигареты","SPAR N21",,"Кредитка","229.00","RUB","Кредитка","0.00","RUB",2023-11-10 04:31:14,2024-03-24 09:49:08,
2023-11-10,"Платежи. комиссии","TELE2",,"Tinkoff Black","200.00","RUB","Tinkoff Black","0.00","RUB",2023-11-10 04:52:11,2023-11-10 21:19:16,
2023-11-10,"Платежи. комиссии","TELE2",,"Кредитка","420.00","RUB","Кредитка","0.00","RUB",2023-11-10 05:30:36,2024-05-10 16:19:54,
2023-11-10,"Автомобиль","Штрафы ГИБДД",,"Кредитка","250.00","RUB","Кредитка","0.00","RUB",2023-11-10 05:31:17,2023-11-10 21:19:21,
2023-11-10,"Зарплата",,"Перечисление ден. средств по реестру","Открытие","0.00","RUB","Открытие","75312.19","RUB",2023-11-10 06:05:21,2023-11-10 21:18:39,
2023-11-10,"Зарплата",,"Перечисление ден. средств по реестру","Открытие","0.00","RUB","Открытие","4037.00","RUB",2023-11-10 06:05:44,2023-11-10 21:18:39,
2023-11-10,,,,"Открытие","60000.00","RUB","Tinkoff Black","60000.00","RUB",2023-11-10 06:16:08,2023-11-10 21:19:16,
2023-11-10,,,,"Tinkoff Black","60000.00","RUB","Кредитка","60000.00","RUB",2023-11-10 06:16:41,2023-11-10 21:19:21,
2023-11-10,,,,"Кредитка","6000.00","RUB","Tinkoff Black","6000.00","RUB",2023-11-10 06:17:44,2023-11-10 21:19:21,
2023-11-10,,,"Досрочное погашение","Tinkoff Black","5561.80","RUB","Tinkoff Black","0.00","RUB",2023-11-10 06:17:56,2024-03-24 09:49:08,
2023-11-10,"Автомобиль","RESO-Garantiya","Страховка","Кредитка","14191.78","RUB","Кредитка","0.00","RUB",2023-11-10 06:23:45,2023-11-11 15:55:57,
2023-11-10,"Продукты","SPAR 44",,"Кредитка","99.80","RUB","Кредитка","0.00","RUB",2023-11-10 06:31:55,2023-11-10 21:19:21,
2023-11-10,"Сигареты","SPAR N21",,"Кредитка","444.93","RUB","Кредитка","0.00","RUB",2023-11-10 08:25:05,2023-11-11 15:55:57,
2023-11-10,"Продукты","SPAR N21",,"Кредитка","201.00","RUB","Кредитка","0.00","RUB",2023-11-10 08:25:06,2023-11-11 15:55:57,
2023-11-10,,,,"Открытие","23000.00","RUB","Наличные","23000.00","RUB",2023-11-10 09:51:20,2023-11-11 15:51:40,
2023-11-10,,,"Перевод СБП A33141451340610F0000040011110901 от МАКСИМ СТАНИСЛАВОВИЧ Б 79922220690 Тинькофф Банк","Кредитка","1000.00","RUB","Открытие","1000.00","RUB",2023-11-10 14:51:37,2023-11-10 21:19:21,
2023-11-10,"Проезд","SITICARD. METRO",,"Открытие","30.00","RUB","Открытие","0.00","RUB",2023-11-10 18:38:51,2023-11-17 16:49:07,
2023-11-10,"Продукты","SPAR 354",,"Открытие","148.90","RUB","Открытие","0.00","RUB",2023-11-10 20:46:48,2023-11-17 16:49:07,
2023-11-10,"Продукты","SPAR 354",,"Открытие","29.90","RUB","Открытие","0.00","RUB",2023-11-10 20:47:18,2023-11-17 16:49:07,
2023-11-11,"Продукты","Магнолия",,"Открытие","153.90","RUB","Открытие","0.00","RUB",2023-11-11 10:36:02,2023-11-17 16:49:07,
2023-11-11,"Продукты","Магнолия",,"Открытие","39.00","RUB","Открытие","0.00","RUB",2023-11-11 10:36:40,2023-11-17 16:49:07,
2023-11-11,"Здоровье и фитнес","MSKAPT1012",,"Открытие","207.50","RUB","Открытие","0.00","RUB",2023-11-11 10:44:38,2023-11-17 16:49:07,
2023-11-11,"Одежда","YM*market","Кроссовки","Кредитка","20900.00","RUB","Кредитка","0.00","RUB",2023-11-11 11:00:26,2023-11-11 15:55:57,
2023-11-11,"Корректировка","Евгений Д.",,"Открытие","0.00","RUB","Открытие","300.00","RUB",2023-11-11 11:06:19,2023-11-11 15:55:57,
2023-11-11,"Проезд","YandexGo",,"Tinkoff Black","499.00","RUB","Tinkoff Black","0.00","RUB",2023-11-11 11:40:06,2023-11-11 15:55:57,
2023-11-11,,,,"Tinkoff Black","1.00","RUB","Инвесткопилка","1.00","RUB",2023-11-11 11:40:07,2023-11-11 15:51:40,
2023-11-11,,,"Перевод СБП A3315153408897340000020011110901 от МАКСИМ СТАНИСЛАВОВИЧ Б 79922220690 Тинькофф Банк","Кредитка","1000.00","RUB","Открытие","1000.00","RUB",2023-11-11 15:34:12,2023-11-11 15:51:40,
2023-11-11,"Продукты","Перекресток",,"Открытие","229.97","RUB","Открытие","0.00","RUB",2023-11-11 15:42:22,2023-11-11 15:55:57,
2023-11-11,"Сигареты","Перекресток",,"Открытие","229.00","RUB","Открытие","0.00","RUB",2023-11-11 15:42:23,2023-11-11 15:55:57,
2023-11-11,,,,"Кредитка","1000.00","RUB","Tinkoff Black","1000.00","RUB",2023-11-11 20:42:56,2023-11-12 01:55:49,
2023-11-12,"Проезд","YandexGo",,"Tinkoff Black","342.00","RUB","Tinkoff Black","0.00","RUB",2023-11-11 21:18:13,2023-11-12 01:55:49,
2023-11-12,,,,"Tinkoff Black","8.00","RUB","Инвесткопилка","8.00","RUB",2023-11-11 21:18:14,2023-11-12 08:52:05,
2023-11-12,,,,"Кредитка","1000.00","RUB","Tinkoff Black","1000.00","RUB",2023-11-12 08:32:15,2023-11-12 08:52:05,
2023-11-12,"Продукты","Yandex.Market15",,"Tinkoff Black","638.00","RUB","Tinkoff Black","0.00","RUB",2023-11-12 08:32:39,2024-03-24 09:49:08,
2023-11-12,,,,"Tinkoff Black","33.00","RUB","Инвесткопилка","33.00","RUB",2023-11-12 08:32:40,2023-11-12 08:52:05,
2023-11-12,"Сигареты","Yandex.Market15",,"Tinkoff Black","229.00","RUB","Tinkoff Black","0.00","RUB",2023-11-12 08:32:40,2024-03-24 09:49:08,
2023-11-12,"Продукты","SPAR 40",,"Кредитка","219.70","RUB","Кредитка","0.00","RUB",2023-11-12 11:21:36,2023-11-13 04:49:58,
2023-11-12,"Проезд","Mos.Transport",,"Открытие","122.00","RUB","Открытие","0.00","RUB",2023-11-12 20:39:14,2023-11-17 16:49:07,
2023-11-13,"Продукты","SPAR N21",,"Кредитка","73.90","RUB","Кредитка","0.00","RUB",2023-11-13 04:41:24,2023-11-13 04:58:58,
2023-11-13,"Сигареты","SPAR N21",,"Кредитка","219.00","RUB","Кредитка","0.00","RUB",2023-11-13 04:41:25,2023-11-13 04:58:58,
2023-11-13,"Обед","Kafe Stejk-Khaus",,"Кредитка","60.00","RUB","Кредитка","0.00","RUB",2023-11-13 06:30:00,2023-11-13 15:07:47,
2023-11-13,"Обед","SPAR 44",,"Кредитка","243.60","RUB","Кредитка","0.00","RUB",2023-11-13 11:46:34,2023-11-13 15:08:25,
2023-11-13,"Продукты","SPAR N21",,"Кредитка","402.90","RUB","Кредитка","0.00","RUB",2023-11-13 14:49:10,2023-11-13 15:07:47,
2023-11-13,"Образование","ROBOKASSA",,"Tinkoff Black","149.00","RUB","Tinkoff Black","0.00","RUB",2023-11-13 19:01:23,2023-11-14 08:27:01,
2023-11-13,,,,"Tinkoff Black","1.00","RUB","Инвесткопилка","1.00","RUB",2023-11-13 19:01:24,2023-11-14 08:27:01,
2023-11-14,"Продукты","SPAR N21",,"Кредитка","59.90","RUB","Кредитка","0.00","RUB",2023-11-14 04:40:27,2023-11-14 08:27:24,
2023-11-14,"Сигареты","SPAR N21",,"Кредитка","229.00","RUB","Кредитка","0.00","RUB",2023-11-14 04:40:28,2023-11-14 08:27:24,
2023-11-14,,,,"Кредитка","6000.00","RUB","Tinkoff Black","6000.00","RUB",2023-11-14 08:45:15,2023-11-17 16:49:07,
2023-11-14,"Проезд","WWW.RZD.RU",,"Tinkoff Black","5648.50","RUB","Tinkoff Black","0.00","RUB",2023-11-14 08:46:06,2024-03-24 09:49:08,
2023-11-14,,,,"Tinkoff Black","1.50","RUB","Инвесткопилка","1.50","RUB",2023-11-14 08:46:07,2023-11-17 16:49:07,
2023-11-14,,,,"Кредитка","19800.00","RUB","Tinkoff Black","19800.00","RUB",2023-11-14 08:53:59,2023-11-17 16:49:07,
2023-11-14,,"PAO ""AEROFLOT""",,"Tinkoff Black","19791.00","RUB","Tinkoff Black","0.00","RUB",2023-11-14 08:54:13,2024-03-24 11:17:17,
2023-11-14,,,,"Tinkoff Black","9.00","RUB","Инвесткопилка","9.00","RUB",2023-11-14 08:54:14,2023-11-17 16:49:07,
2023-11-14,,,"Перечисление ДС на банковскую карту 5586 2000 2357 8351 /Бутырин Максим Станиславович/ командировочные расходы согласно Приказу 413 от 13.11.2023г. НДС не облагается.","Открытие","0.00","RUB","Открытие","57500.00","RUB",2023-11-14 09:33:07,2024-03-24 11:17:17,
2023-11-14,"Продукты","SPAR N21",,"Кредитка","51.70","RUB","Кредитка","0.00","RUB",2023-11-14 09:50:13,2024-03-24 09:49:08,
2023-11-14,"Сигареты","SPAR N21",,"Кредитка","229.00","RUB","Кредитка","0.00","RUB",2023-11-14 09:50:14,2024-03-24 09:49:08,
2023-11-14,"Обед","SPAR 44",,"Кредитка","59.90","RUB","Кредитка","0.00","RUB",2023-11-14 12:35:49,2023-11-17 16:49:07,
2023-11-14,,,,"Открытие","56081.19","RUB","Tinkoff Black","56000.00","RUB",2023-11-14 16:19:27,2023-11-17 16:49:07,
2023-11-14,"Продукты","SPAR N21",,"Кредитка","446.21","RUB","Кредитка","0.00","RUB",2023-11-14 16:29:54,2023-11-17 16:49:07,
2023-11-14,,,,"Tinkoff Black","56000.00","RUB","Кредитка","56000.00","RUB",2023-11-14 17:32:54,2023-11-17 16:49:07,
2023-11-14,"Кэшбэк",,"Компенсация покупки","Кредитка","0.00","RUB","Кредитка","60.00","RUB",2023-11-14 17:34:28,2023-11-17 16:49:07,
2023-11-15,"Обед","Kafe Stejk-Khaus",,"Кредитка","160.00","RUB","Кредитка","0.00","RUB",2023-11-15 06:11:01,2023-11-17 16:49:07,
2023-11-15,"Обед","SPAR 44",,"Кредитка","99.80","RUB","Кредитка","0.00","RUB",2023-11-15 08:53:58,2024-03-24 09:49:08,
2023-11-15,"Сигареты","SPAR 44",,"Кредитка","229.00","RUB","Кредитка","0.00","RUB",2023-11-15 08:53:59,2024-03-24 09:49:08,
2023-11-15,"Обед","SPAR 44",,"Кредитка","99.80","RUB","Кредитка","0.00","RUB",2023-11-15 13:16:48,2023-11-17 16:49:07,
2023-11-15,"Продукты","SPAR N21",,"Кредитка","394.48","RUB","Кредитка","0.00","RUB",2023-11-15 17:55:40,2023-11-17 16:49:07,
2023-11-15,"Продукты","SPAR N21",,"Кредитка","70.90","RUB","Кредитка","0.00","RUB",2023-11-15 17:56:01,2023-11-17 16:49:07,
2023-11-16,"Обед","Kafe Stejk-Khaus",,"Кредитка","60.00","RUB","Кредитка","0.00","RUB",2023-11-16 05:14:31,2023-11-17 16:49:07,
2023-11-16,,,,"Кредитка","6000.00","RUB","Tinkoff Black","6000.00","RUB",2023-11-16 05:56:02,2023-11-17 16:49:07,
2023-11-16,,,,"Кредитка","1000.00","RUB","Tinkoff Black","1000.00","RUB",2023-11-16 05:59:54,2023-11-17 16:49:07,
2023-11-16,"Проезд","WWW.RZD.RU",,"Tinkoff Black","7480.00","RUB","Tinkoff Black","0.00","RUB",2023-11-16 06:00:58,2024-03-24 09:49:08,
2023-11-16,,,,"Tinkoff Black","20.00","RUB","Инвесткопилка","20.00","RUB",2023-11-16 06:00:59,2023-11-17 16:49:07,
2023-11-16,"Обед","SPAR 44",,"Кредитка","99.80","RUB","Кредитка","0.00","RUB",2023-11-16 07:43:39,2023-11-17 16:49:07,
2023-11-16,"Продукты","SPAR N21",,"Кредитка","158.70","RUB","Кредитка","0.00","RUB",2023-11-16 09:58:42,2023-11-17 16:49:07,
2023-11-16,"Обед","SPAR 44",,"Кредитка","158.90","RUB","Кредитка","0.00","RUB",2023-11-16 13:44:54,2024-03-24 09:49:08,
2023-11-16,"Сигареты","SPAR 44",,"Кредитка","229.00","RUB","Кредитка","0.00","RUB",2023-11-16 13:44:55,2024-03-24 09:49:08,
2023-11-16,"Продукты","SPAR N21",,"Кредитка","391.45","RUB","Кредитка","0.00","RUB",2023-11-16 16:19:42,2023-11-17 16:49:07,
2023-11-17,"Обед","SPAR 44",,"Кредитка","99.80","RUB","Кредитка","0.00","RUB",2023-11-17 05:43:41,2023-11-17 16:49:07,
2023-11-17,"Продукты","SPAR N21",,"Кредитка","198.00","RUB","Кредитка","0.00","RUB",2023-11-17 08:45:37,2023-11-17 16:49:07,
2023-11-17,"Продукты","SPAR N21",,"Кредитка","101.80","RUB","Кредитка","0.00","RUB",2023-11-17 08:54:53,2023-11-17 16:49:07,
2023-11-17,"Обед","SPAR 44",,"Кредитка","243.60","RUB","Кредитка","0.00","RUB",2023-11-17 11:45:16,2023-11-17 16:49:07,
2023-11-17,,"LUKOIL.AZS 52023 52C",,"Кредитка","1728.00","RUB","Кредитка","0.00","RUB",2023-11-17 14:57:49,2024-03-24 09:49:08,
2023-11-17,,,,"Кредитка","2000.00","RUB","Наличные","2000.00","RUB",2023-11-17 16:09:49,2023-11-17 16:49:07,
2023-11-17,"Платежи. комиссии",,"Комиссия: Комиссия за операцию","Кредитка","348.00","RUB","Кредитка","0.00","RUB",2023-11-17 16:10:53,2023-11-17 16:49:07,
2023-11-17,"Продукты","SPAR 78",,"Кредитка","332.31","RUB","Кредитка","0.00","RUB",2023-11-17 16:21:46,2024-03-24 09:49:08,
2023-11-17,"Сигареты","SPAR 78",,"Кредитка","229.00","RUB","Кредитка","0.00","RUB",2023-11-17 16:21:47,2024-03-24 09:49:08,
2023-11-18,,"WWW.RZD.RU",,"Tinkoff Black","0.00","RUB","Tinkoff Black","5645.90","RUB",2023-11-18 10:16:36,2024-03-24 09:49:08,
2023-11-18,"Продукты","SPAR N21",,"Кредитка","264.94","RUB","Кредитка","0.00","RUB",2023-11-18 10:19:47,2024-03-24 09:49:08,
2023-11-18,"Сигареты","SPAR N21",,"Кредитка","229.00","RUB","Кредитка","0.00","RUB",2023-11-18 10:19:48,2024-03-24 09:49:08,
2023-11-18,"Продукты","PEREKRESTOK AKMOLINSKI",,"Кредитка","253.99","RUB","Кредитка","0.00","RUB",2023-11-18 11:56:58,2023-11-19 13:31:16,
2023-11-18,"Кафе и рестораны","QSR 23022",,"Кредитка","105.00","RUB","Кредитка","0.00","RUB",2023-11-18 15:56:13,2023-11-19 13:31:16,
2023-11-18,"Продукты","SPAR N98",,"Кредитка","607.90","RUB","Кредитка","0.00","RUB",2023-11-18 17:54:14,2023-11-19 13:31:16,
2023-11-19,"Продукты","SPAR N21",,"Кредитка","122.80","RUB","Кредитка","0.00","RUB",2023-11-19 06:05:02,2024-03-24 09:49:08,
2023-11-19,"Сигареты","SPAR N21",,"Кредитка","229.00","RUB","Кредитка","0.00","RUB",2023-11-19 06:05:03,2024-03-24 09:49:08,
2023-11-19,"Продукты","SPAR 40",,"Кредитка","264.70","RUB","Кредитка","0.00","RUB",2023-11-19 07:41:16,2023-11-19 13:31:16,
2023-11-19,"Продукты","AUCHAN MESHERSKOE OZER",,"Кредитка","335.96","RUB","Кредитка","0.00","RUB",2023-11-19 08:00:28,2023-11-19 13:31:16,
2023-11-19,"Продукты","SPAR N21",,"Кредитка","919.07","RUB","Кредитка","0.00","RUB",2023-11-19 13:02:10,2023-11-19 13:31:16,
2023-11-19,"Платежи. комиссии",,"Комиссия: Плата за оформление рассрочки в YM*market","Кредитка","3260.00","RUB","Кредитка","0.00","RUB",2023-11-19 13:34:37,2024-03-24 09:49:08,
2023-11-19,,"LUKOIL.AZS 52023 52C",,"Кредитка","1000.00","RUB","Кредитка","0.00","RUB",2023-11-19 16:51:49,2024-03-24 09:49:08,
2023-11-19,"Продукты","SPAR 50",,"Кредитка","374.80","RUB","Кредитка","0.00","RUB",2023-11-19 19:02:24,2023-12-03 14:57:12,
2023-11-20,"Продукты","SPAR N21",,"Кредитка","125.80","RUB","Кредитка","0.00","RUB",2023-11-20 04:43:31,2024-03-24 09:49:08,
2023-11-20,"Сигареты","SPAR N21",,"Кредитка","229.00","RUB","Кредитка","0.00","RUB",2023-11-20 04:43:32,2024-03-24 09:49:08,
2023-11-20,"Продукты","SPAR N21",,"Кредитка","158.90","RUB","Кредитка","0.00","RUB",2023-11-20 06:42:52,2023-12-03 14:57:12,
2023-11-20,"Проезд","YandexGo",,"Tinkoff Black","808.00","RUB","Tinkoff Black","0.00","RUB",2023-11-20 07:21:13,2023-12-03 14:57:12,
2023-11-20,,,,"Tinkoff Black","42.00","RUB","Инвесткопилка","42.00","RUB",2023-11-20 07:21:14,2023-12-03 14:57:12,
2023-11-20,"Кафе и рестораны","Kofekejk Aeroport",,"Кредитка","715.00","RUB","Кредитка","0.00","RUB",2023-11-20 09:49:39,2023-12-03 14:57:12,
2023-11-20,"Проезд","YandexGo",,"Tinkoff Black","1152.00","RUB","Tinkoff Black","0.00","RUB",2023-11-20 12:39:01,2023-12-03 14:57:12,
2023-11-20,,,,"Tinkoff Black","48.00","RUB","Инвесткопилка","48.00","RUB",2023-11-20 12:39:02,2023-12-03 14:57:12,
2023-11-20,,"Nevskij Portal",,"Кредитка","25000.00","RUB","Кредитка","0.00","RUB",2023-11-20 13:36:42,2024-03-24 11:17:17,
2023-11-20,"Проезд","YandexGo",,"Tinkoff Black","310.00","RUB","Tinkoff Black","0.00","RUB",2023-11-20 14:35:32,2023-12-03 14:57:12,
2023-11-20,,,,"Tinkoff Black","40.00","RUB","Инвесткопилка","40.00","RUB",2023-11-20 14:35:33,2023-12-03 14:57:12,
2023-11-20,"Проезд","YandexGo",,"Tinkoff Black","602.00","RUB","Tinkoff Black","0.00","RUB",2023-11-20 18:53:56,2023-12-03 14:57:12,
2023-11-20,,,,"Tinkoff Black","48.00","RUB","Инвесткопилка","48.00","RUB",2023-11-20 18:53:57,2023-12-03 14:57:12,
2023-11-20,"Проезд","YandexGo",,"Tinkoff Black","1267.00","RUB","Tinkoff Black","0.00","RUB",2023-11-20 19:11:01,2023-12-03 14:57:12,
2023-11-20,,,,"Tinkoff Black","33.00","RUB","Инвесткопилка","33.00","RUB",2023-11-20 19:11:02,2023-12-03 14:57:12,
2023-11-20,"Подарки","Валерий К.",,"Кредитка","940.00","RUB","Кредитка","0.00","RUB",2023-11-20 19:37:48,2023-12-03 14:57:12,
2023-11-20,"Продукты","DIXY-78325D",,"Кредитка","139.98","RUB","Кредитка","0.00","RUB",2023-11-20 20:11:21,2024-03-24 09:49:08,
2023-11-20,"Сигареты","DIXY-78325D",,"Кредитка","229.00","RUB","Кредитка","0.00","RUB",2023-11-20 20:11:22,2024-03-24 09:49:08,
2023-11-21,"Платежи. комиссии","Yandex.Plus",,"Tinkoff Black","21.00","RUB","Tinkoff Black","0.00","RUB",2023-11-21 01:29:10,2023-12-03 14:57:12,
2023-11-21,,,,"Tinkoff Black","29.00","RUB","Инвесткопилка","29.00","RUB",2023-11-21 01:29:11,2023-12-03 14:57:12,
2023-11-21,"Проезд","YandexGo",,"Tinkoff Black","664.00","RUB","Tinkoff Black","0.00","RUB",2023-11-21 05:45:29,2023-12-03 14:57:12,
2023-11-21,,,,"Tinkoff Black","36.00","RUB","Инвесткопилка","36.00","RUB",2023-11-21 05:45:30,2023-12-03 14:57:12,
2023-11-21,"Проезд","YandexGo",,"Tinkoff Black","402.00","RUB","Tinkoff Black","0.00","RUB",2023-11-21 14:37:41,2023-12-03 14:57:12,
2023-11-21,,,,"Tinkoff Black","48.00","RUB","Инвесткопилка","48.00","RUB",2023-11-21 14:37:42,2023-12-03 14:57:12,
2023-11-21,"Кафе и рестораны","RESTORNA BLINNYJ KLUB",,"Кредитка","623.00","RUB","Кредитка","0.00","RUB",2023-11-21 15:44:51,2023-12-03 14:57:12,
2023-11-21,,,,"Кредитка","2000.00","RUB","Tinkoff Black","2000.00","RUB",2023-11-21 16:16:47,2023-12-03 14:57:12,
2023-11-21,"Проезд","YandexGo",,"Tinkoff Black","403.00","RUB","Tinkoff Black","0.00","RUB",2023-11-21 16:31:35,2023-12-03 14:57:12,
2023-11-21,,,,"Tinkoff Black","47.00","RUB","Инвесткопилка","47.00","RUB",2023-11-21 16:31:36,2023-12-03 14:57:12,
2023-11-21,"Кафе и рестораны","KEBAB 24 EF",,"Кредитка","354.00","RUB","Кредитка","0.00","RUB",2023-11-21 20:02:21,2023-12-03 14:57:12,
2023-11-21,"Проезд","YandexGo",,"Tinkoff Black","659.00","RUB","Tinkoff Black","0.00","RUB",2023-11-21 20:40:58,2023-12-03 14:57:12,
2023-11-21,,,,"Tinkoff Black","41.00","RUB","Инвесткопилка","41.00","RUB",2023-11-21 20:40:59,2023-12-03 14:57:12,
2023-11-21,"Дом / Съем жилья ",,,"Наличные","23000.00","RUB","Наличные","0.00","RUB",2024-03-24 04:04:45,2024-03-24 04:05:54,
2023-11-22,"Продукты","DIXY-78325D",,"Кредитка","79.99","RUB","Кредитка","0.00","RUB",2023-11-22 05:15:00,2024-03-24 09:49:08,
2023-11-22,"Сигареты","DIXY-78325D",,"Кредитка","229.00","RUB","Кредитка","0.00","RUB",2023-11-22 05:15:01,2024-03-24 09:49:08,
2023-11-22,"Проезд","YandexGo",,"Tinkoff Black","689.00","RUB","Tinkoff Black","0.00","RUB",2023-11-22 15:52:06,2023-12-03 14:57:12,
2023-11-22,,,,"Tinkoff Black","11.00","RUB","Инвесткопилка","11.00","RUB",2023-11-22 15:52:07,2023-12-03 14:57:12,
2023-11-22,,,,"Кредитка","2000.00","RUB","Tinkoff Black","2000.00","RUB",2023-11-22 15:55:05,2023-12-03 14:57:12,
2023-11-22,"Продукты","PYATEROCHKA 7050",,"Кредитка","319.98","RUB","Кредитка","0.00","RUB",2023-11-22 15:58:32,2023-12-03 14:57:12,
2023-11-22,"Кафе и рестораны","Антон Ш.",,"Tinkoff Black","1400.00","RUB","Tinkoff Black","0.00","RUB",2023-11-22 17:27:45,2024-03-24 09:49:08,
2023-11-22,"Кафе и рестораны","Роман Р.",,"Tinkoff Black","1000.00","RUB","Tinkoff Black","0.00","RUB",2023-11-22 18:51:53,2024-03-24 09:49:08,
2023-11-23,"Продукты","MAGNIT MM BRINVIN",,"Кредитка","55.99","RUB","Кредитка","0.00","RUB",2023-11-23 10:00:28,2024-03-24 09:49:08,
2023-11-23,"Сигареты","MAGNIT MM BRINVIN",,"Кредитка","229.00","RUB","Кредитка","0.00","RUB",2023-11-23 10:00:29,2024-03-24 09:49:08,
2023-11-23,"Продукты","PRODUKTY",,"Кредитка","1710.00","RUB","Кредитка","0.00","RUB",2023-11-23 14:20:54,2023-12-03 14:57:12,
2023-11-23,"Продукты","IP Rasulov",,"Кредитка","4640.00","RUB","Кредитка","0.00","RUB",2023-11-23 16:22:31,2023-12-03 14:57:12,
2023-11-23,"Проезд","METRO.SPB.RU PL VOSSTA",,"Кредитка","70.00","RUB","Кредитка","0.00","RUB",2023-11-23 16:39:42,2023-12-03 14:57:12,
2023-11-23,,"Евгений Д.",,"Открытие","0.00","RUB","Открытие","2600.00","RUB",2023-11-23 18:49:14,2024-03-24 09:49:08,
2023-11-24,,,,"Открытие","5025.00","RUB","Tinkoff Black","5000.00","RUB",2023-11-24 04:29:50,2023-12-03 14:57:12,
2023-11-24,"Платежи. комиссии","GOSUSLUGI.RU",,"Tinkoff Black","4975.00","RUB","Tinkoff Black","0.00","RUB",2023-11-24 04:30:08,2024-03-24 09:49:08,
2023-11-24,,,,"Tinkoff Black","25.00","RUB","Инвесткопилка","25.00","RUB",2023-11-24 04:30:09,2023-12-03 14:57:12,
2023-11-24,,,,"Кредитка","1000.00","RUB","Tinkoff Black","1000.00","RUB",2023-11-24 05:20:07,2023-12-03 14:57:12,
2023-11-24,"Зарплата",,"Перечисление ден. средств по реестру","Открытие","0.00","RUB","Открытие","41620.13","RUB",2023-11-24 05:35:27,2023-12-03 14:57:12,
2023-11-24,"Проезд","YandexGo",,"Tinkoff Black","768.00","RUB","Tinkoff Black","0.00","RUB",2023-11-24 05:44:39,2023-12-03 14:57:12,
2023-11-24,,,,"Tinkoff Black","32.00","RUB","Инвесткопилка","32.00","RUB",2023-11-24 05:44:40,2023-12-03 14:57:12,
2023-11-24,,"Антон П.",,"Кредитка","1000.00","RUB","Кредитка","0.00","RUB",2023-11-24 06:10:35,2024-03-24 09:49:08,
2023-11-24,"Продукты","MAGNIT MM KARAKALLA",,"Кредитка","253.97","RUB","Кредитка","0.00","RUB",2023-11-24 10:52:46,2024-03-24 09:49:08,
2023-11-24,"Сигареты","MAGNIT MM KARAKALLA",,"Кредитка","229.00","RUB","Кредитка","0.00","RUB",2023-11-24 10:52:47,2024-03-24 09:49:08,
2023-11-24,"Продукты","KHLEBNIK",,"Кредитка","360.80","RUB","Кредитка","0.00","RUB",2023-11-24 12:51:12,2023-12-03 14:57:12,
2023-11-24,,,,"Кредитка","2000.00","RUB","Tinkoff Black","2000.00","RUB",2023-11-24 13:21:12,2023-12-03 14:57:12,
2023-11-24,"Проезд","YandexGo",,"Tinkoff Black","564.00","RUB","Tinkoff Black","0.00","RUB",2023-11-24 13:21:58,2023-12-03 14:57:12,
2023-11-24,,,,"Tinkoff Black","36.00","RUB","Инвесткопилка","36.00","RUB",2023-11-24 13:21:59,2023-12-03 14:57:12,
2023-11-24,"Проезд","YandexGo",,"Tinkoff Black","848.00","RUB","Tinkoff Black","0.00","RUB",2023-11-24 13:55:54,2023-12-03 14:57:12,
2023-11-24,,,,"Tinkoff Black","2.00","RUB","Инвесткопилка","2.00","RUB",2023-11-24 13:55:55,2023-12-03 14:57:12,
2023-11-24,"Кафе и рестораны","RESTORNA BLINNYJ KLUB",,"Кредитка","736.00","RUB","Кредитка","0.00","RUB",2023-11-24 14:18:03,2023-12-03 14:57:12,
2023-11-24,"Платежи. комиссии",,"Комиссия: Проценты по кредиту","Кредитка","281.28","RUB","Кредитка","0.00","RUB",2023-11-24 19:41:04,2024-03-24 09:49:08,
2023-11-24,"Платежи. комиссии",,"Комиссия: Плата за Программу страховой защиты","Кредитка","1567.30","RUB","Кредитка","0.00","RUB",2023-11-24 20:59:59,2023-12-03 14:57:12,
2023-11-25,"Кафе и рестораны","BURGER KING 9043",,"Кредитка","109.99","RUB","Кредитка","0.00","RUB",2023-11-25 05:38:59,2023-12-03 14:57:12,
2023-11-25,"Проезд","YandexGo",,"Tinkoff Black","311.00","RUB","Tinkoff Black","0.00","RUB",2023-11-25 05:58:49,2023-12-03 14:57:12,
2023-11-25,,,,"Tinkoff Black","39.00","RUB","Инвесткопилка","39.00","RUB",2023-11-25 05:58:50,2023-12-03 14:57:12,
2023-11-25,"Продукты","SPAR N21",,"Кредитка","181.78","RUB","Кредитка","0.00","RUB",2023-11-25 17:02:36,2024-03-24 09:49:08,
2023-11-25,"Сигареты","SPAR N21",,"Кредитка","229.00","RUB","Кредитка","0.00","RUB",2023-11-25 17:02:37,2024-03-24 09:49:08,
2023-11-26,"Продукты","SPAR N21",,"Кредитка","144.80","RUB","Кредитка","0.00","RUB",2023-11-26 05:19:59,2023-12-03 14:57:12,
2023-11-26,"Подарки","Astro Flovers",,"Кредитка","1300.00","RUB","Кредитка","0.00","RUB",2023-11-26 07:14:31,2023-12-03 14:57:12,
2023-11-26,"Сигареты","SPAR 84",,"Кредитка","229.00","RUB","Кредитка","0.00","RUB",2023-11-26 07:31:24,2024-03-24 09:49:08,
2023-11-26,"Продукты","SPAR N21",,"Кредитка","298.90","RUB","Кредитка","0.00","RUB",2023-11-26 07:53:00,2023-12-03 14:57:12,
2023-11-26,"Продукты","LENTA 294",,"Кредитка","554.58","RUB","Кредитка","0.00","RUB",2023-11-26 09:29:43,2023-12-03 14:57:12,
2023-11-26,"Кафе и рестораны","SAMURAJ",,"Кредитка","420.00","RUB","Кредитка","0.00","RUB",2023-11-26 12:34:26,2023-12-03 14:57:12,
2023-11-26,"Кафе и рестораны","SAMURAJ",,"Кредитка","800.00","RUB","Кредитка","0.00","RUB",2023-11-26 12:35:33,2023-12-03 14:57:12,
2023-11-26,,"Александр Б.",,"Tinkoff Black","500.00","RUB","Tinkoff Black","0.00","RUB",2023-11-26 17:30:22,2023-12-03 14:57:12,
2023-11-26,,"LUKOIL.AZS 52023 52C",,"Кредитка","9.00","RUB","Кредитка","0.00","RUB",2023-11-26 19:01:55,2024-03-24 09:49:08,
2023-11-26,,"LUKOIL.AZS 52023 52C",,"Кредитка","1000.00","RUB","Кредитка","0.00","RUB",2023-11-26 19:02:15,2024-03-24 09:49:08,
2023-11-27,"Сигареты","SPAR N21",,"Кредитка","229.00","RUB","Кредитка","0.00","RUB",2023-11-27 04:49:06,2024-03-24 09:49:08,
2023-11-27,"Обед","kafe Steyk-KhausPQR",,"Tinkoff Black","125.00","RUB","Tinkoff Black","0.00","RUB",2023-11-27 05:27:42,2023-12-03 14:57:12,
2023-11-27,,,,"Tinkoff Black","25.00","RUB","Инвесткопилка","25.00","RUB",2023-11-27 05:27:43,2023-12-03 14:57:12,
2023-11-27,"Обед","IP Zubov N.R. 2",,"Кредитка","620.00","RUB","Кредитка","0.00","RUB",2023-11-27 08:46:58,2023-12-03 14:57:12,
2023-11-27,"Обед","SPAR 44",,"Кредитка","101.80","RUB","Кредитка","0.00","RUB",2023-11-27 12:09:13,2023-12-03 14:57:12,
2023-11-27,"Обед","SPAR 44",,"Кредитка","59.90","RUB","Кредитка","0.00","RUB",2023-11-27 14:46:01,2023-12-03 14:57:12,
2023-11-27,"Продукты","SPAR N21",,"Кредитка","217.38","RUB","Кредитка","0.00","RUB",2023-11-27 16:36:43,2023-12-03 14:57:12,
2023-11-27,"Кэшбэк",,"Кэшбэк за покупки у партнеров","Tinkoff Black","0.00","RUB","Tinkoff Black","60.69","RUB",2023-11-27 19:46:12,2024-03-24 09:49:08,
2023-11-27,"Кэшбэк",,"Кэшбэк за обычные покупки","Tinkoff Black","0.00","RUB","Tinkoff Black","236.00","RUB",2023-11-27 19:49:08,2023-12-03 14:57:12,
2023-11-27,,,,"Tinkoff Black","236.00","RUB","Инвесткопилка","236.00","RUB",2023-11-27 19:50:13,2023-12-03 14:57:12,
2023-11-28,"Продукты","SPAR N21",,"Кредитка","102.80","RUB","Кредитка","0.00","RUB",2023-11-28 04:34:45,2024-03-24 09:49:08,
2023-11-28,"Сигареты","SPAR N21",,"Кредитка","229.00","RUB","Кредитка","0.00","RUB",2023-11-28 04:34:46,2024-03-24 09:49:08,
2023-11-28,"Обед","SPAR 44",,"Кредитка","116.80","RUB","Кредитка","0.00","RUB",2023-11-28 06:26:39,2023-12-03 14:57:12,
2023-11-28,"Обед","KFC B.POKROVSKAYA1",,"Кредитка","415.00","RUB","Кредитка","0.00","RUB",2023-11-28 09:44:19,2023-12-03 14:57:12,
2023-11-28,"Кафе и рестораны","IP SHMELEV IV",,"Кредитка","45.00","RUB","Кредитка","0.00","RUB",2023-11-28 13:56:14,2023-12-03 14:57:12,
2023-11-28,"Кафе и рестораны","IP SHMELEV IV",,"Кредитка","126.00","RUB","Кредитка","0.00","RUB",2023-11-28 13:58:45,2023-12-03 14:57:12,
2023-11-28,"Кафе и рестораны","IP SHMELEV IV",,"Кредитка","46.00","RUB","Кредитка","0.00","RUB",2023-11-28 14:00:26,2023-12-03 14:57:12,
2023-11-28,"Продукты","SPAR N21",,"Кредитка","323.00","RUB","Кредитка","0.00","RUB",2023-11-28 15:46:37,2023-12-03 14:57:12,
2023-11-28,"Продукты","SPAR 50",,"Кредитка","789.77","RUB","Кредитка","0.00","RUB",2023-11-28 19:19:54,2023-12-03 14:57:12,
2023-11-29,,,,"Открытие","13100.00","RUB","Счет погашения ипотеки","13100.00","RUB",2023-11-28 21:00:00,2023-12-03 14:57:12,
2023-11-29,,,,"Открытие","13500.00","RUB","Счет погашения ипотеки","13500.00","RUB",2023-11-28 21:00:01,2023-12-03 14:57:12,
2023-11-29,"Продукты","SPAR N21",,"Кредитка","59.90","RUB","Кредитка","0.00","RUB",2023-11-29 04:40:59,2024-03-24 09:49:08,
2023-11-29,"Сигареты","SPAR N21",,"Кредитка","229.00","RUB","Кредитка","0.00","RUB",2023-11-29 04:41:00,2024-03-24 09:49:08,
2023-11-29,"Подарки","Наталия П.",,"Открытие","1500.00","RUB","Открытие","0.00","RUB",2023-11-29 05:36:40,2024-03-24 09:49:08,
2023-11-29,"Обед","SPAR 44",,"Кредитка","193.80","RUB","Кредитка","0.00","RUB",2023-11-29 07:29:54,2023-12-03 14:57:12,
2023-11-29,,,,"Открытие","2211.00","RUB","Сбербанк","2200.00","RUB",2023-11-29 07:33:38,2023-12-03 14:57:12,
2023-11-29,,,,"Открытие","24120.00","RUB","Tinkoff Black","24000.00","RUB",2023-11-29 07:34:20,2023-12-03 14:57:12,
2023-11-29,"Автомобиль","РЕСО-Гарантия",,"Сбербанк","2118.08","RUB","Сбербанк","0.00","RUB",2023-11-29 07:35:20,2023-12-03 14:57:12,
2023-11-29,,,,"Tinkoff Black","24000.00","RUB","Кредитка","24000.00","RUB",2023-11-29 07:37:24,2023-12-03 14:57:12,
2023-11-29,"Обед","SPAR 44",,"Кредитка","116.80","RUB","Кредитка","0.00","RUB",2023-11-29 11:34:48,2023-12-03 14:57:12,
2023-11-29,"Кафе и рестораны","IP SHMELEV IV",,"Кредитка","91.00","RUB","Кредитка","0.00","RUB",2023-11-29 13:46:04,2023-12-03 14:57:12,
2023-11-29,"Кафе и рестораны","IP SHMELEV IV",,"Кредитка","45.00","RUB","Кредитка","0.00","RUB",2023-11-29 13:46:55,2023-12-03 14:57:12,
2023-11-29,"Продукты","SPAR N21",,"Кредитка","809.70","RUB","Кредитка","0.00","RUB",2023-11-29 16:32:47,2023-12-03 14:57:12,
2023-11-29,,,,"Счет погашения ипотеки","13065.00","RUB","Tinkoff Black","13000.00","RUB",2023-11-29 18:45:40,2023-12-03 14:57:12,
2023-11-29,,,,"Кредитка","0.00","RUB","Кредитка","13000.00","RUB",2023-11-29 18:46:15,2023-12-04 16:51:34,
2023-11-29,"Тратата","Евгений Д.",,"Кредитка","13000.00","RUB","Кредитка","0.00","RUB",2023-11-29 18:46:38,2023-12-04 16:51:34,
2023-11-29,,,"Перевод СБП A3333184638585170000030011130302 от МАКСИМ СТАНИСЛАВОВИЧ Б 79922220690 Тинькофф Банк","Tinkoff Black","13000.00","RUB","Открытие","13000.00","RUB",2023-11-29 18:46:42,2023-12-03 14:57:12,
2023-11-29,"Кэшбэк",,"Компенсация покупки","Кредитка","0.00","RUB","Кредитка","800.00","RUB",2023-11-29 18:49:16,2023-12-03 14:57:12,
2023-11-30,"Дом / Ипотека",,"Уплата процентов КД №770439 от 29.05.2020г.","Счет погашения ипотеки","9591.84","RUB","Счет погашения ипотеки","0.00","RUB",2023-11-29 21:00:00,2023-12-03 14:57:12,
2023-11-30,"Дом / Ипотека",,"Погашение основного долга КД №770439 от 29.05.2020г.","Счет погашения ипотеки","3902.16","RUB","Счет погашения ипотеки","0.00","RUB",2023-11-29 21:00:01,2023-12-03 14:57:12,
2023-11-30,"Обед","SPAR 44",,"Кредитка","108.80","RUB","Кредитка","0.00","RUB",2023-11-30 05:26:25,2023-12-03 14:57:12,
2023-11-30,"Обед","SPAR 44",,"Кредитка","655.80","RUB","Кредитка","0.00","RUB",2023-11-30 09:20:33,2023-12-03 14:57:12,
2023-11-30,"Продукты","SPAR N21",,"Кредитка","614.70","RUB","Кредитка","0.00","RUB",2023-11-30 16:21:56,2023-12-04 16:51:34,
2023-11-30,"Сигареты","SPAR N21",,"Кредитка","229.00","RUB","Кредитка","0.00","RUB",2023-11-30 16:21:57,2023-12-04 16:51:34,
2023-11-30,"Корректировка","Екатерина А.","Забыла вам перечислить","Tinkoff Black","0.00","RUB","Tinkoff Black","825.00","RUB",2023-11-30 16:26:38,2023-12-04 16:51:34,
2023-12-01,"Кафе и рестораны","IP SHMELEV IV",,"Кредитка","45.00","RUB","Кредитка","0.00","RUB",2023-12-01 05:12:23,2023-12-03 14:57:12,
2023-12-01,"Кафе и рестораны","IP SHMELEV IV",,"Кредитка","71.00","RUB","Кредитка","0.00","RUB",2023-12-01 05:14:05,2023-12-03 14:57:12,
2023-12-01,"Обед","SPAR 44",,"Кредитка","158.90","RUB","Кредитка","0.00","RUB",2023-12-01 07:24:17,2023-12-03 14:57:12,
2023-12-01,"Тратата","Клиенту Тинькофф",,"Кредитка","6060.00","RUB","Кредитка","0.00","RUB",2023-12-01 07:38:30,2023-12-04 16:51:34,
2023-12-01,,"Евгений Д.",,"Tinkoff Black","0.00","RUB","Tinkoff Black","3600.00","RUB",2023-12-01 07:50:17,2024-03-24 09:49:08,
2023-12-01,,,,"Tinkoff Black","4500.00","RUB","Кредитка","4500.00","RUB",2023-12-01 08:04:24,2023-12-03 14:57:12,
2023-12-01,"Обед","Kulinariya Knyazevoj",,"Кредитка","498.92","RUB","Кредитка","0.00","RUB",2023-12-01 09:28:24,2023-12-03 14:57:12,
2023-12-01,"Продукты","SPAR N21",,"Кредитка","105.80","RUB","Кредитка","0.00","RUB",2023-12-01 12:08:28,2023-12-04 16:51:34,
2023-12-01,"Сигареты","SPAR N21",,"Кредитка","229.00","RUB","Кредитка","0.00","RUB",2023-12-01 12:08:29,2023-12-04 16:51:34,
2023-12-01,"Тратата","Клиенту Тинькофф",,"Кредитка","2294.00","RUB","Кредитка","0.00","RUB",2023-12-01 14:03:13,2023-12-03 14:57:12,
2023-12-01,"Тратата","Клиенту Тинькофф",,"Кредитка","2808.00","RUB","Кредитка","0.00","RUB",2023-12-01 14:37:35,2023-12-03 14:57:12,
2023-12-01,"Продукты","MAGNIT GM CVETOCHNAJA",,"Кредитка","156.68","RUB","Кредитка","0.00","RUB",2023-12-01 15:53:40,2023-12-03 14:57:12,
2023-12-01,"Отдых и развлечения","kartaapple.ru",,"Кредитка","1420.00","RUB","Кредитка","0.00","RUB",2023-12-01 17:47:12,2023-12-04 16:51:34,
2023-12-02,"Продукты","PYATEROCHKA 3433",,"Кредитка","575.93","RUB","Кредитка","0.00","RUB",2023-12-02 18:10:09,2023-12-04 16:51:34,
2023-12-02,"Сигареты","PYATEROCHKA 3433",,"Кредитка","229.00","RUB","Кредитка","0.00","RUB",2023-12-02 18:10:10,2023-12-04 16:51:34,
2023-12-03,,,,"Кредитка","1000.00","RUB","Tinkoff Black","1000.00","RUB",2023-12-03 03:38:26,2023-12-03 14:57:12,
2023-12-03,"Проезд","YandexGo",,"Tinkoff Black","230.00","RUB","Tinkoff Black","0.00","RUB",2023-12-03 04:17:14,2023-12-03 14:57:12,
2023-12-03,,,,"Tinkoff Black","20.00","RUB","Инвесткопилка","20.00","RUB",2023-12-03 04:17:15,2023-12-03 14:57:12,
2023-12-03,"Продукты","Sp_Artel Suvorovykh",,"Кредитка","670.00","RUB","Кредитка","0.00","RUB",2023-12-03 09:55:58,2023-12-03 14:57:12,
2023-12-03,"Кафе и рестораны","VKUSNYE SEKRETY",,"Кредитка","171.60","RUB","Кредитка","0.00","RUB",2023-12-03 14:07:27,2023-12-03 14:57:12,
2023-12-03,"Проезд","YandexGo",,"Tinkoff Black","194.00","RUB","Tinkoff Black","0.00","RUB",2023-12-03 14:24:57,2023-12-04 16:45:51,
2023-12-03,,,,"Tinkoff Black","6.00","RUB","Инвесткопилка","6.00","RUB",2023-12-03 14:24:59,2023-12-04 16:45:51,
2023-12-03,"Продукты","PYATEROCHKA 3433",,"Кредитка","259.98","RUB","Кредитка","0.00","RUB",2023-12-03 14:30:30,2023-12-03 15:03:35,
2023-12-03,"Сигареты","PYATEROCHKA 3433",,"Кредитка","229.00","RUB","Кредитка","0.00","RUB",2023-12-03 14:30:31,2023-12-03 15:03:35,
2023-12-04,"Продукты","SPAR N21",,"Кредитка","59.90","RUB","Кредитка","0.00","RUB",2023-12-04 04:39:02,2023-12-04 16:45:51,
2023-12-04,"Обед","SPAR 44",,"Кредитка","181.70","RUB","Кредитка","0.00","RUB",2023-12-04 09:10:33,2023-12-04 16:45:51,
2023-12-04,"Продукты","SPAR N21",,"Кредитка","461.37","RUB","Кредитка","0.00","RUB",2023-12-04 15:03:22,2023-12-04 16:45:51,
2023-12-04,"Продукты","SPAR N21",,"Кредитка","1.00","RUB","Кредитка","0.00","RUB",2023-12-04 15:04:21,2023-12-04 16:51:34,
2023-12-04,"Сигареты","SPAR N21",,"Кредитка","228.00","RUB","Кредитка","0.00","RUB",2023-12-04 15:04:22,2023-12-04 16:51:34,
2023-12-05,"Продукты","SPAR N21",,"Кредитка","59.90","RUB","Кредитка","0.00","RUB",2023-12-05 04:35:41,2023-12-09 16:37:33,
2023-12-05,,"Антон П.",,"Tinkoff Black","0.00","RUB","Tinkoff Black","1000.00","RUB",2023-12-05 05:47:10,2024-03-24 09:49:08,
2023-12-05,"Обед","SPAR 44",,"Кредитка","116.80","RUB","Кредитка","0.00","RUB",2023-12-05 07:25:23,2023-12-09 16:37:33,
2023-12-05,"Обед","SPAR 44",,"Кредитка","173.70","RUB","Кредитка","0.00","RUB",2023-12-05 10:43:27,2023-12-09 16:37:33,
2023-12-05,"Платежи. комиссии","Виктор В.",,"Открытие","269.00","RUB","Открытие","0.00","RUB",2023-12-05 12:49:49,2023-12-09 16:37:33,
2023-12-06,"Продукты","SPAR 44",,"Кредитка","315.80","RUB","Кредитка","0.00","RUB",2023-12-06 05:29:29,2024-03-24 09:49:08,
2023-12-06,"Обед","Kafe Stejk-Khaus",,"Кредитка","170.00","RUB","Кредитка","0.00","RUB",2023-12-06 07:43:32,2023-12-09 16:37:33,
2023-12-06,"Обед","SPAR 44",,"Кредитка","309.70","RUB","Кредитка","0.00","RUB",2023-12-06 09:35:39,2023-12-09 16:37:33,
2023-12-06,"Продукты","SPAR N21",,"Кредитка","753.56","RUB","Кредитка","0.00","RUB",2023-12-06 14:46:59,2024-03-24 09:49:08,
2023-12-06,"Сигареты","SPAR N21",,"Кредитка","229.00","RUB","Кредитка","0.00","RUB",2023-12-06 14:47:00,2024-03-24 09:49:08,
2023-12-07,"Обед","SPAR 44",,"Кредитка","101.80","RUB","Кредитка","0.00","RUB",2023-12-07 05:23:01,2023-12-09 16:37:33,
2023-12-07,"Обед","Kafe Stejk-Khaus",,"Кредитка","170.00","RUB","Кредитка","0.00","RUB",2023-12-07 06:35:27,2023-12-09 16:37:33,
2023-12-07,"Обед","Kulinariya Knyazevoj",,"Кредитка","616.38","RUB","Кредитка","0.00","RUB",2023-12-07 09:07:59,2023-12-09 16:37:33,
2023-12-07,"Кафе и рестораны","IP SHMELEV IV",,"Кредитка","71.00","RUB","Кредитка","0.00","RUB",2023-12-07 13:39:25,2023-12-09 16:37:33,
2023-12-08,"Продукты","SPAR N21",,"Кредитка","59.90","RUB","Кредитка","0.00","RUB",2023-12-08 04:24:17,2024-03-24 09:49:08,
2023-12-08,"Сигареты","SPAR N21",,"Кредитка","229.00","RUB","Кредитка","0.00","RUB",2023-12-08 04:24:18,2024-03-24 09:49:08,
2023-12-08,,,,"Кредитка","36.00","RUB","Открытие","36.00","RUB",2023-12-08 06:36:29,2024-01-01 08:32:04,
2023-12-08,"Обед","Kafe Stejk-Khaus",,"Кредитка","190.00","RUB","Кредитка","0.00","RUB",2023-12-08 06:38:39,2023-12-09 16:37:33,
2023-12-08,"Обед","STOLOVAYA 1",,"Кредитка","294.00","RUB","Кредитка","0.00","RUB",2023-12-08 07:59:22,2023-12-09 16:37:33,
2023-12-08,"Тратата","Клиенту Тинькофф",,"Кредитка","2294.00","RUB","Кредитка","0.00","RUB",2023-12-08 08:20:44,2023-12-09 16:37:33,
2023-12-08,"Зарплата",,"Перечисление ден. средств по реестру","Открытие","0.00","RUB","Открытие","2927.00","RUB",2023-12-08 09:41:21,2023-12-09 16:37:33,
2023-12-08,"Зарплата",,"Перечисление ден. средств по реестру","Открытие","0.00","RUB","Открытие","69805.62","RUB",2023-12-08 09:42:25,2023-12-09 16:37:33,
2023-12-08,"Тратата","Клиенту Тинькофф",,"Кредитка","2294.00","RUB","Кредитка","0.00","RUB",2023-12-08 12:31:42,2023-12-09 16:37:33,
2023-12-08,"Тратата","Клиенту Тинькофф",,"Кредитка","2294.00","RUB","Кредитка","0.00","RUB",2023-12-08 12:37:00,2023-12-09 16:37:33,
2023-12-08,"Тратата","Клиенту Тинькофф",,"Кредитка","120.00","RUB","Кредитка","0.00","RUB",2023-12-08 13:00:20,2023-12-09 16:37:33,
2023-12-08,,"LUKOIL.AZS 52006 52C",,"Кредитка","2136.00","RUB","Кредитка","0.00","RUB",2023-12-08 13:41:56,2024-03-24 09:49:08,
2023-12-09,"Продукты","SPAR N21",,"Кредитка","236.70","RUB","Кредитка","0.00","RUB",2023-12-09 05:29:54,2023-12-09 16:37:33,
2023-12-09,"Тратата","Клиенту Тинькофф",,"Кредитка","2100.00","RUB","Кредитка","0.00","RUB",2023-12-09 07:31:43,2023-12-09 16:37:33,
2023-12-09,"Продукты","SPAR N21",,"Кредитка","307.80","RUB","Кредитка","0.00","RUB",2023-12-09 12:40:22,2024-03-24 09:49:08,
2023-12-09,"Сигареты","SPAR N21",,"Кредитка","229.00","RUB","Кредитка","0.00","RUB",2023-12-09 12:40:23,2024-03-24 09:49:08,
2023-12-09,"Тратата","Клиенту Тинькофф",,"Кредитка","2028.00","RUB","Кредитка","0.00","RUB",2023-12-09 13:11:14,2023-12-09 16:37:33,
2023-12-09,"Продукты","MAGNIT MM PAVOLNA",,"Кредитка","119.97","RUB","Кредитка","0.00","RUB",2023-12-09 14:02:25,2023-12-09 16:37:33,
2023-12-09,,,,"Открытие","72000.00","RUB","Tinkoff Black","72000.00","RUB",2023-12-09 16:34:32,2024-01-01 08:32:04,
2023-12-09,,,,"Tinkoff Black","73000.00","RUB","Кредитка","73000.00","RUB",2023-12-09 16:34:58,2023-12-09 16:37:33,
2023-12-09,"Отдых и развлечения","kartaapple.ru",,"Кредитка","1420.00","RUB","Кредитка","0.00","RUB",2023-12-09 17:29:23,2024-01-01 08:32:04,
2023-12-09,"Платежи. комиссии","tele2",,"Tinkoff Black","200.00","RUB","Tinkoff Black","0.00","RUB",2023-12-09 17:32:30,2024-03-24 09:49:08,
2023-12-10,,,,"Tinkoff Black","0.00","RUB","Tinkoff Black","1000.00","RUB",2023-12-10 09:48:56,2024-01-01 08:32:04,
2023-12-10,"Отдых и развлечения","Yandex.Market15",,"Tinkoff Black","969.00","RUB","Tinkoff Black","0.00","RUB",2023-12-10 09:49:50,2024-03-24 09:49:08,
2023-12-10,,,,"Tinkoff Black","31.00","RUB","Инвесткопилка","31.00","RUB",2023-12-10 09:49:51,2024-01-01 08:32:04,
2023-12-10,"Подарки","Мама",,"Открытие","420.00","RUB","Открытие","0.00","RUB",2023-12-10 14:31:31,2024-01-01 08:32:04,
2023-12-11,"Продукты","SPAR N21",,"Кредитка","178.90","RUB","Кредитка","0.00","RUB",2023-12-11 04:34:54,2024-01-01 08:32:04,
2023-12-11,"Обед","Kafe Stejk-Khaus",,"Кредитка","110.00","RUB","Кредитка","0.00","RUB",2023-12-11 05:22:19,2024-01-01 08:32:04,
2023-12-11,"Обед","SPAR 44",,"Кредитка","267.90","RUB","Кредитка","0.00","RUB",2023-12-11 10:05:39,2024-01-01 08:32:04,
2023-12-11,"Обед","SPAR 44",,"Кредитка","144.80","RUB","Кредитка","0.00","RUB",2023-12-11 13:44:20,2024-01-01 08:32:04,
2023-12-11,"Продукты","SPAR N21",,"Кредитка","667.99","RUB","Кредитка","0.00","RUB",2023-12-11 17:15:30,2024-01-01 08:32:04,
2023-12-11,"Сигареты","SPAR N21",,"Кредитка","229.00","RUB","Кредитка","0.00","RUB",2023-12-11 17:35:44,2024-03-24 09:49:08,
2023-12-12,"Продукты","SPAR N21",,"Кредитка","189.70","RUB","Кредитка","0.00","RUB",2023-12-12 04:34:19,2024-01-01 08:32:04,
2023-12-12,"Обед","Kafe Stejk-Khaus",,"Кредитка","110.00","RUB","Кредитка","0.00","RUB",2023-12-12 05:42:46,2024-01-01 08:32:04,
2023-12-12,"Сигареты","SPAR 63",,"Кредитка","203.70","RUB","Кредитка","0.00","RUB",2023-12-12 09:46:15,2024-01-01 08:32:04,
2023-12-12,"Обед","SPAR 44",,"Кредитка","179.70","RUB","Кредитка","0.00","RUB",2023-12-12 12:58:17,2024-01-01 08:32:04,
2023-12-13,"Продукты","SPAR N21",,"Кредитка","59.90","RUB","Кредитка","0.00","RUB",2023-12-13 04:37:33,2024-03-24 09:49:08,
2023-12-13,"Сигареты","SPAR N21",,"Кредитка","229.00","RUB","Кредитка","0.00","RUB",2023-12-13 04:37:34,2024-03-24 09:49:08,
2023-12-13,"Обед","SPAR 44",,"Кредитка","173.70","RUB","Кредитка","0.00","RUB",2023-12-13 07:09:54,2024-01-01 08:32:04,
2023-12-13,"Обед","IP Zubov N.R. 2",,"Кредитка","480.00","RUB","Кредитка","0.00","RUB",2023-12-13 09:27:24,2024-01-01 08:32:04,
2023-12-13,,,"Пополнение Инвесткопилки","Инвесткопилка","0.00","RUB","Инвесткопилка","5000.00","RUB",2023-12-13 09:38:40,2024-01-01 08:32:04,
2023-12-13,,,"Перевод СБП A33471048386172C0000040011140701 от МАКСИМ СТАНИСЛАВОВИЧ Б 79922220690 Тинькофф Банк","Открытие","0.00","RUB","Открытие","23000.00","RUB",2023-12-13 10:48:41,2024-01-01 08:32:04,
2023-12-13,"Продукты","SPAR 44",,"Кредитка","319.90","RUB","Кредитка","0.00","RUB",2023-12-13 13:01:25,2024-03-24 09:49:08,
2023-12-13,"Продукты","SPAR 85",,"Кредитка","1381.08","RUB","Кредитка","0.00","RUB",2023-12-13 18:12:48,2024-01-01 08:32:04,
2023-12-13,"Образование","ROBOKASSA",,"Tinkoff Black","149.00","RUB","Tinkoff Black","0.00","RUB",2023-12-13 19:01:26,2024-01-01 08:32:04,
2023-12-13,,,,"Tinkoff Black","1.00","RUB","Инвесткопилка","1.00","RUB",2023-12-13 19:01:27,2024-01-01 08:32:04,
2023-12-14,"Продукты","SPAR N21",,"Кредитка","59.90","RUB","Кредитка","0.00","RUB",2023-12-14 04:34:07,2024-01-01 08:32:04,
2023-12-14,"Обед","SPAR 44",,"Кредитка","161.60","RUB","Кредитка","0.00","RUB",2023-12-14 08:53:46,2024-03-24 09:49:08,
2023-12-14,"Сигареты","SPAR 44",,"Кредитка","229.00","RUB","Кредитка","0.00","RUB",2023-12-14 08:53:47,2024-03-24 09:49:08,
2023-12-14,"Здоровье и фитнес","SOLNECHNOE ZDOROVE",,"Кредитка","617.20","RUB","Кредитка","0.00","RUB",2023-12-14 15:00:43,2024-01-01 08:32:04,
2023-12-15,"Продукты","SPAR N21",,"Кредитка","367.60","RUB","Кредитка","0.00","RUB",2023-12-15 04:46:36,2024-03-24 09:49:08,
2023-12-15,"Сигареты","SPAR N21",,"Кредитка","229.00","RUB","Кредитка","0.00","RUB",2023-12-15 04:46:37,2024-03-24 09:49:08,
2023-12-15,"Продукты","SPAR N21",,"Кредитка","600.16","RUB","Кредитка","0.00","RUB",2023-12-15 08:11:57,2024-01-01 08:32:04,
2023-12-15,,"Евгений Д.",,"Tinkoff Black","0.00","RUB","Tinkoff Black","3000.00","RUB",2023-12-15 08:39:14,2024-03-24 09:49:08,
2023-12-16,"Продукты","Servisy Yandeksa",,"Кредитка","1027.00","RUB","Кредитка","0.00","RUB",2023-12-16 10:54:14,2024-01-01 08:32:04,
2023-12-17,"Продукты","PYATEROCHKA 3433",,"Кредитка","338.98","RUB","Кредитка","0.00","RUB",2023-12-17 05:18:18,2024-01-01 08:32:04,
2023-12-17,,"LUKOIL.AZS 52066 52C",,"Кредитка","1500.00","RUB","Кредитка","0.00","RUB",2023-12-17 06:15:08,2024-03-24 09:49:08,
2023-12-17,"Продукты","SPAR 78",,"Кредитка","334.70","RUB","Кредитка","0.00","RUB",2023-12-17 06:38:29,2024-01-01 08:32:04,
2023-12-17,,,,"Кредитка","23000.00","RUB","Наличные","23000.00","RUB",2023-12-17 06:59:18,2024-01-01 08:32:04,
2023-12-17,"Платежи. комиссии",,"Комиссия: Комиссия за операцию","Кредитка","957.00","RUB","Кредитка","0.00","RUB",2023-12-17 07:00:08,2024-01-01 08:32:04,
2023-12-17,"Одежда","Skvot Yazina 1",,"Кредитка","3810.00","RUB","Кредитка","0.00","RUB",2023-12-17 08:41:56,2024-01-01 08:32:04,
2023-12-17,"Одежда","Skvot Yazina 1",,"Кредитка","6650.00","RUB","Кредитка","0.00","RUB",2023-12-17 08:50:52,2024-01-01 08:32:04,
2023-12-17,"Продукты","SPAR 50",,"Кредитка","298.80","RUB","Кредитка","0.00","RUB",2023-12-17 10:42:24,2024-03-24 09:49:08,
2023-12-17,"Сигареты","SPAR 50",,"Кредитка","229.00","RUB","Кредитка","0.00","RUB",2023-12-17 10:42:25,2024-03-24 09:49:08,
2023-12-17,"Проезд","WWW.RZD.RU",,"Tinkoff Black","994.00","RUB","Tinkoff Black","0.00","RUB",2023-12-17 11:44:32,2024-03-24 09:49:08,
2023-12-17,,,,"Tinkoff Black","6.00","RUB","Инвесткопилка","6.00","RUB",2023-12-17 11:44:33,2024-01-01 08:32:04,
2023-12-17,,"PARKOVKA",,"Кредитка","150.00","RUB","Кредитка","0.00","RUB",2023-12-17 18:22:52,2024-03-24 09:49:08,
2023-12-17,,"PARKOVKA",,"Кредитка","2100.00","RUB","Кредитка","0.00","RUB",2023-12-17 18:23:46,2024-03-24 09:49:08,
2023-12-17,"Продукты","AUCHAN 063 FANTASTIKA",,"Кредитка","607.50","RUB","Кредитка","0.00","RUB",2023-12-17 18:39:46,2024-01-01 08:32:04,
2023-12-17,"Проезд","YandexGo",,"Tinkoff Black","257.00","RUB","Tinkoff Black","0.00","RUB",2023-12-17 19:07:15,2024-01-01 08:32:04,
2023-12-17,,,,"Tinkoff Black","43.00","RUB","Инвесткопилка","43.00","RUB",2023-12-17 19:07:16,2024-01-01 08:32:04,
2023-12-18,"Продукты","SPAR N21",,"Кредитка","59.90","RUB","Кредитка","0.00","RUB",2023-12-18 04:36:12,2024-01-01 08:32:04,
2023-12-18,"Обед","Kafe Stejk-Khaus",,"Кредитка","60.00","RUB","Кредитка","0.00","RUB",2023-12-18 05:49:13,2024-01-01 08:32:04,
2023-12-18,"Кафе и рестораны","COFFEE LIKE",,"Кредитка","360.00","RUB","Кредитка","0.00","RUB",2023-12-18 09:56:09,2024-01-01 08:32:04,
2023-12-18,"Продукты","SPAR",,"Открытие","217.39","RUB","Открытие","0.00","RUB",2023-12-18 13:53:34,2024-01-01 08:32:04,
2023-12-18,"Сигареты","SPAR",,"Открытие","229.00","RUB","Открытие","0.00","RUB",2023-12-18 14:01:48,2024-03-24 09:49:08,
2023-12-18,"Проезд","YandexGo",,"Tinkoff Black","256.00","RUB","Tinkoff Black","0.00","RUB",2023-12-18 17:28:52,2024-01-01 08:32:04,
2023-12-18,,,,"Tinkoff Black","44.00","RUB","Инвесткопилка","44.00","RUB",2023-12-18 17:28:53,2024-01-01 08:32:04,
2023-12-19,"Продукты","SPAR N21",,"Кредитка","59.90","RUB","Кредитка","0.00","RUB",2023-12-19 04:17:19,2024-01-01 08:32:04,
2023-12-19,"Продукты","SPAR 44",,"Кредитка","237.90","RUB","Кредитка","0.00","RUB",2023-12-19 13:30:54,2024-03-24 09:49:08,
2023-12-19,"Сигареты","SPAR 44",,"Кредитка","229.00","RUB","Кредитка","0.00","RUB",2023-12-19 13:30:55,2024-03-24 09:49:08,
2023-12-19,"Подарки","Astro Flovers",,"Кредитка","4700.00","RUB","Кредитка","0.00","RUB",2023-12-19 16:25:05,2024-01-01 08:32:04,
2023-12-19,"Проезд","YandexGo",,"Tinkoff Black","282.00","RUB","Tinkoff Black","0.00","RUB",2023-12-19 16:48:45,2024-01-01 08:32:04,
2023-12-19,,,,"Tinkoff Black","18.00","RUB","Инвесткопилка","18.00","RUB",2023-12-19 16:48:46,2024-01-01 08:32:04,
2023-12-19,"Продукты","Ашан",,"Открытие","149.90","RUB","Открытие","0.00","RUB",2023-12-19 17:00:06,2024-01-01 08:32:04,
2023-12-19,,,,"Наличные","58000.00","RUB","Кредит наличными","58000.00","RUB",2024-01-01 08:37:04,2024-01-01 08:52:04,
2023-12-20,"Проезд","YandexGo",,"Tinkoff Black","210.00","RUB","Tinkoff Black","0.00","RUB",2023-12-20 04:32:30,2024-01-01 08:32:04,
2023-12-20,,,,"Tinkoff Black","40.00","RUB","Инвесткопилка","40.00","RUB",2023-12-20 04:32:31,2024-01-01 08:32:04,
2023-12-20,"Здоровье и фитнес","GEMOKHELP",,"Открытие","1210.00","RUB","Открытие","0.00","RUB",2023-12-20 04:43:18,2024-03-24 09:49:08,
2023-12-20,"Кафе и рестораны","QSR 23001",,"Открытие","291.00","RUB","Открытие","0.00","RUB",2023-12-20 04:58:00,2024-01-01 08:32:04,
2023-12-20,"Продукты","SPAR",,"Открытие","942.06","RUB","Открытие","0.00","RUB",2023-12-20 10:39:31,2024-01-01 08:32:04,
2023-12-20,"Сигареты","SPAR",,"Открытие","229.00","RUB","Открытие","0.00","RUB",2023-12-20 10:58:17,2024-03-24 09:49:08,
2023-12-20,"Кафе и рестораны","IP SHMELEV IV",,"Открытие","100.00","RUB","Открытие","0.00","RUB",2023-12-20 14:14:08,2024-01-01 08:32:04,
2023-12-20,,"BIG BRO",,"Открытие","1500.00","RUB","Открытие","0.00","RUB",2023-12-20 16:26:37,2024-03-24 11:17:17,
2023-12-20,"Кафе и рестораны","QSR 23022",,"Открытие","380.00","RUB","Открытие","0.00","RUB",2023-12-20 17:06:04,2024-01-01 08:32:04,
2023-12-20,,"ZOLOTOE YABLOKO",,"Открытие","648.38","RUB","Открытие","0.00","RUB",2023-12-20 17:40:20,2024-03-24 11:17:17,
2023-12-20,"Одежда","FAMILIA 482",,"Открытие","1925.00","RUB","Открытие","0.00","RUB",2023-12-20 18:01:55,2024-01-01 08:32:04,
2023-12-20,,"Лукойл",,"Открытие","2208.00","RUB","Открытие","0.00","RUB",2023-12-20 18:21:54,2024-03-24 09:49:08,
2023-12-21,"Платежи. комиссии","Yandex.Plus",,"Tinkoff Black","1.00","RUB","Tinkoff Black","0.00","RUB",2023-12-21 01:29:11,2024-01-01 08:32:04,
2023-12-21,,,,"Tinkoff Black","49.00","RUB","Инвесткопилка","49.00","RUB",2023-12-21 01:29:12,2024-01-01 08:32:04,
2023-12-21,"Продукты","SPAR N21",,"Открытие","104.80","RUB","Открытие","0.00","RUB",2023-12-21 04:29:02,2024-03-24 09:49:08,
2023-12-21,"Сигареты","SPAR N21",,"Открытие","229.00","RUB","Открытие","0.00","RUB",2023-12-21 04:29:03,2024-03-24 09:49:08,
2023-12-21,"Обед","KAFE STEJK-KHAUS",,"Открытие","60.00","RUB","Открытие","0.00","RUB",2023-12-21 06:34:20,2024-01-01 08:32:04,
2023-12-21,"Кафе и рестораны","METEOR",,"Открытие","980.00","RUB","Открытие","0.00","RUB",2023-12-21 09:59:50,2024-01-01 08:32:04,
2023-12-21,"Проезд","YandexGo",,"Tinkoff Black","293.00","RUB","Tinkoff Black","0.00","RUB",2023-12-21 17:43:57,2024-01-01 08:32:04,
2023-12-21,,,,"Tinkoff Black","7.00","RUB","Инвесткопилка","7.00","RUB",2023-12-21 17:43:58,2024-01-01 08:32:04,
2023-12-21,"Дом / Съем жилья ",,,"Наличные","23000.00","RUB","Наличные","0.00","RUB",2024-03-31 06:32:16,2024-03-31 06:39:51,
2023-12-22,"Продукты","SPAR N21",,"Открытие","59.90","RUB","Открытие","0.00","RUB",2023-12-22 04:23:32,2024-03-24 09:49:08,
2023-12-22,"Сигареты","SPAR N21",,"Открытие","229.00","RUB","Открытие","0.00","RUB",2023-12-22 04:23:33,2024-03-24 09:49:08,
2023-12-22,"Продукты","SPAR N21",,"Открытие","189.80","RUB","Открытие","0.00","RUB",2023-12-22 11:11:50,2024-01-01 08:32:04,
2023-12-22,"Кафе и рестораны","FUKU RAMEN",,"Открытие","2000.00","RUB","Открытие","0.00","RUB",2023-12-22 12:29:23,2024-01-01 08:32:04,
2023-12-23,"Продукты","SPAR N21",,"Открытие","59.90","RUB","Открытие","0.00","RUB",2023-12-23 04:50:31,2024-01-01 08:32:04,
2023-12-23,"Техника","WildberriesSBP",,"Кредитка","2422.00","RUB","Кредитка","0.00","RUB",2023-12-23 05:28:15,2024-03-24 09:49:08,
2023-12-23,"Продукты","SPAR",,"Открытие","148.90","RUB","Открытие","0.00","RUB",2023-12-23 06:37:36,2024-03-24 09:49:08,
2023-12-23,"Сигареты","SPAR",,"Открытие","229.00","RUB","Открытие","0.00","RUB",2023-12-23 06:37:37,2024-03-24 09:49:08,
2023-12-23,"Кафе и рестораны","Столовая",,"Открытие","335.00","RUB","Открытие","0.00","RUB",2023-12-23 10:54:59,2024-01-01 08:32:04,
2023-12-23,"Подарки","Astro Flovers",,"Кредитка","5000.00","RUB","Кредитка","0.00","RUB",2023-12-23 13:17:24,2024-01-01 08:32:04,
2023-12-23,"Продукты","SPAR",,"Открытие","199.80","RUB","Открытие","0.00","RUB",2023-12-23 13:36:53,2024-01-01 08:32:04,
2023-12-23,,"LUKOIL.AZS 52023 52C",,"Кредитка","999.00","RUB","Кредитка","0.00","RUB",2023-12-23 15:10:31,2024-03-24 09:49:08,
2023-12-23,,"Лукойл",,"Открытие","1589.00","RUB","Открытие","0.00","RUB",2023-12-23 15:11:19,2024-03-24 09:49:08,
2023-12-23,"Кафе и рестораны","Шоколадница",,"Открытие","1430.00","RUB","Открытие","0.00","RUB",2023-12-23 16:22:31,2024-01-01 08:32:04,
2023-12-23,"Подарки","Дом книги",,"Открытие","25.00","RUB","Открытие","0.00","RUB",2023-12-23 17:52:05,2024-03-24 09:49:08,
2023-12-24,"Продукты","SPAR N21",,"Открытие","69.90","RUB","Открытие","0.00","RUB",2023-12-24 04:40:35,2024-03-24 09:49:08,
2023-12-24,"Сигареты","SPAR N21",,"Открытие","229.00","RUB","Открытие","0.00","RUB",2023-12-24 04:40:36,2024-03-24 09:49:08,
2023-12-24,"Продукты","SPAR",,"Открытие","169.80","RUB","Открытие","0.00","RUB",2023-12-24 05:57:47,2024-01-01 08:32:04,
2023-12-24,"Продукты","SPAR 85",,"Кредитка","560.74","RUB","Кредитка","0.00","RUB",2023-12-24 09:39:26,2024-01-01 08:32:04,
2023-12-24,"Автомобиль","OBI 017",,"Открытие","309.00","RUB","Открытие","0.00","RUB",2023-12-24 12:13:07,2024-03-24 09:49:08,
2023-12-24,"Продукты","SPAR",,"Открытие","367.70","RUB","Открытие","0.00","RUB",2023-12-24 15:31:51,2024-01-01 08:32:04,
2023-12-24,"Подарки","Astro Flovers",,"Кредитка","2000.00","RUB","Кредитка","0.00","RUB",2023-12-24 16:10:24,2024-01-01 08:32:04,
2023-12-24,"Продукты","PYATEROCHKA 19143",,"Кредитка","338.97","RUB","Кредитка","0.00","RUB",2023-12-24 18:11:36,2024-01-01 08:32:04,
2023-12-24,"Платежи. комиссии",,"Комиссия: Проценты по кредиту","Кредитка","544.73","RUB","Кредитка","0.00","RUB",2023-12-24 19:37:50,2024-03-24 09:49:08,
2023-12-24,"Платежи. комиссии",,"Комиссия: Плата за Программу страховой защиты","Кредитка","1943.55","RUB","Кредитка","0.00","RUB",2023-12-24 20:53:14,2024-01-01 08:32:04,
2023-12-25,"Продукты","SPAR N21",,"Открытие","59.90","RUB","Открытие","0.00","RUB",2023-12-25 04:28:30,2024-01-01 08:32:04,
2023-12-25,"Обед","KAFE STEJK-KHAUS",,"Открытие","190.00","RUB","Открытие","0.00","RUB",2023-12-25 06:31:09,2024-01-01 08:32:04,
2023-12-25,"Кафе и рестораны","BENE",,"Открытие","890.00","RUB","Открытие","0.00","RUB",2023-12-25 09:41:41,2024-01-01 08:32:04,
2023-12-25,"Зарплата",,"Перечисление ден. средств по реестру","Открытие","0.00","RUB","Открытие","48124.58","RUB",2023-12-25 10:17:09,2024-01-01 08:32:04,
2023-12-25,"Обед","KAFE STEJK-KHAUS",,"Открытие","67.00","RUB","Открытие","0.00","RUB",2023-12-25 12:23:44,2024-01-01 08:32:04,
2023-12-25,,"Евгений Д.",,"Открытие","50111.35","RUB","Открытие","0.00","RUB",2023-12-25 13:18:35,2024-03-24 09:49:08,
2023-12-25,,"Евгений Д.",,"Tinkoff Black","0.00","RUB","Tinkoff Black","50000.00","RUB",2023-12-25 13:18:37,2024-03-24 09:49:08,
2023-12-25,,,,"Tinkoff Black","50000.00","RUB","Кредитка","50000.00","RUB",2023-12-25 16:05:28,2024-01-01 08:32:19,
2023-12-25,"Автомобиль","OBI 017",,"Кредитка","429.00","RUB","Кредитка","0.00","RUB",2023-12-25 17:17:27,2024-03-24 09:49:08,
2023-12-25,"Кафе и рестораны","COFFEELIKE",,"Кредитка","140.00","RUB","Кредитка","0.00","RUB",2023-12-25 17:20:34,2024-01-01 08:32:04,
2023-12-25,"Сигареты","AUCHAN 063 FANTASTIKA",,"Кредитка","229.00","RUB","Кредитка","0.00","RUB",2023-12-25 17:24:43,2024-03-24 09:49:08,
2023-12-25,"Автомобиль","OBI 017",,"Открытие","424.00","RUB","Открытие","0.00","RUB",2023-12-25 19:29:31,2024-03-24 09:49:08,
2023-12-26,"Продукты","SPAR N21",,"Кредитка","59.90","RUB","Кредитка","0.00","RUB",2023-12-26 04:27:09,2024-01-01 08:32:04,
2023-12-26,"Обед","Kafe Stejk-Khaus",,"Кредитка","156.00","RUB","Кредитка","0.00","RUB",2023-12-26 05:44:41,2024-01-01 08:32:04,
2023-12-26,"Зарплата",,"Перечисление ден. средств по реестру","Открытие","0.00","RUB","Открытие","73100.00","RUB",2023-12-26 11:34:18,2024-01-01 08:32:04,
2023-12-26,"Кафе и рестораны","VLAVASHE.",,"Кредитка","119.00","RUB","Кредитка","0.00","RUB",2023-12-26 12:10:29,2024-01-01 08:32:04,
2023-12-26,"Кафе и рестораны","VLAVASHE.",,"Кредитка","359.00","RUB","Кредитка","0.00","RUB",2023-12-26 12:13:05,2024-01-01 08:32:04,
2023-12-26,,,,"Открытие","70350.00","RUB","Tinkoff Black","70000.00","RUB",2023-12-26 12:15:42,2024-01-01 08:32:04,
2023-12-26,,,,"Tinkoff Black","70000.00","RUB","Кредитка","70000.00","RUB",2023-12-26 12:16:09,2024-01-01 08:32:19,
2023-12-26,,,"Перевод СБП A3360121626022010000040011150101 от ЕКАТЕРИНА ЮРЬЕВНА Е 79200010132 Тинькофф Банк","Открытие","0.00","RUB","Открытие","350.00","RUB",2023-12-26 12:16:29,2024-01-01 08:32:04,
2023-12-26,,"Екатерина Е.",,"Открытие","350.00","RUB","Открытие","0.00","RUB",2023-12-26 12:30:10,2024-01-01 08:32:04,
2023-12-26,"Продукты","SPAR N21",,"Кредитка","114.00","RUB","Кредитка","0.00","RUB",2023-12-26 14:58:57,2024-03-24 09:49:08,
2023-12-26,"Сигареты","SPAR N21",,"Кредитка","229.00","RUB","Кредитка","0.00","RUB",2023-12-26 14:58:58,2024-03-24 09:49:08,
2023-12-26,"Продукты","PYATEROCHKA 19143",,"Кредитка","283.99","RUB","Кредитка","0.00","RUB",2023-12-26 16:50:42,2024-01-01 08:32:04,
2023-12-26,"Автомобиль","LUKOIL.AZS 52023 52C",,"Кредитка","1477.06","RUB","Кредитка","0.00","RUB",2023-12-26 18:43:49,2024-03-31 06:39:51,
2023-12-27,"Продукты","SPAR N21",,"Открытие","59.90","RUB","Открытие","0.00","RUB",2023-12-27 04:18:39,2024-01-01 08:32:04,
2023-12-27,"Продукты","SPAR 44",,"Кредитка","116.80","RUB","Кредитка","0.00","RUB",2023-12-27 06:35:03,2024-03-24 09:49:08,
2023-12-27,"Кафе и рестораны","Mishka",,"Кредитка","890.00","RUB","Кредитка","0.00","RUB",2023-12-27 08:40:52,2024-01-01 08:32:04,
2023-12-27,"Обед","SPAR 44",,"Кредитка","59.90","RUB","Кредитка","0.00","RUB",2023-12-27 13:04:54,2024-01-01 08:32:04,
2023-12-27,"Подарки","Cafe Ul. Osharskaya. D",,"Кредитка","4030.00","RUB","Кредитка","0.00","RUB",2023-12-27 15:38:56,2024-03-24 09:49:08,
2023-12-27,"Сигареты","SPAR N21",,"Кредитка","229.00","RUB","Кредитка","0.00","RUB",2023-12-27 15:52:47,2024-03-24 09:49:08,
2023-12-27,"Продукты","SPAR 50",,"Кредитка","129.90","RUB","Кредитка","0.00","RUB",2023-12-27 16:42:52,2024-01-01 08:32:04,
2023-12-27,,,"Перевод СБП B3361171444880220000100011150101 от ЕКАТЕРИНА ЮРЬЕВНА Е 79200010132 Тинькофф Банк","Открытие","0.00","RUB","Открытие","2000.00","RUB",2023-12-27 17:14:49,2024-01-01 08:32:04,
2023-12-27,,"Екатерина Е.",,"Открытие","2024.00","RUB","Открытие","0.00","RUB",2023-12-27 17:33:39,2024-01-01 08:32:04,
2023-12-27,"Кэшбэк",,"Кэшбэк за обычные покупки","Tinkoff Black","0.00","RUB","Tinkoff Black","29.00","RUB",2023-12-27 19:49:49,2024-01-01 08:32:04,
2023-12-27,,,,"Tinkoff Black","29.00","RUB","Инвесткопилка","29.00","RUB",2023-12-27 19:52:27,2024-01-01 08:32:04,
2023-12-28,,,,"Открытие","65000.00","RUB","Счет погашения ипотеки","65000.00","RUB",2023-12-27 21:00:00,2024-01-01 08:32:04,
2023-12-28,"Продукты","SPAR N21",,"Кредитка","59.90","RUB","Кредитка","0.00","RUB",2023-12-28 04:24:41,2024-01-01 08:32:04,
2023-12-28,"Кафе и рестораны","IP SHMELEV IV",,"Кредитка","100.00","RUB","Кредитка","0.00","RUB",2023-12-28 05:52:51,2024-01-01 08:32:04,
2023-12-28,"Кафе и рестораны","IP SHMELEV IV",,"Кредитка","71.00","RUB","Кредитка","0.00","RUB",2023-12-28 05:56:04,2024-01-01 08:32:04,
2023-12-28,"Кафе и рестораны","KAFE BISTRO",,"Кредитка","1530.00","RUB","Кредитка","0.00","RUB",2023-12-28 10:14:33,2024-01-01 08:32:04,
2023-12-28,"Зарплата",,"Перечисление ден. средств по реестру","Открытие","0.00","RUB","Открытие","186308.51","RUB",2023-12-28 11:28:17,2024-01-01 08:32:04,
2023-12-28,"Кафе и рестораны","IP SHMELEV IV",,"Кредитка","100.00","RUB","Кредитка","0.00","RUB",2023-12-28 11:35:26,2024-01-01 08:32:04,
2023-12-28,,"Евгений Д.",,"Открытие","120600.00","RUB","Открытие","0.00","RUB",2023-12-28 12:43:46,2024-03-24 09:49:08,
2023-12-28,,"Евгений Д.",,"Tinkoff Black","0.00","RUB","Tinkoff Black","120000.00","RUB",2023-12-28 12:43:48,2024-03-24 09:49:08,
2023-12-28,,,"Пополнение Инвесткопилки","Tinkoff Black","7000.00","RUB","Инвесткопилка","7000.00","RUB",2023-12-28 12:46:00,2024-01-01 08:32:04,
2023-12-28,,,,"Tinkoff Black","113000.00","RUB","Кредитка","113000.00","RUB",2023-12-28 12:46:18,2024-01-01 08:32:19,
2023-12-28,"Продукты","SPAR 44",,"Кредитка","129.80","RUB","Кредитка","0.00","RUB",2023-12-28 13:20:58,2024-03-24 09:49:08,
2023-12-28,"Сигареты","SPAR 44",,"Кредитка","229.00","RUB","Кредитка","0.00","RUB",2023-12-28 13:20:59,2024-03-24 09:49:08,
2023-12-28,"Продукты","SPAR 84",,"Кредитка","217.80","RUB","Кредитка","0.00","RUB",2023-12-28 16:27:36,2024-01-01 08:32:04,
2023-12-28,"Кафе и рестораны","VKUSNOITOCHKA_23029",,"Кредитка","633.00","RUB","Кредитка","0.00","RUB",2023-12-28 17:28:23,2024-01-01 08:32:04,
2023-12-28,"Подарки","WildberriesSBP",,"Кредитка","586.00","RUB","Кредитка","0.00","RUB",2023-12-28 17:44:42,2024-03-24 09:49:08,
2023-12-28,"Подарки","KUCHENLAND HOME",,"Кредитка","399.00","RUB","Кредитка","0.00","RUB",2023-12-28 18:16:35,2024-01-01 08:32:04,
2023-12-29,"Кафе и рестораны","IP SHMELEV IV",,"Кредитка","100.00","RUB","Кредитка","0.00","RUB",2023-12-29 05:48:50,2024-01-01 08:32:04,
2023-12-29,"Подарки","Наталия П.",,"Tinkoff Black","400.00","RUB","Tinkoff Black","0.00","RUB",2023-12-29 06:23:39,2024-03-24 09:49:08,
2023-12-29,"Подарки","Денис Б.",,"Открытие","525.00","RUB","Открытие","0.00","RUB",2023-12-29 06:48:07,2024-03-24 09:49:08,
2023-12-29,"Проезд","YandexGo",,"Tinkoff Black","277.00","RUB","Tinkoff Black","0.00","RUB",2023-12-29 09:04:54,2024-01-01 08:32:04,
2023-12-29,,,,"Tinkoff Black","23.00","RUB","Инвесткопилка","23.00","RUB",2023-12-29 09:04:55,2024-01-01 08:32:04,
2023-12-29,"Подарки","Клиенту Тинькофф","С Новым Годом. старина!","Кредитка","3000.00","RUB","Кредитка","0.00","RUB",2023-12-29 10:00:39,2024-03-24 09:49:08,
2023-12-29,"Продукты","SPAR 44",,"Кредитка","348.80","RUB","Кредитка","0.00","RUB",2023-12-29 10:27:47,2024-03-24 09:49:08,
2023-12-29,"Продукты","SPAR 78",,"Кредитка","313.04","RUB","Кредитка","0.00","RUB",2023-12-29 14:29:30,2024-03-24 09:49:08,
2023-12-29,"Сигареты","SPAR 78",,"Кредитка","229.00","RUB","Кредитка","0.00","RUB",2023-12-29 14:29:31,2024-03-24 09:49:08,
2023-12-29,,,"Перевод СБП B3363175109429140000140011150101 от ЕКАТЕРИНА ЮРЬЕВНА Е 79200010132 Тинькофф Банк","Открытие","0.00","RUB","Открытие","2800.00","RUB",2023-12-29 17:51:13,2024-01-01 08:32:04,
2023-12-29,"Подарки","Astro Flovers",,"Кредитка","2950.00","RUB","Кредитка","0.00","RUB",2023-12-29 17:52:27,2024-01-01 08:32:04,
2023-12-29,,"LUKOIL.AZS 52008 52C",,"Кредитка","499.00","RUB","Кредитка","0.00","RUB",2023-12-29 20:39:50,2024-03-24 09:49:08,
2023-12-30,,"Екатерина Е.",,"Открытие","1850.00","RUB","Открытие","0.00","RUB",2023-12-29 21:01:43,2024-01-01 08:32:04,
2023-12-30,"Продукты","SPAR N21",,"Кредитка","392.07","RUB","Кредитка","0.00","RUB",2023-12-30 07:11:51,2024-03-24 09:49:08,
2023-12-30,"Сигареты","SPAR N21",,"Кредитка","229.00","RUB","Кредитка","0.00","RUB",2023-12-30 07:11:52,2024-03-24 09:49:08,
2023-12-30,"Продукты","SPAR N21",,"Кредитка","229.00","RUB","Кредитка","0.00","RUB",2023-12-30 07:26:27,2024-01-01 08:32:04,
2023-12-30,"Продукты","PYATEROCHKA 2375",,"Кредитка","59.99","RUB","Кредитка","0.00","RUB",2023-12-30 09:51:05,2024-01-01 08:32:04,
2023-12-30,,"LUKOIL.AZS 52023 52C",,"Кредитка","1500.00","RUB","Кредитка","0.00","RUB",2023-12-30 10:27:19,2024-03-24 09:49:08,
2023-12-30,"Продукты","SPAR N21",,"Кредитка","572.96","RUB","Кредитка","0.00","RUB",2023-12-30 13:07:11,2024-01-01 08:32:04,
2023-12-30,"Продукты","PYATEROCHKA 19143",,"Кредитка","2051.99","RUB","Кредитка","0.00","RUB",2023-12-30 14:49:17,2024-01-01 08:32:04,
2023-12-30,"Кафе и рестораны","Bronx Streetfood",,"Кредитка","199.00","RUB","Кредитка","0.00","RUB",2023-12-30 16:08:37,2024-01-01 08:32:04,
2023-12-30,,,,"Кредитка","2000.00","RUB","Tinkoff Black","2000.00","RUB",2023-12-30 20:27:08,2024-01-01 08:32:19,
2023-12-30,"Проезд","YandexGo",,"Tinkoff Black","350.00","RUB","Tinkoff Black","0.00","RUB",2023-12-30 20:27:39,2024-01-01 08:32:04,
2023-12-30,"Тратата","Клиенту Тинькофф",,"Кредитка","7416.00","RUB","Кредитка","0.00","RUB",2023-12-30 20:39:14,2024-01-01 08:32:04,
2023-12-31,"Проезд","YandexGo",,"Tinkoff Black","482.00","RUB","Tinkoff Black","0.00","RUB",2023-12-31 00:17:22,2024-01-01 08:32:04,
2023-12-31,,,,"Tinkoff Black","18.00","RUB","Инвесткопилка","18.00","RUB",2023-12-31 00:17:23,2024-01-01 08:32:04,
2023-12-31,"Тратата","220024******8580","Перевод на карту","Кредитка","1750.00","RUB","Кредитка","0.00","RUB",2023-12-31 07:14:28,2024-01-01 08:36:44,
2023-12-31,"Проезд","Mos.Transport 41. MIRA",,"Кредитка","61.00","RUB","Кредитка","0.00","RUB",2023-12-31 08:20:05,2024-01-02 21:43:11,
2023-12-31,"Продукты","PYATEROCHKA 777",,"Кредитка","102.48","RUB","Кредитка","0.00","RUB",2023-12-31 08:20:06,2024-03-24 09:49:08,
2023-12-31,"Сигареты","PYATEROCHKA 777",,"Кредитка","229.00","RUB","Кредитка","0.00","RUB",2023-12-31 08:20:07,2024-03-24 09:49:08,
2023-12-31,"Тратата","Клиенту Тинькофф",,"Кредитка","3709.00","RUB","Кредитка","0.00","RUB",2023-12-31 10:44:07,2024-01-01 08:32:04,
2023-12-31,,,,"Кредитка","3500.00","RUB","Наличные","3500.00","RUB",2023-12-31 13:21:28,2024-01-02 21:43:11,
2023-12-31,,,,"Кредитка","1500.00","RUB","Наличные","1500.00","RUB",2023-12-31 13:22:23,2024-01-02 21:43:11,
2023-12-31,,"Евгений Д.",,"Открытие","0.00","RUB","Открытие","5500.00","RUB",2023-12-31 14:53:31,2024-03-24 09:49:08,
2023-12-31,"Продукты","SPAR 354",,"Кредитка","89.90","RUB","Кредитка","0.00","RUB",2023-12-31 16:09:52,2024-01-01 08:32:04,
2024-01-01,"Продукты","MAGNOLIYA",,"Кредитка","77.90","RUB","Кредитка","0.00","RUB",2023-12-31 22:05:30,2024-01-01 08:32:55,
2024-01-01,"Кэшбэк",,"Компенсация покупки","Кредитка","0.00","RUB","Кредитка","498.92","RUB",2023-12-31 22:24:18,2024-01-01 08:32:04,
2024-01-01,"Кэшбэк",,"Компенсация покупки","Кредитка","0.00","RUB","Кредитка","91.00","RUB",2023-12-31 22:24:34,2024-01-01 08:32:04,
2024-01-01,,,,"Открытие","8000.00","RUB","Tinkoff Black","8000.00","RUB",2024-01-01 08:35:01,2024-01-01 08:47:49,
2024-01-01,"Подарки",,,"Наличные","1000.00","RUB","Наличные","0.00","RUB",2024-01-01 08:43:45,2024-01-01 08:47:17,
2024-01-01,"Корректировка",,,"Кредит наличными","52475.66","RUB","Кредит наличными","0.00","RUB",2024-01-01 08:53:04,2024-01-01 08:54:53,
2024-01-01,"Продукты","PYATEROCHKA 777",,"Кредитка","73.99","RUB","Кредитка","0.00","RUB",2024-01-01 11:22:38,2024-01-02 21:53:10,
2024-01-01,"Сигареты","PYATEROCHKA 777",,"Кредитка","229.00","RUB","Кредитка","0.00","RUB",2024-01-01 11:22:39,2024-01-02 21:53:10,
2024-01-01,"Платежи. комиссии",,"Комиссия: Комиссия за операцию","Кредитка","391.50","RUB","Кредитка","0.00","RUB",2024-01-01 12:25:16,2024-01-02 21:43:11,
2024-01-01,"Платежи. комиссии",,"Комиссия: Комиссия за операцию","Кредитка","333.50","RUB","Кредитка","0.00","RUB",2024-01-01 13:57:52,2024-01-02 21:43:11,
2024-01-01,"Продукты","SPAR 354",,"Кредитка","59.90","RUB","Кредитка","0.00","RUB",2024-01-01 15:51:43,2024-01-02 21:43:11,
2024-01-01,"Продукты","RNAZK 44",,"Кредитка","220.00","RUB","Кредитка","0.00","RUB",2024-01-01 18:40:16,2024-01-02 21:53:10,
2024-01-02,"Продукты","RNAZS239",,"Кредитка","136.00","RUB","Кредитка","0.00","RUB",2024-01-02 01:16:14,2024-03-24 09:49:08,
2024-01-02,"Сигареты","RNAZS239",,"Кредитка","229.00","RUB","Кредитка","0.00","RUB",2024-01-02 01:16:15,2024-03-24 09:49:08,
2024-01-02,"Продукты","PRODUKTY",,"Кредитка","185.00","RUB","Кредитка","0.00","RUB",2024-01-02 08:12:48,2024-01-02 21:43:11,
2024-01-03,"Здоровье и фитнес","APTEKA",,"Кредитка","560.00","RUB","Кредитка","0.00","RUB",2024-01-02 21:52:51,2024-01-03 16:39:57,
2024-01-03,"Проезд","Наталья Б.",,"Tinkoff Black","300.00","RUB","Tinkoff Black","0.00","RUB",2024-01-03 06:48:53,2024-01-06 16:25:31,
2024-01-03,"Сигареты","Produky",,"Кредитка","170.00","RUB","Кредитка","0.00","RUB",2024-01-03 10:40:29,2024-01-06 16:25:31,
2024-01-04,"Кафе и рестораны","SENOR POMIDOR",,"Кредитка","440.00","RUB","Кредитка","0.00","RUB",2024-01-04 12:16:42,2024-01-06 16:26:16,
2024-01-04,,,,"Кредитка","2000.00","RUB","Tinkoff Black","2000.00","RUB",2024-01-04 13:35:29,2024-01-06 16:26:16,
2024-01-04,"Проезд","YandexGo",,"Tinkoff Black","796.00","RUB","Tinkoff Black","0.00","RUB",2024-01-04 13:37:14,2024-01-06 16:26:16,
2024-01-04,,,,"Tinkoff Black","4.00","RUB","Инвесткопилка","4.00","RUB",2024-01-04 13:37:15,2024-01-06 16:26:16,
2024-01-04,"Кафе и рестораны","Restoran Partizan",,"Кредитка","3110.00","RUB","Кредитка","0.00","RUB",2024-01-04 17:01:39,2024-01-06 16:26:16,
2024-01-04,"Сигареты","MAGNIT MM GOLLIVUD",,"Кредитка","288.99","RUB","Кредитка","0.00","RUB",2024-01-04 17:36:46,2024-01-10 03:23:29,
2024-01-05,"Проезд","YandexGo",,"Tinkoff Black","409.00","RUB","Tinkoff Black","0.00","RUB",2024-01-04 19:04:05,2024-01-06 16:26:16,
2024-01-05,,,,"Tinkoff Black","41.00","RUB","Инвесткопилка","41.00","RUB",2024-01-04 19:04:06,2024-01-06 16:26:16,
2024-01-05,"Проезд","YandexGo",,"Tinkoff Black","382.00","RUB","Tinkoff Black","0.00","RUB",2024-01-04 19:49:43,2024-01-06 16:26:16,
2024-01-05,,,,"Tinkoff Black","18.00","RUB","Инвесткопилка","18.00","RUB",2024-01-04 19:49:44,2024-01-06 16:26:16,
2024-01-05,"Проезд","YandexGo",,"Tinkoff Black","511.00","RUB","Tinkoff Black","0.00","RUB",2024-01-05 08:20:31,2024-01-06 16:26:16,
2024-01-05,,,,"Tinkoff Black","39.00","RUB","Инвесткопилка","39.00","RUB",2024-01-05 08:20:32,2024-01-06 16:26:16,
2024-01-05,"Проезд","YandexGo",,"Tinkoff Black","219.00","RUB","Tinkoff Black","0.00","RUB",2024-01-05 13:47:35,2024-01-06 16:26:16,
2024-01-05,,,,"Кредитка","2000.00","RUB","Tinkoff Black","2000.00","RUB",2024-01-05 14:42:27,2024-01-06 16:26:16,
2024-01-05,"Продукты","MAGNIT MM KOSTOPOL",,"Кредитка","74.99","RUB","Кредитка","0.00","RUB",2024-01-05 15:40:24,2024-01-06 16:26:16,
2024-01-05,"Проезд","YandexGo",,"Tinkoff Black","210.00","RUB","Tinkoff Black","0.00","RUB",2024-01-05 15:51:26,2024-01-06 16:26:16,
2024-01-05,,,,"Tinkoff Black","40.00","RUB","Инвесткопилка","40.00","RUB",2024-01-05 15:51:27,2024-01-06 16:26:16,
2024-01-06,"Кафе и рестораны","POS REST FOOD 13",,"Кредитка","294.00","RUB","Кредитка","0.00","RUB",2024-01-06 09:45:21,2024-01-06 16:26:16,
2024-01-06,"Платежи. комиссии","Виктор В.",,"Открытие","242.00","RUB","Открытие","0.00","RUB",2024-01-06 11:25:58,2024-01-06 16:26:16,
2024-01-06,,"LUKOIL.AZS 59128 59U",,"Кредитка","298.00","RUB","Кредитка","0.00","RUB",2024-01-06 17:44:41,2024-03-24 09:49:08,
2024-01-07,,"TATNEFT AZS 578",,"Кредитка","466.00","RUB","Кредитка","0.00","RUB",2024-01-06 21:17:49,2024-03-24 09:49:08,
2024-01-07,,"AZS N578",,"Кредитка","53.00","RUB","Кредитка","0.00","RUB",2024-01-06 21:19:36,2024-03-24 09:49:08,
2024-01-07,,"AZS IRBIS",,"Кредитка","258.00","RUB","Кредитка","0.00","RUB",2024-01-07 05:42:00,2024-03-24 09:49:08,
2024-01-07,"Продукты","SPAR N21",,"Кредитка","237.90","RUB","Кредитка","0.00","RUB",2024-01-07 14:21:51,2024-01-10 03:24:07,
2024-01-08,"Платежи. комиссии","Сотовая связь",,"Открытие","300.00","RUB","Открытие","0.00","RUB",2024-01-08 08:19:05,2024-01-10 03:24:07,
2024-01-08,"Продукты","SPAR N21",,"Кредитка","500.50","RUB","Кредитка","0.00","RUB",2024-01-08 08:59:35,2024-01-10 03:24:07,
2024-01-08,"Сигареты","SPAR N21",,"Кредитка","229.00","RUB","Кредитка","0.00","RUB",2024-01-08 09:09:27,2024-01-10 03:25:32,
2024-01-08,"Проезд","YandexGo",,"Tinkoff Black","263.00","RUB","Tinkoff Black","0.00","RUB",2024-01-08 09:27:49,2024-01-10 03:24:07,
2024-01-08,,,,"Tinkoff Black","37.00","RUB","Инвесткопилка","37.00","RUB",2024-01-08 09:27:50,2024-01-10 03:24:07,
2024-01-08,"Продукты","AUCHAN MESHERSKOE OZER",,"Кредитка","96.89","RUB","Кредитка","0.00","RUB",2024-01-08 15:09:49,2024-01-10 03:24:07,
2024-01-08,"Кафе и рестораны","COFFEELIKE",,"Кредитка","140.00","RUB","Кредитка","0.00","RUB",2024-01-08 15:25:39,2024-01-10 03:25:32,
2024-01-09,"Дом / Ипотека",,"Уплата процентов КД №770439 от 29.05.2020г.","Счет погашения ипотеки","9884.06","RUB","Счет погашения ипотеки","0.00","RUB",2024-01-08 21:00:00,2024-01-10 03:24:07,
2024-01-09,"Дом / Ипотека",,"Погашение основного долга КД №770439 от 29.05.2020г.","Счет погашения ипотеки","3609.94","RUB","Счет погашения ипотеки","0.00","RUB",2024-01-08 21:00:01,2024-01-10 03:24:07,
2024-01-09,"Продукты","SPAR N21",,"Кредитка","59.90","RUB","Кредитка","0.00","RUB",2024-01-09 04:35:28,2024-01-10 03:24:07,
2024-01-09,"Обед","Kafe Stejk-Khaus",,"Кредитка","60.00","RUB","Кредитка","0.00","RUB",2024-01-09 05:43:56,2024-01-10 03:24:07,
2024-01-09,"Обед","Kafe Stejk-Khaus",,"Кредитка","100.00","RUB","Кредитка","0.00","RUB",2024-01-09 05:48:18,2024-01-10 03:24:07,
2024-01-09,"Продукты","SPAR N21",,"Кредитка","292.59","RUB","Кредитка","0.00","RUB",2024-01-09 09:23:04,2024-03-24 09:49:08,
2024-01-09,"Продукты","SPAR 44",,"Кредитка","169.80","RUB","Кредитка","0.00","RUB",2024-01-09 14:07:26,2024-01-10 03:25:32,
2024-01-09,"Сигареты","Obnya",,"Кредитка","150.00","RUB","Кредитка","0.00","RUB",2024-01-09 14:41:38,2024-01-10 03:24:07,
2024-01-09,"Продукты","LENTA 294",,"Кредитка","1772.82","RUB","Кредитка","0.00","RUB",2024-01-09 16:36:23,2024-01-10 03:24:07,
2024-01-10,"Продукты","SPAR N21",,"Кредитка","104.80","RUB","Кредитка","0.00","RUB",2024-01-10 04:40:55,2024-03-24 09:49:08,
2024-01-10,"Обед","Kafe Stejk-Khaus",,"Кредитка","170.00","RUB","Кредитка","0.00","RUB",2024-01-10 06:08:18,2024-01-10 13:16:57,
2024-01-10,,,,"Счет погашения ипотеки","23000.00","RUB","Открытие","23000.00","RUB",2024-01-10 06:57:18,2024-01-10 13:16:57,
2024-01-10,,,,"Открытие","23000.00","RUB","Наличные","23000.00","RUB",2024-01-10 07:00:45,2024-01-11 09:42:43,
2024-01-10,"Сигареты","SPAR 44",,"Кредитка","239.00","RUB","Кредитка","0.00","RUB",2024-01-10 07:16:11,2024-01-11 09:30:47,
2024-01-10,"Подарки","Мама",,"Открытие","420.00","RUB","Открытие","0.00","RUB",2024-01-10 10:05:20,2024-01-10 13:16:57,
2024-01-10,,"Кирилл","Перевод на карту","Tinkoff Black","500.00","RUB","Долги","500.00","RUB",2024-01-10 10:32:25,2024-01-11 09:30:47,
2024-01-10,"Зарплата",,"Перечисление ден. средств по реестру","Открытие","0.00","RUB","Открытие","3565.42","RUB",2024-01-10 11:04:08,2024-01-10 13:16:57,
2024-01-10,"Обед","Kafe Stejk-Khaus",,"Кредитка","120.00","RUB","Кредитка","0.00","RUB",2024-01-10 11:05:09,2024-01-10 13:16:57,
2024-01-10,,,,"Кредитка","3500.00","RUB","Tinkoff Black","3500.00","RUB",2024-01-10 12:17:45,2024-01-10 13:16:57,
2024-01-10,"Одежда","YM*market.yandex",,"Tinkoff Black","763.00","RUB","Tinkoff Black","0.00","RUB",2024-01-10 12:18:52,2024-01-13 10:19:31,
2024-01-10,,,,"Tinkoff Black","37.00","RUB","Инвесткопилка","37.00","RUB",2024-01-10 12:18:53,2024-01-13 10:19:31,
2024-01-10,"Одежда","YM*market.yandex",,"Tinkoff Black","881.00","RUB","Tinkoff Black","0.00","RUB",2024-01-10 12:19:14,2024-01-13 10:19:31,
2024-01-10,,,,"Tinkoff Black","19.00","RUB","Инвесткопилка","19.00","RUB",2024-01-10 12:19:16,2024-01-13 10:19:31,
2024-01-10,"Одежда","YM*market.yandex",,"Tinkoff Black","693.00","RUB","Tinkoff Black","0.00","RUB",2024-01-10 12:19:30,2024-01-14 08:41:55,
2024-01-10,,,,"Tinkoff Black","7.00","RUB","Инвесткопилка","7.00","RUB",2024-01-10 12:19:31,2024-01-14 08:41:55,
2024-01-10,"Одежда","YM*market.yandex",,"Tinkoff Black","273.00","RUB","Tinkoff Black","0.00","RUB",2024-01-10 12:19:41,2024-01-16 10:47:22,
2024-01-10,,,,"Tinkoff Black","27.00","RUB","Инвесткопилка","27.00","RUB",2024-01-10 12:19:43,2024-01-16 10:47:22,
2024-01-10,"Продукты","SPAR N21",,"Кредитка","349.60","RUB","Кредитка","0.00","RUB",2024-01-10 14:46:59,2024-01-11 09:45:39,
2024-01-10,"Кафе и рестораны","Hachapuri Mariko",,"Кредитка","1215.00","RUB","Кредитка","0.00","RUB",2024-01-10 18:43:23,2024-01-11 09:42:43,
2024-01-11,"Продукты","SPAR N21",,"Кредитка","113.90","RUB","Кредитка","0.00","RUB",2024-01-11 04:38:50,2024-03-24 09:49:08,
2024-01-11,"Обед","kafe Steyk-KhausPQR",,"Tinkoff Black","206.00","RUB","Tinkoff Black","0.00","RUB",2024-01-11 05:53:28,2024-01-11 09:42:43,
2024-01-11,,,,"Tinkoff Black","44.00","RUB","Инвесткопилка","44.00","RUB",2024-01-11 05:53:29,2024-01-11 09:42:43,
2024-01-11,"Продукты","SPAR 44",,"Кредитка","39.90","RUB","Кредитка","0.00","RUB",2024-01-11 08:07:08,2024-03-24 09:49:08,
2024-01-11,"Сигареты","SPAR 44",,"Кредитка","229.00","RUB","Кредитка","0.00","RUB",2024-01-11 08:07:09,2024-03-24 09:49:08,
2024-01-11,,"LUKOIL.AZS 52023 52C",,"Кредитка","1500.00","RUB","Кредитка","0.00","RUB",2024-01-11 16:09:57,2024-03-24 09:49:08,
2024-01-11,"Продукты","PEREKRESTOK AKMOLINSKI",,"Кредитка","207.98","RUB","Кредитка","0.00","RUB",2024-01-11 16:50:16,2024-01-11 20:21:11,
2024-01-11,"Платежи. комиссии","Tinkoff Pro",,"Кредитка","199.00","RUB","Кредитка","0.00","RUB",2024-01-11 20:44:17,2024-03-24 09:49:08,
2024-01-12,"Продукты","SPAR N21",,"Кредитка","59.90","RUB","Кредитка","0.00","RUB",2024-01-12 04:42:44,2024-01-13 10:19:31,
2024-01-12,"Обед","Kafe Stejk-Khaus",,"Кредитка","206.00","RUB","Кредитка","0.00","RUB",2024-01-12 06:36:09,2024-01-13 10:19:31,
2024-01-12,"Сигареты","Obnya",,"Кредитка","150.00","RUB","Кредитка","0.00","RUB",2024-01-12 08:07:04,2024-01-13 10:19:31,
2024-01-12,"Обед","Kafe Stejk-Khaus",,"Кредитка","105.00","RUB","Кредитка","0.00","RUB",2024-01-12 08:28:02,2024-01-13 10:19:31,
2024-01-12,"Проезд","YandexGo",,"Tinkoff Black","375.00","RUB","Tinkoff Black","0.00","RUB",2024-01-12 11:39:02,2024-01-13 10:19:31,
2024-01-12,,,,"Tinkoff Black","25.00","RUB","Инвесткопилка","25.00","RUB",2024-01-12 11:39:03,2024-01-13 10:19:31,
2024-01-12,"Подарки","NIZHEGORODSKIJ MASTER",,"Кредитка","750.00","RUB","Кредитка","0.00","RUB",2024-01-12 11:42:26,2024-01-13 10:20:23,
2024-01-12,"Кафе и рестораны","Tarantino",,"Кредитка","595.00","RUB","Кредитка","0.00","RUB",2024-01-12 12:40:35,2024-01-13 10:19:31,
2024-01-12,"Проезд","YandexGo",,"Tinkoff Black","436.00","RUB","Tinkoff Black","0.00","RUB",2024-01-12 13:09:53,2024-01-13 10:19:31,
2024-01-12,,,,"Tinkoff Black","14.00","RUB","Инвесткопилка","14.00","RUB",2024-01-12 13:09:54,2024-01-13 10:19:31,
2024-01-12,"Подарки","Astro Flovers",,"Кредитка","5750.00","RUB","Кредитка","0.00","RUB",2024-01-12 13:12:33,2024-01-13 10:19:31,
2024-01-12,"Подарки","Astro Flovers",,"Кредитка","450.00","RUB","Кредитка","0.00","RUB",2024-01-12 16:02:52,2024-01-13 10:19:31,
2024-01-12,"Продукты","SPAR N21",,"Кредитка","321.90","RUB","Кредитка","0.00","RUB",2024-01-12 16:12:23,2024-01-13 10:20:23,
2024-01-12,"Сигареты","SPAR N21",,"Кредитка","229.00","RUB","Кредитка","0.00","RUB",2024-01-12 16:12:24,2024-01-13 10:20:23,
2024-01-12,"Продукты","PYATEROCHKA 3433",,"Кредитка","102.98","RUB","Кредитка","0.00","RUB",2024-01-12 16:57:43,2024-01-13 10:19:31,
2024-01-12,"Кафе и рестораны","QSR 23027",,"Кредитка","440.00","RUB","Кредитка","0.00","RUB",2024-01-12 20:32:44,2024-01-13 10:19:31,
2024-01-13,"Продукты","SPAR N98",,"Кредитка","437.80","RUB","Кредитка","0.00","RUB",2024-01-13 11:50:19,2024-01-14 08:41:55,
2024-01-13,"Сигареты","BRISTOL EKSPRESS 65",,"Кредитка","213.00","RUB","Кредитка","0.00","RUB",2024-01-13 14:24:50,2024-01-14 08:41:55,
2024-01-13,"Одежда","Skvot Yazina 1",,"Кредитка","3020.00","RUB","Кредитка","0.00","RUB",2024-01-13 14:54:39,2024-01-14 08:41:55,
2024-01-13,"Кафе и рестораны","COFFEELIKE",,"Кредитка","310.00","RUB","Кредитка","0.00","RUB",2024-01-13 15:31:19,2024-01-14 08:41:55,
2024-01-13,"Одежда","FAMILIA 197",,"Кредитка","10175.00","RUB","Кредитка","0.00","RUB",2024-01-13 16:47:27,2024-01-14 08:41:55,
2024-01-13,,,,"Кредитка","2000.00","RUB","Tinkoff Black","2000.00","RUB",2024-01-13 17:48:41,2024-01-14 08:41:55,
2024-01-13,"Проезд","YandexGo",,"Tinkoff Black","600.00","RUB","Tinkoff Black","0.00","RUB",2024-01-13 17:57:41,2024-01-14 08:41:55,
2024-01-13,"Образование","ROBOKASSA",,"Tinkoff Black","149.00","RUB","Tinkoff Black","0.00","RUB",2024-01-13 19:01:28,2024-01-14 08:41:55,
2024-01-13,,,,"Tinkoff Black","1.00","RUB","Инвесткопилка","1.00","RUB",2024-01-13 19:01:29,2024-01-14 08:41:55,
2024-01-14,"Проезд","YandexGo",,"Tinkoff Black","558.00","RUB","Tinkoff Black","0.00","RUB",2024-01-13 23:54:48,2024-01-14 08:41:55,
2024-01-14,,,,"Tinkoff Black","42.00","RUB","Инвесткопилка","42.00","RUB",2024-01-13 23:54:49,2024-01-14 08:41:55,
2024-01-14,"Автомобиль","LUKOIL.AZS 52013 52C",,"Кредитка","1500.00","RUB","Кредитка","0.00","RUB",2024-01-14 08:10:50,2024-01-16 10:47:22,
2024-01-14,"Кафе и рестораны","SAMURAJ",,"Кредитка","800.00","RUB","Кредитка","0.00","RUB",2024-01-14 09:02:06,2024-01-16 10:47:22,
2024-01-14,"Кафе и рестораны","SAMURAJ",,"Кредитка","540.00","RUB","Кредитка","0.00","RUB",2024-01-14 09:02:27,2024-01-16 10:47:22,
2024-01-14,"Продукты","SPAR 84",,"Кредитка","133.90","RUB","Кредитка","0.00","RUB",2024-01-14 09:18:02,2024-03-24 09:49:08,
2024-01-14,"Сигареты","SPAR 84",,"Кредитка","229.00","RUB","Кредитка","0.00","RUB",2024-01-14 09:18:03,2024-03-24 09:49:08,
2024-01-14,,"LUKOIL.AZS 52188 52C",,"Кредитка","1209.00","RUB","Кредитка","0.00","RUB",2024-01-14 12:20:42,2024-03-24 09:49:08,
2024-01-14,"Кафе и рестораны","Fuku Ramen",,"Кредитка","1400.00","RUB","Кредитка","0.00","RUB",2024-01-14 14:02:30,2024-01-16 10:47:22,
2024-01-14,"Продукты","PYATEROCHKA 3433",,"Кредитка","2332.97","RUB","Кредитка","0.00","RUB",2024-01-14 17:15:32,2024-01-16 10:47:22,
2024-01-14,"Проезд","YandexGo",,"Tinkoff Black","479.00","RUB","Tinkoff Black","0.00","RUB",2024-01-14 17:33:58,2024-01-16 10:47:22,
2024-01-14,,,,"Tinkoff Black","21.00","RUB","Инвесткопилка","21.00","RUB",2024-01-14 17:33:59,2024-01-16 10:47:22,
2024-01-14,"Проезд","YandexGo",,"Tinkoff Black","465.00","RUB","Tinkoff Black","0.00","RUB",2024-01-14 20:07:03,2024-01-16 10:47:22,
2024-01-14,,,,"Tinkoff Black","35.00","RUB","Инвесткопилка","35.00","RUB",2024-01-14 20:07:04,2024-01-16 10:47:22,
2024-01-15,"Продукты","SPAR N21",,"Кредитка","69.90","RUB","Кредитка","0.00","RUB",2024-01-15 04:58:23,2024-03-24 09:49:08,
2024-01-15,"Сигареты","SPAR N21",,"Кредитка","229.00","RUB","Кредитка","0.00","RUB",2024-01-15 04:58:24,2024-03-24 09:49:08,
2024-01-15,"Продукты","SPAR 44",,"Кредитка","59.90","RUB","Кредитка","0.00","RUB",2024-01-15 05:20:04,2024-03-24 09:49:08,
2024-01-15,"Обед","Kafe Stejk-Khaus",,"Кредитка","96.00","RUB","Кредитка","0.00","RUB",2024-01-15 05:26:01,2024-01-16 10:47:22,
2024-01-15,"Обед","Kafe Stejk-Khaus",,"Кредитка","95.00","RUB","Кредитка","0.00","RUB",2024-01-15 05:27:21,2024-01-16 10:47:22,
2024-01-15,"Обед","Kafe Stejk-Khaus",,"Кредитка","50.00","RUB","Кредитка","0.00","RUB",2024-01-15 05:39:07,2024-01-16 10:47:22,
2024-01-15,"Подарки","Вячеслав Л.",,"Кредитка","1000.00","RUB","Кредитка","0.00","RUB",2024-01-15 06:29:30,2024-01-16 10:47:22,
2024-01-15,"Платежи. комиссии",,"Комиссия: Плата за оформление рассрочки в Familia","Кредитка","1587.00","RUB","Кредитка","0.00","RUB",2024-01-15 06:31:02,2024-01-16 10:47:22,
2024-01-15,"Кафе и рестораны","KAFE BISTRO",,"Кредитка","770.00","RUB","Кредитка","0.00","RUB",2024-01-15 10:11:22,2024-01-16 10:47:22,
2024-01-15,,"Роман Р.","Роман. соболезную","Кредитка","1001.00","RUB","Кредитка","0.00","RUB",2024-01-15 12:18:24,2024-01-16 10:47:22,
2024-01-15,"Кафе и рестораны","HACHAPURI I VINO",,"Кредитка","1240.00","RUB","Кредитка","0.00","RUB",2024-01-15 17:21:24,2024-01-16 10:47:22,
2024-01-15,"Сигареты","BRISTOL EKSPRESS 65",,"Кредитка","220.00","RUB","Кредитка","0.00","RUB",2024-01-15 17:28:16,2024-01-16 10:47:22,
2024-01-15,"Продукты","AUCHAN MESHERSKOE OZER",,"Кредитка","149.90","RUB","Кредитка","0.00","RUB",2024-01-15 18:11:57,2024-01-16 10:47:22,
2024-01-16,"Обед","Kafe Stejk-Khaus",,"Кредитка","156.00","RUB","Кредитка","0.00","RUB",2024-01-16 05:26:59,2024-01-16 10:47:22,
2024-01-16,"Обед","Kafe Stejk-Khaus",,"Кредитка","60.00","RUB","Кредитка","0.00","RUB",2024-01-16 07:31:21,2024-01-16 10:47:22,
2024-01-16,"Обед","Kafe Stejk-Khaus",,"Кредитка","110.00","RUB","Кредитка","0.00","RUB",2024-01-16 07:32:29,2024-01-16 10:47:22,
2024-01-16,"Сигареты","SPAR 44",,"Кредитка","239.00","RUB","Кредитка","0.00","RUB",2024-01-16 09:27:00,2024-01-16 10:47:22,
2024-01-16,"Кафе и рестораны","Meteor",,"Кредитка","1400.00","RUB","Кредитка","0.00","RUB",2024-01-16 10:15:03,2024-01-16 10:47:22,
2024-01-16,,"Евгений Д.",,"Открытие","0.00","RUB","Открытие","500.00","RUB",2024-01-16 10:46:11,2024-03-24 09:49:08,
2024-01-16,"Кафе и рестораны","QSR 23001",,"Кредитка","369.00","RUB","Кредитка","0.00","RUB",2024-01-16 17:52:51,2024-01-18 15:11:40,
2024-01-17,"Обед","Kafe Stejk-Khaus",,"Кредитка","216.00","RUB","Кредитка","0.00","RUB",2024-01-17 05:40:09,2024-01-18 15:11:40,
2024-01-17,"Кафе и рестораны","Meteor",,"Кредитка","1300.00","RUB","Кредитка","0.00","RUB",2024-01-17 10:12:19,2024-01-18 15:11:40,
2024-01-17,"Сигареты","SPAR 63",,"Кредитка","223.00","RUB","Кредитка","0.00","RUB",2024-01-17 10:17:04,2024-01-18 15:11:40,
2024-01-17,,"Евгений Д.",,"Открытие","0.00","RUB","Открытие","550.00","RUB",2024-01-17 10:26:59,2024-03-24 09:49:08,
2024-01-17,"Кафе и рестораны","IP SHMELEV IV",,"Кредитка","100.00","RUB","Кредитка","0.00","RUB",2024-01-17 11:21:37,2024-01-18 15:11:40,
2024-01-17,"Кафе и рестораны","IP SHMELEV IV",,"Кредитка","100.00","RUB","Кредитка","0.00","RUB",2024-01-17 11:23:45,2024-01-18 15:11:40,
2024-01-17,,,,"Счет погашения ипотеки","10000.00","RUB","Открытие","10000.00","RUB",2024-01-17 18:01:19,2024-01-18 15:11:40,
2024-01-17,"Тратата","Татьяна В.",,"Открытие","5500.00","RUB","Открытие","0.00","RUB",2024-01-17 18:05:41,2024-03-24 09:49:08,
2024-01-17,,"Лукойл",,"Открытие","3560.00","RUB","Открытие","0.00","RUB",2024-01-17 18:55:17,2024-03-24 09:49:08,
2024-01-17,"Продукты","SPAR",,"Открытие","184.90","RUB","Открытие","0.00","RUB",2024-01-17 19:11:51,2024-01-22 09:08:49,
2024-01-18,"Автомобиль","PARKOVKA",,"Кредитка","2100.00","RUB","Кредитка","0.00","RUB",2024-01-17 21:17:28,2024-01-18 15:14:12,
2024-01-18,,,,"Кредитка","2000.00","RUB","Tinkoff Black","2000.00","RUB",2024-01-18 04:11:45,2024-01-18 15:11:40,
2024-01-18,"Проезд","YandexGo",,"Tinkoff Black","510.00","RUB","Tinkoff Black","0.00","RUB",2024-01-18 04:12:22,2024-01-18 15:11:40,
2024-01-18,,,,"Tinkoff Black","40.00","RUB","Инвесткопилка","40.00","RUB",2024-01-18 04:12:23,2024-01-18 15:11:40,
2024-01-18,"Продукты","SPAR N21",,"Кредитка","59.90","RUB","Кредитка","0.00","RUB",2024-01-18 04:44:54,2024-03-24 09:49:08,
2024-01-18,"Сигареты","SPAR N21",,"Кредитка","229.00","RUB","Кредитка","0.00","RUB",2024-01-18 04:44:55,2024-03-24 09:49:08,
2024-01-18,"Обед","Kafe Stejk-Khaus",,"Кредитка","216.00","RUB","Кредитка","0.00","RUB",2024-01-18 05:36:22,2024-01-18 15:11:40,
2024-01-18,"Кафе и рестораны","KAFE BISTRO",,"Кредитка","660.00","RUB","Кредитка","0.00","RUB",2024-01-18 09:56:25,2024-01-18 15:14:12,
2024-01-18,"Аренда ","Яна Рустамовна Ф.",,"Сбербанк","0.00","RUB","Сбербанк","23000.00","RUB",2024-01-18 15:01:46,2024-03-31 06:39:51,
2024-01-18,,"Яна Рустамовна Ф.","Залог","Долги","20000.00","RUB","Сбербанк","20000.00","RUB",2024-01-18 15:01:47,2024-03-31 06:39:51,
2024-01-18,"Проезд","YandexGo",,"Tinkoff Black","495.00","RUB","Tinkoff Black","0.00","RUB",2024-01-18 16:42:00,2024-01-20 07:50:05,
2024-01-18,,,,"Tinkoff Black","5.00","RUB","Инвесткопилка","5.00","RUB",2024-01-18 16:42:01,2024-01-20 07:50:05,
2024-01-18,"Продукты","AUCHAN 063 FANTASTIKA",,"Кредитка","71.99","RUB","Кредитка","0.00","RUB",2024-01-18 16:47:20,2024-01-20 07:50:05,
2024-01-18,"Кафе и рестораны","SAMURAJ",,"Кредитка","860.00","RUB","Кредитка","0.00","RUB",2024-01-18 18:05:45,2024-01-20 07:50:05,
2024-01-18,"Кафе и рестораны","SAMURAJ",,"Кредитка","220.00","RUB","Кредитка","0.00","RUB",2024-01-18 18:06:04,2024-01-20 07:50:05,
2024-01-18,"Сигареты","IP Bashkirov",,"Кредитка","235.00","RUB","Кредитка","0.00","RUB",2024-01-18 19:12:03,2024-01-22 09:08:06,
2024-01-18,"Проезд","YandexGo",,"Tinkoff Black","492.00","RUB","Tinkoff Black","0.00","RUB",2024-01-18 19:49:35,2024-01-20 07:50:05,
2024-01-18,,,,"Tinkoff Black","8.00","RUB","Инвесткопилка","8.00","RUB",2024-01-18 19:49:36,2024-01-20 07:50:05,
2024-01-19,"Обед","Kafe Stejk-Khaus",,"Кредитка","161.00","RUB","Кредитка","0.00","RUB",2024-01-19 05:41:53,2024-01-20 07:50:05,
2024-01-19,"Кафе и рестораны","Mishka",,"Кредитка","620.00","RUB","Кредитка","0.00","RUB",2024-01-19 08:01:18,2024-01-20 07:50:05,
2024-01-19,"Обед","Kafe Stejk-Khaus",,"Кредитка","357.00","RUB","Кредитка","0.00","RUB",2024-01-19 10:29:08,2024-01-20 07:50:05,
2024-01-19,"Продукты","SPAR N21",,"Кредитка","244.80","RUB","Кредитка","0.00","RUB",2024-01-19 13:20:21,2024-03-24 09:49:08,
2024-01-19,"Кафе и рестораны","SAMURAJ",,"Кредитка","300.00","RUB","Кредитка","0.00","RUB",2024-01-19 16:50:01,2024-01-20 07:50:05,
2024-01-19,"Кафе и рестораны","SAMURAJ",,"Кредитка","969.00","RUB","Кредитка","0.00","RUB",2024-01-19 16:50:17,2024-01-20 07:50:05,
2024-01-19,"Проезд","YandexGo",,"Tinkoff Black","378.00","RUB","Tinkoff Black","0.00","RUB",2024-01-19 17:27:34,2024-01-20 07:50:05,
2024-01-19,,,,"Tinkoff Black","22.00","RUB","Инвесткопилка","22.00","RUB",2024-01-19 17:27:35,2024-01-20 07:50:05,
2024-01-19,"Продукты","AUCHAN 063 FANTASTIKA",,"Кредитка","416.98","RUB","Кредитка","0.00","RUB",2024-01-19 17:35:50,2024-01-20 07:50:05,
2024-01-19,,,,"Кредитка","2000.00","RUB","Tinkoff Black","2000.00","RUB",2024-01-19 20:00:24,2024-01-20 07:50:05,
2024-01-19,"Проезд","YandexGo",,"Tinkoff Black","642.00","RUB","Tinkoff Black","0.00","RUB",2024-01-19 20:20:22,2024-01-20 07:50:05,
2024-01-19,,,,"Tinkoff Black","8.00","RUB","Инвесткопилка","8.00","RUB",2024-01-19 20:20:23,2024-01-20 07:50:05,
2024-01-19,"Сигареты","IP Bashkirov",,"Кредитка","235.00","RUB","Кредитка","0.00","RUB",2024-01-19 20:21:22,2024-01-22 09:08:06,
2024-01-19,"Сигареты","IP Bashkirov",,"Кредитка","50.00","RUB","Кредитка","0.00","RUB",2024-01-19 20:22:58,2024-01-22 09:08:06,
2024-01-20,"Платежи. комиссии","Yandex.Plus",,"Tinkoff Black","1.00","RUB","Tinkoff Black","0.00","RUB",2024-01-20 01:29:12,2024-01-20 07:50:05,
2024-01-20,,,,"Tinkoff Black","49.00","RUB","Инвесткопилка","49.00","RUB",2024-01-20 01:29:13,2024-01-20 07:50:05,
2024-01-20,"Проезд","YandexGo",,"Tinkoff Black","292.00","RUB","Tinkoff Black","0.00","RUB",2024-01-20 07:43:29,2024-01-22 09:08:49,
2024-01-20,,,,"Tinkoff Black","8.00","RUB","Инвесткопилка","8.00","RUB",2024-01-20 07:43:31,2024-01-22 09:08:49,
2024-01-20,"Кафе и рестораны","SHOKOLADNITSA_2",,"Кредитка","1010.00","RUB","Кредитка","0.00","RUB",2024-01-20 08:09:42,2024-01-22 09:08:49,
2024-01-20,"Продукты","AUCHAN 063 FANTASTIKA",,"Кредитка","171.99","RUB","Кредитка","0.00","RUB",2024-01-20 08:31:25,2024-01-22 09:08:49,
2024-01-20,,"AUTODOC.RU",,"Кредитка","930.00","RUB","Кредитка","0.00","RUB",2024-01-20 09:46:50,2024-03-24 09:49:08,
2024-01-20,"Кафе и рестораны","Mama Doma",,"Кредитка","1514.00","RUB","Кредитка","0.00","RUB",2024-01-20 12:36:42,2024-01-22 09:08:49,
2024-01-20,"Продукты","PYATEROCHKA 19143",,"Кредитка","109.97","RUB","Кредитка","0.00","RUB",2024-01-20 17:46:36,2024-01-22 09:08:49,
2024-01-20,"Проезд","YandexGo",,"Tinkoff Black","597.00","RUB","Tinkoff Black","0.00","RUB",2024-01-20 20:59:01,2024-01-22 09:08:49,
2024-01-20,,,,"Tinkoff Black","3.00","RUB","Инвесткопилка","3.00","RUB",2024-01-20 20:59:02,2024-01-22 09:08:49,
2024-01-21,"Сигареты","PYATEROCHKA 3433",,"Кредитка","239.00","RUB","Кредитка","0.00","RUB",2024-01-21 05:28:47,2024-03-24 09:49:08,
2024-01-21,"Продукты","SPAR N21",,"Кредитка","224.12","RUB","Кредитка","0.00","RUB",2024-01-21 05:41:31,2024-03-24 09:49:08,
2024-01-21,"Кафе и рестораны","BAKLADZHAN",,"Кредитка","1855.00","RUB","Кредитка","0.00","RUB",2024-01-21 10:06:45,2024-01-22 09:08:49,
2024-01-21,,,,"Кредитка","2000.00","RUB","Tinkoff Black","2000.00","RUB",2024-01-21 11:41:48,2024-01-22 09:08:49,
2024-01-21,"Проезд","YandexGo",,"Tinkoff Black","469.00","RUB","Tinkoff Black","0.00","RUB",2024-01-21 12:00:41,2024-01-22 09:08:49,
2024-01-21,,,,"Tinkoff Black","31.00","RUB","Инвесткопилка","31.00","RUB",2024-01-21 12:00:42,2024-01-22 09:08:49,
2024-01-21,"Продукты","SPAR N98",,"Кредитка","395.71","RUB","Кредитка","0.00","RUB",2024-01-21 13:19:13,2024-01-22 09:08:49,
2024-01-21,"Кафе и рестораны","SHOKOLADNITSA_3",,"Кредитка","1350.00","RUB","Кредитка","0.00","RUB",2024-01-21 17:43:17,2024-01-22 09:08:49,
2024-01-21,"Проезд","YandexGo",,"Tinkoff Black","472.00","RUB","Tinkoff Black","0.00","RUB",2024-01-21 18:29:16,2024-01-22 09:08:49,
2024-01-21,,,,"Tinkoff Black","28.00","RUB","Инвесткопилка","28.00","RUB",2024-01-21 18:29:17,2024-01-22 09:08:49,
2024-01-21,"Сигареты","IP Bashkirov",,"Кредитка","235.00","RUB","Кредитка","0.00","RUB",2024-01-21 18:30:04,2024-01-22 09:08:49,
2024-01-22,"Обед","Kafe Stejk-Khaus",,"Кредитка","216.00","RUB","Кредитка","0.00","RUB",2024-01-22 05:28:50,2024-01-22 09:08:49,
2024-01-22,"Кафе и рестораны","KAFE BISTRO",,"Кредитка","690.00","RUB","Кредитка","0.00","RUB",2024-01-22 09:44:19,2024-01-22 12:11:39,
2024-01-22,"Кафе и рестораны","COFFEE LIKE",,"Кредитка","650.00","RUB","Кредитка","0.00","RUB",2024-01-22 12:18:20,2024-01-25 09:38:40,
2024-01-22,"Сигареты","Obnya",,"Кредитка","159.00","RUB","Кредитка","0.00","RUB",2024-01-22 15:33:12,2024-01-25 09:38:40,
2024-01-22,"Кафе и рестораны","Sp_Impuls 1",,"Кредитка","3450.00","RUB","Кредитка","0.00","RUB",2024-01-22 16:34:09,2024-01-25 09:38:40,
2024-01-22,,"Евгений Д.",,"Открытие","0.00","RUB","Открытие","1700.00","RUB",2024-01-22 16:34:35,2024-03-24 09:49:08,
2024-01-22,,"Евгений Д.",,"Открытие","0.00","RUB","Открытие","1700.00","RUB",2024-01-22 16:35:37,2024-03-24 09:49:08,
2024-01-22,,"Роман Р.",,"Открытие","1700.00","RUB","Открытие","0.00","RUB",2024-01-22 16:38:54,2024-03-24 09:49:08,
2024-01-22,"Кафе и рестораны","Роман Р.",,"Открытие","800.00","RUB","Открытие","0.00","RUB",2024-01-22 17:52:10,2024-03-24 09:49:08,
2024-01-23,"Продукты","SPAR N21",,"Кредитка","104.80","RUB","Кредитка","0.00","RUB",2024-01-23 04:35:15,2024-03-24 09:49:08,
2024-01-23,"Обед","Kafe Stejk-Khaus",,"Кредитка","261.00","RUB","Кредитка","0.00","RUB",2024-01-23 05:20:19,2024-01-25 09:38:40,
2024-01-23,,"Евгений Д.",,"Открытие","0.00","RUB","Открытие","700.00","RUB",2024-01-23 10:38:55,2024-03-24 09:49:08,
2024-01-23,"Сигареты","Obnya",,"Кредитка","269.00","RUB","Кредитка","0.00","RUB",2024-01-23 15:35:21,2024-01-25 09:38:40,
2024-01-23,"Кафе и рестораны","Georgiano",,"Кредитка","1540.00","RUB","Кредитка","0.00","RUB",2024-01-23 16:20:06,2024-01-25 09:38:40,
2024-01-23,"Кафе и рестораны","Роман Р.",,"Открытие","1700.00","RUB","Открытие","0.00","RUB",2024-01-23 19:29:51,2024-03-24 09:49:08,
2024-01-23,"Проезд","YandexGo",,"Tinkoff Black","261.00","RUB","Tinkoff Black","0.00","RUB",2024-01-23 19:31:44,2024-01-25 09:38:40,
2024-01-23,,,,"Tinkoff Black","39.00","RUB","Инвесткопилка","39.00","RUB",2024-01-23 19:31:45,2024-01-25 09:38:40,
2024-01-24,"Продукты","SPAR N21",,"Кредитка","114.80","RUB","Кредитка","0.00","RUB",2024-01-24 04:37:08,2024-03-24 09:49:08,
2024-01-24,"Обед","Kafe Stejk-Khaus",,"Кредитка","235.00","RUB","Кредитка","0.00","RUB",2024-01-24 05:19:17,2024-01-25 09:38:40,
2024-01-24,,,,"Открытие","400.00","RUB","Наличные","400.00","RUB",2024-01-24 06:50:26,2024-01-25 09:38:40,
2024-01-24,,,,"Открытие","400.00","RUB","Наличные","400.00","RUB",2024-01-24 06:51:16,2024-01-25 09:38:40,
2024-01-24,"Кафе и рестораны","KAFE BISTRO",,"Кредитка","720.00","RUB","Кредитка","0.00","RUB",2024-01-24 11:06:33,2024-01-25 09:38:40,
2024-01-24,"Обед","Kafe Stejk-Khaus",,"Кредитка","130.00","RUB","Кредитка","0.00","RUB",2024-01-24 12:47:14,2024-01-25 09:38:40,
2024-01-24,"Сигареты","Obnya",,"Кредитка","269.00","RUB","Кредитка","0.00","RUB",2024-01-24 14:43:40,2024-01-25 09:38:40,
2024-01-24,"Проезд","YandexGo",,"Tinkoff Black","369.00","RUB","Tinkoff Black","0.00","RUB",2024-01-24 16:14:58,2024-01-25 09:38:40,
2024-01-24,,,,"Tinkoff Black","31.00","RUB","Инвесткопилка","31.00","RUB",2024-01-24 16:14:59,2024-01-25 09:38:40,
2024-01-24,"Кафе и рестораны","Meteor",,"Кредитка","1490.00","RUB","Кредитка","0.00","RUB",2024-01-24 17:27:11,2024-01-25 09:38:40,
2024-01-24,"Одежда","HENDERSON-233",,"Кредитка","21601.00","RUB","Кредитка","0.00","RUB",2024-01-24 18:16:46,2024-01-25 09:38:40,
2024-01-24,"Продукты","Перекресток",,"Открытие","162.98","RUB","Открытие","0.00","RUB",2024-01-24 18:24:46,2024-01-29 03:57:06,
2024-01-24,"Платежи. комиссии",,"Комиссия: Проценты по кредиту","Кредитка","434.99","RUB","Кредитка","0.00","RUB",2024-01-24 19:39:16,2024-03-24 09:49:08,
2024-01-24,,"LUKOIL.AZS 52023 52C",,"Кредитка","2508.00","RUB","Кредитка","0.00","RUB",2024-01-24 20:14:08,2024-03-24 09:49:08,
2024-01-24,"Проезд","YandexGo",,"Tinkoff Black","597.00","RUB","Tinkoff Black","0.00","RUB",2024-01-24 20:46:01,2024-01-25 09:38:40,
2024-01-24,,,,"Tinkoff Black","3.00","RUB","Инвесткопилка","3.00","RUB",2024-01-24 20:46:02,2024-01-25 09:38:40,
2024-01-24,"Платежи. комиссии",,"Комиссия: Плата за Программу страховой защиты","Кредитка","1390.98","RUB","Кредитка","0.00","RUB",2024-01-24 20:56:00,2024-01-25 09:38:40,
2024-01-25,,,,"Открытие","13500.00","RUB","Счет погашения ипотеки","13500.00","RUB",2024-01-24 21:00:00,2024-01-27 03:44:23,
2024-01-25,"Продукты","SPAR N21",,"Кредитка","59.90","RUB","Кредитка","0.00","RUB",2024-01-25 04:32:44,2024-03-24 09:49:08,
2024-01-25,"Обед","Kafe Stejk-Khaus",,"Кредитка","216.00","RUB","Кредитка","0.00","RUB",2024-01-25 05:37:10,2024-01-25 09:38:40,
2024-01-25,"Сигареты","SPAR 63",,"Кредитка","299.00","RUB","Кредитка","0.00","RUB",2024-01-25 09:34:11,2024-01-27 03:44:23,
2024-01-25,"Кэшбэк",,"Компенсация покупки","Кредитка","0.00","RUB","Кредитка","216.00","RUB",2024-01-25 09:39:15,2024-01-27 03:44:23,
2024-01-25,"Кэшбэк",,"Компенсация покупки","Кредитка","0.00","RUB","Кредитка","720.00","RUB",2024-01-25 09:39:20,2024-01-27 03:44:23,
2024-01-25,"Кэшбэк",,"Компенсация покупки","Кредитка","0.00","RUB","Кредитка","235.00","RUB",2024-01-25 09:39:24,2024-01-27 03:44:23,
2024-01-25,"Кафе и рестораны","Meteor",,"Кредитка","740.00","RUB","Кредитка","0.00","RUB",2024-01-25 10:09:48,2024-01-27 03:44:23,
2024-01-25,"Зарплата",,"Перечисление ден. средств по реестру","Открытие","0.00","RUB","Открытие","27481.48","RUB",2024-01-25 11:03:47,2024-01-27 03:44:23,
2024-01-25,"Обед","KAFE STEJK-KHAUS",,"Открытие","95.00","RUB","Открытие","0.00","RUB",2024-01-25 12:46:04,2024-01-29 03:57:06,
2024-01-25,,,,"Кредитка","2000.00","RUB","Tinkoff Black","2000.00","RUB",2024-01-25 14:36:15,2024-01-29 03:57:06,
2024-01-25,,,,"Счет погашения ипотеки","18556.00","RUB","Открытие","18556.00","RUB",2024-01-25 14:36:56,2024-01-27 03:44:23,
2024-01-25,,,,"Открытие","51400.00","RUB","Tinkoff Black","51400.00","RUB",2024-01-25 14:37:39,2024-01-27 03:44:23,
2024-01-25,,,,"Сбербанк","43200.00","RUB","Tinkoff Black","43200.00","RUB",2024-01-25 14:38:32,2024-01-27 03:44:23,
2024-01-25,,,,"Tinkoff Black","97000.00","RUB","Кредитка","97000.00","RUB",2024-01-25 14:39:50,2024-01-29 03:57:06,
2024-01-25,,,,"Кредитка","40000.00","RUB","Tinkoff Black","40000.00","RUB",2024-01-25 14:41:37,2024-01-29 03:57:06,
2024-01-25,,,"Перевод СБП A40251442507513F0000030011170301 от МАКСИМ СТАНИСЛАВОВИЧ Б 79922220690 Тинькофф Банк","Tinkoff Black","14500.00","RUB","Открытие","14500.00","RUB",2024-01-25 14:42:53,2024-01-27 03:44:23,
2024-01-25,,,,"Tinkoff Black","20000.00","RUB","Сбербанк","20000.00","RUB",2024-01-25 14:43:09,2024-01-27 03:44:23,
2024-01-25,,"220024******8580","Перевод на карту","Tinkoff Black","200.00","RUB","Tinkoff Black","0.00","RUB",2024-01-25 15:00:21,2024-03-24 09:49:08,
2024-01-25,"Проезд","YandexGo",,"Tinkoff Black","708.00","RUB","Tinkoff Black","0.00","RUB",2024-01-25 15:20:49,2024-01-27 03:44:23,
2024-01-25,,,,"Tinkoff Black","42.00","RUB","Инвесткопилка","42.00","RUB",2024-01-25 15:20:50,2024-01-27 03:44:23,
2024-01-25,"Техника","OZON",,"Кредитка","14417.00","RUB","Кредитка","0.00","RUB",2024-01-25 15:41:51,2024-03-24 09:49:08,
2024-01-25,"Кафе и рестораны","Khachapuriya Pl.Sovets",,"Кредитка","870.00","RUB","Кредитка","0.00","RUB",2024-01-25 15:57:31,2024-01-27 03:44:23,
2024-01-25,"Проезд","YandexGo",,"Tinkoff Black","441.00","RUB","Tinkoff Black","0.00","RUB",2024-01-25 16:28:44,2024-01-27 03:44:23,
2024-01-25,,,,"Tinkoff Black","9.00","RUB","Инвесткопилка","9.00","RUB",2024-01-25 16:28:45,2024-01-27 03:44:23,
2024-01-25,"Проезд","YandexGo",,"Tinkoff Black","373.00","RUB","Tinkoff Black","0.00","RUB",2024-01-25 17:02:57,2024-01-27 03:44:23,
2024-01-25,,,,"Tinkoff Black","27.00","RUB","Инвесткопилка","27.00","RUB",2024-01-25 17:02:58,2024-01-27 03:44:23,
2024-01-25,"Дом / Съем жилья ",,,"Наличные","23000.00","RUB","Наличные","0.00","RUB",2024-01-29 19:09:21,2024-01-30 16:37:11,
2024-01-26,"Сигареты","SPAR N21",,"Кредитка","298.90","RUB","Кредитка","0.00","RUB",2024-01-26 04:31:43,2024-01-27 03:44:23,
2024-01-26,,,,"Кредитка","5000.00","RUB","Tinkoff Black","5000.00","RUB",2024-01-26 05:13:20,2024-01-29 03:57:06,
2024-01-26,,"MD.*NALOG",,"Tinkoff Black","5000.00","RUB","Tinkoff Black","0.00","RUB",2024-01-26 05:13:45,2024-03-24 11:17:17,
2024-01-26,"Обед","Kafe Stejk-Khaus",,"Кредитка","132.00","RUB","Кредитка","0.00","RUB",2024-01-26 05:26:12,2024-01-27 03:44:23,
2024-01-26,"Кафе и рестораны","MYASOROOB",,"Кредитка","910.00","RUB","Кредитка","0.00","RUB",2024-01-26 08:08:53,2024-01-27 03:44:23,
2024-01-26,,"BIG BRO",,"Кредитка","1500.00","RUB","Кредитка","0.00","RUB",2024-01-26 12:59:28,2024-03-24 11:17:17,
2024-01-26,"Тратата","220030******9790","Перевод на карту","Tinkoff Black","2976.00","RUB","Tinkoff Black","0.00","RUB",2024-01-26 13:14:20,2024-01-27 03:46:55,
2024-01-26,"Проезд","YandexGo",,"Tinkoff Black","489.00","RUB","Tinkoff Black","0.00","RUB",2024-01-26 13:43:57,2024-01-27 03:44:23,
2024-01-26,,,,"Tinkoff Black","11.00","RUB","Инвесткопилка","11.00","RUB",2024-01-26 13:43:58,2024-01-27 03:44:23,
2024-01-26,"Продукты","PYATEROCHKA 12766",,"Кредитка","252.96","RUB","Кредитка","0.00","RUB",2024-01-26 15:08:04,2024-01-29 03:57:06,
2024-01-26,"Сигареты","PYATEROCHKA 12766",,"Кредитка","229.00","RUB","Кредитка","0.00","RUB",2024-01-26 15:08:05,2024-01-29 03:57:06,
2024-01-27,,,"Перевод СБП B40270538125360F0000120011170301 от МАКСИМ СТАНИСЛАВОВИЧ Б 79922220690 Тинькофф Банк","Кредитка","2700.00","RUB","Открытие","2700.00","RUB",2024-01-27 05:38:16,2024-01-29 03:57:06,
2024-01-27,,,,"Кредитка","2500.00","RUB","Tinkoff Black","2500.00","RUB",2024-01-27 06:07:34,2024-01-29 03:57:06,
2024-01-27,,,"Пополнение Инвесткопилки","Tinkoff Black","700.00","RUB","Инвесткопилка","700.00","RUB",2024-01-27 06:08:39,2024-01-29 03:57:06,
2024-01-27,"Продукты","Yandex.Market15",,"Tinkoff Black","1150.00","RUB","Tinkoff Black","0.00","RUB",2024-01-27 12:43:13,2024-01-29 03:57:06,
2024-01-27,"Кэшбэк",,"Кэшбэк за обычные покупки","Tinkoff Black","0.00","RUB","Tinkoff Black","695.00","RUB",2024-01-27 19:43:54,2024-01-29 03:57:06,
2024-01-27,,,,"Tinkoff Black","695.00","RUB","Инвесткопилка","695.00","RUB",2024-01-27 19:46:07,2024-01-29 03:57:06,
2024-01-28,"Образование","WildberriesSBP",,"Tinkoff Black","384.00","RUB","Tinkoff Black","0.00","RUB",2024-01-28 03:58:20,2024-01-29 19:06:13,
2024-01-28,,,,"Tinkoff Black","16.00","RUB","Инвесткопилка","16.00","RUB",2024-01-28 03:58:21,2024-01-29 03:57:06,
2024-01-28,"Продукты","PYATEROCHKA 3433",,"Кредитка","228.67","RUB","Кредитка","0.00","RUB",2024-01-28 09:32:31,2024-01-29 19:06:13,
2024-01-28,"Сигареты","PYATEROCHKA 3433",,"Кредитка","229.00","RUB","Кредитка","0.00","RUB",2024-01-28 09:32:32,2024-01-29 19:06:13,
2024-01-28,"Подарки","Astro Flovers",,"Кредитка","500.00","RUB","Кредитка","0.00","RUB",2024-01-28 10:06:58,2024-01-29 03:57:06,
2024-01-29,"Продукты","SPAR N21",,"Кредитка","59.90","RUB","Кредитка","0.00","RUB",2024-01-29 04:34:59,2024-03-24 09:49:08,
2024-01-29,,,,"Открытие","2700.00","RUB","Наличные","2700.00","RUB",2024-01-29 05:27:44,2024-01-30 16:38:02,
2024-01-29,"Обед","Kafe Stejk-Khaus",,"Кредитка","96.00","RUB","Кредитка","0.00","RUB",2024-01-29 05:38:43,2024-01-29 19:08:19,
2024-01-29,"Сигареты","SPAR 44",,"Кредитка","239.00","RUB","Кредитка","0.00","RUB",2024-01-29 07:37:01,2024-01-29 19:08:19,
2024-01-29,"Продукты","SPAR N21",,"Кредитка","54.90","RUB","Кредитка","0.00","RUB",2024-01-29 10:12:59,2024-01-30 16:37:11,
2024-01-29,"Подарки","Наталия П.",,"Кредитка","1274.00","RUB","Кредитка","0.00","RUB",2024-01-29 11:49:49,2024-01-30 16:37:11,
2024-01-30,"Продукты","SPAR N21",,"Кредитка","69.90","RUB","Кредитка","0.00","RUB",2024-01-30 04:35:03,2024-03-24 09:49:08,
2024-01-30,"Сигареты","SPAR N21",,"Кредитка","229.00","RUB","Кредитка","0.00","RUB",2024-01-30 04:35:04,2024-03-24 09:49:08,
2024-01-30,"Обед","Kafe Stejk-Khaus",,"Кредитка","96.00","RUB","Кредитка","0.00","RUB",2024-01-30 06:24:40,2024-01-30 16:38:02,
2024-01-30,"Обед","Kafe Stejk-Khaus",,"Кредитка","50.00","RUB","Кредитка","0.00","RUB",2024-01-30 06:28:32,2024-01-30 16:38:02,
2024-01-30,"Кафе и рестораны","IP SHMELEV IV",,"Кредитка","100.00","RUB","Кредитка","0.00","RUB",2024-01-30 09:44:41,2024-01-30 16:38:02,
2024-01-30,"Обед","Kafe Stejk-Khaus",,"Кредитка","45.00","RUB","Кредитка","0.00","RUB",2024-01-30 11:27:19,2024-01-30 16:38:02,
2024-01-30,,,,"Кредитка","2000.00","RUB","Tinkoff Black","2000.00","RUB",2024-01-30 14:45:29,2024-01-30 16:38:02,
2024-01-30,"Продукты","Yandex.Market15",,"Tinkoff Black","956.00","RUB","Tinkoff Black","0.00","RUB",2024-01-30 15:16:01,2024-01-30 16:38:02,
2024-01-30,,,,"Tinkoff Black","44.00","RUB","Инвесткопилка","44.00","RUB",2024-01-30 15:16:02,2024-01-30 16:38:02,
2024-01-30,,,,"Кредитка","2000.00","RUB","Tinkoff Black","2000.00","RUB",2024-01-30 16:36:24,2024-01-30 16:38:02,
2024-01-30,,,,"Tinkoff Black","1643.12","RUB","Tinkoff Black","0.00","RUB",2024-01-30 16:38:00,2024-03-24 09:49:08,
2024-01-30,"Сигареты","Obnya",,"Кредитка","269.00","RUB","Кредитка","0.00","RUB",2024-01-30 17:00:55,2024-01-30 21:32:01,
2024-01-31,"Дом / Ипотека",,"Уплата процентов КД №770439 от 29.05.2020г.","Счет погашения ипотеки","9839.04","RUB","Счет погашения ипотеки","0.00","RUB",2024-01-30 21:00:00,2024-02-05 16:17:47,
2024-01-31,"Дом / Ипотека",,"Погашение основного долга КД №770439 от 29.05.2020г.","Счет погашения ипотеки","3654.96","RUB","Счет погашения ипотеки","0.00","RUB",2024-01-30 21:00:01,2024-02-05 16:17:47,
2024-01-31,"Продукты","SPAR N21",,"Кредитка","104.80","RUB","Кредитка","0.00","RUB",2024-01-31 04:20:24,2024-01-31 18:20:28,
2024-01-31,"Кафе и рестораны","Meteor",,"Кредитка","1220.00","RUB","Кредитка","0.00","RUB",2024-01-31 10:18:05,2024-01-31 18:20:28,
2024-01-31,,"Евгений Д.",,"Открытие","0.00","RUB","Открытие","550.00","RUB",2024-01-31 10:36:34,2024-03-24 09:49:08,
2024-01-31,,"Magazin Zakazov",,"Кредитка","2430.00","RUB","Кредитка","0.00","RUB",2024-01-31 10:52:31,2024-03-24 11:17:17,
2024-01-31,"Продукты","PYATEROCHKA 3433",,"Кредитка","130.97","RUB","Кредитка","0.00","RUB",2024-01-31 16:08:57,2024-02-05 16:17:17,
2024-01-31,"Сигареты","PYATEROCHKA 3433",,"Кредитка","229.00","RUB","Кредитка","0.00","RUB",2024-01-31 16:08:58,2024-02-05 16:17:17,
2024-02-01,"Продукты","SPAR N21",,"Кредитка","59.90","RUB","Кредитка","0.00","RUB",2024-02-01 04:36:27,2024-02-05 16:17:54,
2024-02-01,"Обед","Kafe Stejk-Khaus",,"Кредитка","132.00","RUB","Кредитка","0.00","RUB",2024-02-01 05:29:37,2024-02-05 16:17:54,
2024-02-01,"Кафе и рестораны","Meteor",,"Кредитка","650.00","RUB","Кредитка","0.00","RUB",2024-02-01 09:57:00,2024-02-05 16:17:54,
2024-02-01,"Обед","Kafe Stejk-Khaus",,"Кредитка","190.00","RUB","Кредитка","0.00","RUB",2024-02-01 12:29:50,2024-02-05 16:17:54,
2024-02-01,"Сигареты","Obnya",,"Кредитка","239.00","RUB","Кредитка","0.00","RUB",2024-02-01 14:50:20,2024-02-05 16:17:54,
2024-02-01,"Продукты","LOKER-11102",,"Кредитка","2048.00","RUB","Кредитка","0.00","RUB",2024-02-01 15:50:03,2024-02-05 16:17:54,
2024-02-01,"Продукты","PYATEROCHKA 3433",,"Кредитка","83.99","RUB","Кредитка","0.00","RUB",2024-02-01 15:53:20,2024-02-05 16:17:54,
2024-02-01,,"SDEK",,"Кредитка","901.00","RUB","Кредитка","0.00","RUB",2024-02-01 16:12:53,2024-03-24 11:17:17,
2024-02-01,"Кафе и рестораны","SAMURAJ",,"Кредитка","150.00","RUB","Кредитка","0.00","RUB",2024-02-01 17:15:02,2024-02-05 16:17:54,
2024-02-01,"Кафе и рестораны","SAMURAJ",,"Кредитка","870.00","RUB","Кредитка","0.00","RUB",2024-02-01 17:15:13,2024-02-05 16:17:54,
2024-02-02,"Продукты","SPAR N21",,"Кредитка","59.90","RUB","Кредитка","0.00","RUB",2024-02-02 04:38:54,2024-02-05 16:17:54,
2024-02-02,"Обед","Kafe Stejk-Khaus",,"Кредитка","161.00","RUB","Кредитка","0.00","RUB",2024-02-02 05:49:41,2024-02-05 16:17:54,
2024-02-02,"Обед","STOLOVAYA 1",,"Кредитка","356.00","RUB","Кредитка","0.00","RUB",2024-02-02 08:27:09,2024-02-05 16:17:54,
2024-02-02,"Проезд","YandexGo",,"Tinkoff Black","231.00","RUB","Tinkoff Black","0.00","RUB",2024-02-02 12:48:09,2024-02-05 16:17:47,
2024-02-02,,,,"Tinkoff Black","19.00","RUB","Инвесткопилка","19.00","RUB",2024-02-02 12:48:10,2024-02-05 16:17:47,
2024-02-02,"Продукты","SPAR 50",,"Кредитка","287.90","RUB","Кредитка","0.00","RUB",2024-02-02 13:30:46,2024-03-24 09:49:08,
2024-02-02,"Сигареты","SPAR 50",,"Кредитка","229.00","RUB","Кредитка","0.00","RUB",2024-02-02 13:30:47,2024-03-24 09:49:08,
2024-02-02,"Проезд","YandexGo",,"Tinkoff Black","302.00","RUB","Tinkoff Black","0.00","RUB",2024-02-02 13:58:08,2024-02-05 16:17:47,
2024-02-02,,,,"Tinkoff Black","48.00","RUB","Инвесткопилка","48.00","RUB",2024-02-02 13:58:09,2024-02-05 16:17:47,
2024-02-02,"Продукты","MAGNIT MM BESPECHNYY",,"Кредитка","137.97","RUB","Кредитка","0.00","RUB",2024-02-02 16:01:29,2024-02-05 16:17:54,
2024-02-03,"Продукты","SPAR 85",,"Кредитка","277.90","RUB","Кредитка","0.00","RUB",2024-02-03 09:24:36,2024-02-05 16:17:54,
2024-02-03,"Кафе и рестораны","KORCHMA KHUTOROK",,"Кредитка","1410.00","RUB","Кредитка","0.00","RUB",2024-02-03 14:53:50,2024-02-05 16:17:54,
2024-02-03,"Продукты","PYATEROCHKA 3433",,"Кредитка","179.95","RUB","Кредитка","0.00","RUB",2024-02-03 17:08:43,2024-03-24 09:49:08,
2024-02-03,"Сигареты","PYATEROCHKA 3433",,"Кредитка","229.00","RUB","Кредитка","0.00","RUB",2024-02-03 17:08:44,2024-03-24 09:49:08,
2024-02-04,"Продукты","SPAR N98",,"Кредитка","337.67","RUB","Кредитка","0.00","RUB",2024-02-04 10:09:22,2024-03-24 09:49:08,
2024-02-04,"Сигареты","SPAR N98",,"Кредитка","229.00","RUB","Кредитка","0.00","RUB",2024-02-04 10:09:23,2024-03-24 09:49:08,
2024-02-04,"Платежи. комиссии","Виктор В.",,"Открытие","278.00","RUB","Открытие","0.00","RUB",2024-02-04 11:30:46,2024-02-05 16:17:47,
2024-02-04,"Проезд","YandexGo",,"Tinkoff Black","593.00","RUB","Tinkoff Black","0.00","RUB",2024-02-04 11:57:41,2024-02-05 16:17:47,
2024-02-04,,,,"Tinkoff Black","7.00","RUB","Инвесткопилка","7.00","RUB",2024-02-04 11:57:42,2024-02-05 16:17:47,
2024-02-04,"Продукты","SPAR N21",,"Кредитка","2005.50","RUB","Кредитка","0.00","RUB",2024-02-04 14:25:17,2024-02-05 16:17:54,
2024-02-05,"Продукты","SPAR N21",,"Кредитка","29.90","RUB","Кредитка","0.00","RUB",2024-02-05 04:41:48,2024-02-05 16:17:54,
2024-02-05,"Обед","Kafe Stejk-Khaus",,"Кредитка","156.00","RUB","Кредитка","0.00","RUB",2024-02-05 05:39:03,2024-02-05 16:17:54,
2024-02-05,"Кафе и рестораны","KAFE BISTRO",,"Кредитка","720.00","RUB","Кредитка","0.00","RUB",2024-02-05 10:10:21,2024-02-05 16:17:54,
2024-02-05,"Обед","kafe Steyk-KhausPQR",,"Tinkoff Black","215.00","RUB","Tinkoff Black","0.00","RUB",2024-02-05 12:43:50,2024-02-05 16:17:47,
2024-02-05,,,,"Tinkoff Black","35.00","RUB","Инвесткопилка","35.00","RUB",2024-02-05 12:43:51,2024-02-05 16:17:47,
2024-02-05,"Сигареты","Obnya",,"Кредитка","235.00","RUB","Кредитка","0.00","RUB",2024-02-05 17:21:46,2024-02-06 06:59:39,
2024-02-05,"Кафе и рестораны","SAMURAJ",,"Кредитка","150.00","RUB","Кредитка","0.00","RUB",2024-02-05 18:12:06,2024-02-06 06:59:39,
2024-02-05,"Кафе и рестораны","SAMURAJ",,"Кредитка","460.00","RUB","Кредитка","0.00","RUB",2024-02-05 18:12:17,2024-02-06 06:59:39,
2024-02-06,"Продукты","SPAR N21",,"Кредитка","59.90","RUB","Кредитка","0.00","RUB",2024-02-06 04:30:57,2024-02-06 06:59:39,
2024-02-06,,,"Перевод СБП B4037054457075030000100011180304 от МАКСИМ СТАНИСЛАВОВИЧ Б 79922220690 Тинькофф Банк","Кредитка","2000.00","RUB","Открытие","2000.00","RUB",2024-02-06 05:45:00,2024-02-06 06:59:39,
2024-02-06,,,,"Открытие","400.00","RUB","Наличные","400.00","RUB",2024-02-06 05:47:28,2024-02-10 17:04:29,
2024-02-06,,,,"Открытие","400.00","RUB","Наличные","400.00","RUB",2024-02-06 05:48:17,2024-02-10 17:04:29,
2024-02-06,"Обед","KAFE STEJK-KHAUS",,"Открытие","196.00","RUB","Открытие","0.00","RUB",2024-02-06 05:50:03,2024-02-10 17:04:29,
2024-02-06,"Кафе и рестораны","KAFE BISTRO",,"Кредитка","935.00","RUB","Кредитка","0.00","RUB",2024-02-06 09:59:55,2024-02-06 14:07:16,
2024-02-06,"Кафе и рестораны","IP SHMELEV IV",,"Кредитка","100.00","RUB","Кредитка","0.00","RUB",2024-02-06 13:41:33,2024-02-06 14:07:16,
2024-02-06,"Кафе и рестораны","IP SHMELEV IV",,"Кредитка","76.00","RUB","Кредитка","0.00","RUB",2024-02-06 13:44:25,2024-02-06 14:07:16,
2024-02-06,"Сигареты","Obnya",,"Кредитка","235.00","RUB","Кредитка","0.00","RUB",2024-02-06 17:06:44,2024-02-10 17:04:29,
2024-02-06,"Кафе и рестораны","Meteor",,"Кредитка","1590.00","RUB","Кредитка","0.00","RUB",2024-02-06 17:54:44,2024-02-10 17:04:29,
2024-02-07,"Продукты","SPAR N21",,"Кредитка","59.90","RUB","Кредитка","0.00","RUB",2024-02-07 04:40:15,2024-02-10 17:04:29,
2024-02-07,"Обед","Kafe Stejk-Khaus",,"Кредитка","196.00","RUB","Кредитка","0.00","RUB",2024-02-07 05:57:46,2024-02-10 17:04:29,
2024-02-07,"Кафе и рестораны","Khachapuriya B. Pokr.6",,"Кредитка","420.00","RUB","Кредитка","0.00","RUB",2024-02-07 09:59:55,2024-02-10 17:04:29,
2024-02-07,"Обед","Kafe Stejk-Khaus",,"Кредитка","130.00","RUB","Кредитка","0.00","RUB",2024-02-07 11:34:35,2024-02-10 17:04:29,
2024-02-07,"Сигареты","Obnya",,"Кредитка","239.00","RUB","Кредитка","0.00","RUB",2024-02-07 16:34:54,2024-02-10 17:04:29,
2024-02-07,"Кафе и рестораны","Biblioteca_4",,"Кредитка","990.00","RUB","Кредитка","0.00","RUB",2024-02-07 17:29:25,2024-02-10 17:04:29,
2024-02-08,"Продукты","SPAR N21",,"Кредитка","59.90","RUB","Кредитка","0.00","RUB",2024-02-08 04:33:21,2024-02-10 17:04:29,
2024-02-08,"Обед","Kafe Stejk-Khaus",,"Кредитка","196.00","RUB","Кредитка","0.00","RUB",2024-02-08 05:52:18,2024-02-10 17:04:29,
2024-02-08,"Кафе и рестораны","KAFE BISTRO",,"Кредитка","750.00","RUB","Кредитка","0.00","RUB",2024-02-08 10:03:36,2024-02-10 17:04:29,
2024-02-08,"Обед","Kafe Stejk-Khaus",,"Кредитка","200.00","RUB","Кредитка","0.00","RUB",2024-02-08 12:14:10,2024-02-10 17:04:29,
2024-02-08,"Сигареты","Obnya",,"Кредитка","269.00","RUB","Кредитка","0.00","RUB",2024-02-08 15:01:00,2024-02-10 17:04:29,
2024-02-08,"Продукты","AUCHAN 063 FANTASTIKA",,"Кредитка","116.98","RUB","Кредитка","0.00","RUB",2024-02-08 16:40:09,2024-02-10 17:04:29,
2024-02-08,,,,"Кредитка","2000.00","RUB","Tinkoff Black","2000.00","RUB",2024-02-08 16:59:26,2024-02-10 17:04:29,
2024-02-08,"Проезд","YandexGo",,"Tinkoff Black","439.00","RUB","Tinkoff Black","0.00","RUB",2024-02-08 17:00:38,2024-02-10 17:04:29,
2024-02-08,,,,"Tinkoff Black","11.00","RUB","Инвесткопилка","11.00","RUB",2024-02-08 17:00:39,2024-02-10 17:04:29,
2024-02-08,"Кафе и рестораны","FUKU RAMEN",,"Кредитка","1080.00","RUB","Кредитка","0.00","RUB",2024-02-08 17:49:36,2024-02-10 17:04:29,
2024-02-08,,"LUKOIL.AZS 52023 52C",,"Кредитка","1671.00","RUB","Кредитка","0.00","RUB",2024-02-08 19:44:57,2024-03-24 09:49:08,
2024-02-08,,,,"Открытие","400.00","RUB","Наличные","400.00","RUB",2024-02-08 19:45:28,2024-02-10 17:04:29,
2024-02-08,"Проезд","YandexGo",,"Tinkoff Black","597.00","RUB","Tinkoff Black","0.00","RUB",2024-02-08 20:22:47,2024-02-10 17:04:29,
2024-02-08,,,,"Tinkoff Black","3.00","RUB","Инвесткопилка","3.00","RUB",2024-02-08 20:22:48,2024-02-10 17:04:29,
2024-02-09,,,,"Открытие","4000.00","RUB","Счет погашения ипотеки","4000.00","RUB",2024-02-08 21:00:00,2024-02-10 17:04:29,
2024-02-09,"Платежи. комиссии","Сотовая связь",,"Открытие","300.00","RUB","Открытие","0.00","RUB",2024-02-09 04:08:50,2024-02-10 17:04:29,
2024-02-09,"Продукты","SPAR N21",,"Кредитка","59.90","RUB","Кредитка","0.00","RUB",2024-02-09 04:36:41,2024-02-10 17:04:29,
2024-02-09,"Обед","Kafe Stejk-Khaus",,"Кредитка","161.00","RUB","Кредитка","0.00","RUB",2024-02-09 05:46:10,2024-02-10 17:04:29,
2024-02-09,"Обед","Kafe Stejk-Khaus",,"Кредитка","65.00","RUB","Кредитка","0.00","RUB",2024-02-09 05:54:48,2024-02-10 17:04:29,
2024-02-09,"Зарплата",,"Перечисление ден. средств по реестру","Открытие","0.00","RUB","Открытие","84494.08","RUB",2024-02-09 07:10:58,2024-02-10 17:04:29,
2024-02-09,,"Пополнение счета Тинькофф Брокер (подарок)",,"Tinkoff Black","1767.26","RUB","Tinkoff Black","0.00","RUB",2024-02-09 08:18:46,2024-02-10 17:04:29,
2024-02-09,,,"Пополнение счета Тинькофф Брокер (подарок)","Tinkoff Black","0.00","RUB","Tinkoff Black","1767.26","RUB",2024-02-09 08:18:47,2024-02-10 17:04:29,
2024-02-09,,,,"Открытие","50000.00","RUB","Tinkoff Black","50000.00","RUB",2024-02-09 09:23:51,2024-02-10 17:04:29,
2024-02-09,,,,"Открытие","31000.00","RUB","Наличные","31000.00","RUB",2024-02-09 09:25:23,2024-02-10 17:04:29,
2024-02-09,"Платежи. комиссии",,"Комиссия: Плата за оформление рассрочки в Ozon.ru","Кредитка","562.00","RUB","Кредитка","0.00","RUB",2024-02-09 09:25:34,2024-03-24 09:49:08,
2024-02-09,,,,"Tinkoff Black","50185.08","RUB","Кредитка","50185.08","RUB",2024-02-09 09:35:33,2024-02-10 17:04:29,
2024-02-09,"Платежи. комиссии","TELE2",,"Кредитка","420.00","RUB","Кредитка","0.00","RUB",2024-02-09 09:35:44,2024-05-10 16:19:54,
2024-02-09,"Обед","Kafe Stejk-Khaus",,"Кредитка","25.00","RUB","Кредитка","0.00","RUB",2024-02-09 10:18:44,2024-02-10 17:04:29,
2024-02-09,"Сигареты","Obnya",,"Кредитка","269.00","RUB","Кредитка","0.00","RUB",2024-02-09 11:25:23,2024-02-10 17:04:29,
2024-02-09,"Проезд","YandexGo",,"Tinkoff Black","526.00","RUB","Tinkoff Black","0.00","RUB",2024-02-09 12:01:59,2024-02-10 17:04:29,
2024-02-09,,,,"Tinkoff Black","24.00","RUB","Инвесткопилка","24.00","RUB",2024-02-09 12:02:00,2024-02-10 17:04:29,
2024-02-09,"Тратата","Ульяна Р.",,"Кредитка","3334.00","RUB","Кредитка","0.00","RUB",2024-02-09 12:05:19,2024-02-11 04:44:28,
2024-02-09,"Продукты","AUCHAN 063 FANTASTIKA",,"Кредитка","74.99","RUB","Кредитка","0.00","RUB",2024-02-09 12:05:49,2024-02-10 17:04:29,
2024-02-09,,"Александр П.",,"Tinkoff Black","0.00","RUB","Tinkoff Black","3500.00","RUB",2024-02-09 12:33:33,2024-03-24 09:49:08,
2024-02-09,"Кафе и рестораны","QSR 23022",,"Кредитка","424.00","RUB","Кредитка","0.00","RUB",2024-02-09 12:56:52,2024-02-10 17:04:29,
2024-02-09,"Тратата","Мария С.",,"Кредитка","5415.00","RUB","Кредитка","0.00","RUB",2024-02-09 14:15:57,2024-02-11 04:44:28,
2024-02-09,"Одежда","HENDERSON-355",,"Кредитка","2275.00","RUB","Кредитка","0.00","RUB",2024-02-09 14:28:06,2024-02-10 17:04:29,
2024-02-09,"Тратата","Клиенту Тинькофф",,"Tinkoff Black","124.00","RUB","Tinkoff Black","0.00","RUB",2024-02-09 14:33:14,2024-02-10 17:04:29,
2024-02-09,,"Александр П.",,"Tinkoff Black","0.00","RUB","Tinkoff Black","5400.00","RUB",2024-02-09 14:39:23,2024-03-24 09:49:08,
2024-02-09,"Кафе и рестораны","SHOKOLADNITSA_3",,"Кредитка","2045.00","RUB","Кредитка","0.00","RUB",2024-02-09 15:30:08,2024-02-10 17:04:29,
2024-02-09,,"Рамиль В.",,"Tinkoff Black","0.00","RUB","Tinkoff Black","1200.00","RUB",2024-02-09 15:32:03,2024-02-10 17:04:29,
2024-02-09,"Кафе и рестораны","Рамиль В.",,"Tinkoff Black","2000.00","RUB","Tinkoff Black","0.00","RUB",2024-02-09 19:08:10,2024-02-11 04:44:28,
2024-02-09,"Кафе и рестораны","Рамиль В.",,"Tinkoff Black","700.00","RUB","Tinkoff Black","0.00","RUB",2024-02-09 19:08:31,2024-02-11 04:44:28,
2024-02-10,"Кафе и рестораны","Caprese",,"Кредитка","1970.00","RUB","Кредитка","0.00","RUB",2024-02-10 09:59:56,2024-02-10 17:04:29,
2024-02-10,"Продукты","BRISTOL 4985",,"Кредитка","92.99","RUB","Кредитка","0.00","RUB",2024-02-10 10:50:32,2024-03-24 09:49:08,
2024-02-10,"Сигареты","BRISTOL 4985",,"Кредитка","229.00","RUB","Кредитка","0.00","RUB",2024-02-10 10:50:33,2024-03-24 09:49:08,
2024-02-10,"Здоровье и фитнес","APTECHNYY PUNKT 55",,"Кредитка","173.60","RUB","Кредитка","0.00","RUB",2024-02-10 12:40:48,2024-02-10 17:04:29,
2024-02-10,"Техника","Madstore",,"Кредитка","17840.00","RUB","Кредитка","0.00","RUB",2024-02-10 13:01:48,2024-03-24 09:49:08,
2024-02-10,,,,"Открытие","400.00","RUB","Наличные","400.00","RUB",2024-02-10 15:11:05,2024-02-16 12:38:50,
2024-02-10,"Продукты","SPAR 78",,"Кредитка","234.85","RUB","Кредитка","0.00","RUB",2024-02-10 15:20:51,2024-02-10 17:04:29,
2024-02-10,"Кафе и рестораны","Mama Doma",,"Кредитка","1310.00","RUB","Кредитка","0.00","RUB",2024-02-10 17:12:07,2024-02-16 12:39:01,
2024-02-11,"Продукты","SPAR N21",,"Кредитка","389.36","RUB","Кредитка","0.00","RUB",2024-02-11 05:42:57,2024-03-24 09:49:08,
2024-02-11,"Сигареты","SPAR N21",,"Кредитка","229.00","RUB","Кредитка","0.00","RUB",2024-02-11 05:42:58,2024-03-24 09:49:08,
2024-02-11,"Продукты","MAGNIT MM ABSORBER",,"Кредитка","37.99","RUB","Кредитка","0.00","RUB",2024-02-11 06:17:26,2024-02-16 12:39:01,
2024-02-11,"Кафе и рестораны","Gorky CoffeE",,"Кредитка","230.00","RUB","Кредитка","0.00","RUB",2024-02-11 06:19:21,2024-02-16 12:39:01,
2024-02-11,"Кафе и рестораны","BAKLADZHAN",,"Кредитка","1790.00","RUB","Кредитка","0.00","RUB",2024-02-11 11:31:00,2024-02-16 12:39:01,
2024-02-11,"Кафе и рестораны","SAMURAJ",,"Кредитка","850.00","RUB","Кредитка","0.00","RUB",2024-02-11 17:03:08,2024-02-16 12:39:01,
2024-02-11,"Кафе и рестораны","SAMURAJ",,"Кредитка","220.00","RUB","Кредитка","0.00","RUB",2024-02-11 17:03:17,2024-02-16 12:39:01,
2024-02-11,"Продукты","SPAR N21",,"Кредитка","1169.18","RUB","Кредитка","0.00","RUB",2024-02-11 17:36:27,2024-02-16 12:39:01,
2024-02-11,"Платежи. комиссии","Tinkoff Pro",,"Кредитка","199.00","RUB","Кредитка","0.00","RUB",2024-02-11 20:44:22,2024-03-24 09:49:08,
2024-02-12,"Продукты","SPAR N21",,"Кредитка","99.90","RUB","Кредитка","0.00","RUB",2024-02-12 04:18:51,2024-03-24 09:49:08,
2024-02-12,"Сигареты","SPAR N21",,"Кредитка","229.00","RUB","Кредитка","0.00","RUB",2024-02-12 04:18:52,2024-03-24 09:49:08,
2024-02-12,,,,"Открытие","400.00","RUB","Наличные","400.00","RUB",2024-02-12 05:37:19,2024-02-16 12:38:50,
2024-02-12,"Обед","Kafe Stejk-Khaus",,"Кредитка","196.00","RUB","Кредитка","0.00","RUB",2024-02-12 05:39:31,2024-02-16 12:39:01,
2024-02-12,,"Евгений Д.",,"Кредитка","18600.00","RUB","Кредитка","0.00","RUB",2024-02-12 05:53:53,2024-03-24 09:49:08,
2024-02-12,,,,"Tinkoff Black","6000.00","RUB","Кредитка","6000.00","RUB",2024-02-12 05:54:24,2024-02-16 12:39:01,
2024-02-12,"Кафе и рестораны","Meteor",,"Кредитка","1010.00","RUB","Кредитка","0.00","RUB",2024-02-12 09:50:53,2024-02-16 12:39:01,
2024-02-12,,"Евгений Д.",,"Открытие","0.00","RUB","Открытие","300.00","RUB",2024-02-12 10:00:51,2024-03-24 09:49:08,
2024-02-12,"Обед","Kafe Stejk-Khaus",,"Кредитка","80.00","RUB","Кредитка","0.00","RUB",2024-02-12 12:40:15,2024-02-16 12:39:01,
2024-02-12,"Кафе и рестораны","Tako Ul. Varvarskaya.",,"Кредитка","1680.00","RUB","Кредитка","0.00","RUB",2024-02-12 15:11:52,2024-02-16 12:39:01,
2024-02-12,"Здоровье и фитнес","Kosmetologiya Persona",,"Кредитка","1700.00","RUB","Кредитка","0.00","RUB",2024-02-12 15:57:48,2024-02-16 12:39:01,
2024-02-12,"Проезд","YandexGo",,"Tinkoff Black","314.00","RUB","Tinkoff Black","0.00","RUB",2024-02-12 16:18:01,2024-02-16 12:39:01,
2024-02-12,,,,"Tinkoff Black","36.00","RUB","Инвесткопилка","36.00","RUB",2024-02-12 16:18:02,2024-02-16 12:39:01,
2024-02-12,"Сигареты","Obnya",,"Кредитка","235.00","RUB","Кредитка","0.00","RUB",2024-02-12 16:38:01,2024-02-16 12:39:01,
2024-02-12,"Продукты","AUCHAN MESHERSKOE OZER",,"Кредитка","132.49","RUB","Кредитка","0.00","RUB",2024-02-12 17:04:23,2024-02-16 12:39:01,
2024-02-12,,,,"Открытие","400.00","RUB","Наличные","400.00","RUB",2024-02-12 18:10:05,2024-02-16 12:38:50,
2024-02-12,,"LUKOIL.AZS 52023 52C",,"Кредитка","2001.00","RUB","Кредитка","0.00","RUB",2024-02-12 18:11:06,2024-03-24 09:49:08,
2024-02-12,"Кафе и рестораны","QSR 23031",,"Кредитка","406.00","RUB","Кредитка","0.00","RUB",2024-02-12 18:36:55,2024-02-16 12:39:01,
2024-02-12,"Проезд","YandexGo",,"Tinkoff Black","315.00","RUB","Tinkoff Black","0.00","RUB",2024-02-12 19:14:29,2024-02-16 12:39:01,
2024-02-12,,,,"Tinkoff Black","35.00","RUB","Инвесткопилка","35.00","RUB",2024-02-12 19:14:30,2024-02-16 12:39:01,
2024-02-13,"Продукты","SPAR N21",,"Кредитка","59.90","RUB","Кредитка","0.00","RUB",2024-02-13 04:16:07,2024-02-16 12:39:01,
2024-02-13,"Обед","Kafe Stejk-Khaus",,"Кредитка","196.00","RUB","Кредитка","0.00","RUB",2024-02-13 05:38:29,2024-02-16 12:39:01,
2024-02-13,"Кафе и рестораны","Meteor",,"Кредитка","1090.00","RUB","Кредитка","0.00","RUB",2024-02-13 10:15:43,2024-02-16 12:39:01,
2024-02-13,,"Евгений Д.",,"Открытие","0.00","RUB","Открытие","370.00","RUB",2024-02-13 11:17:43,2024-03-24 09:49:08,
2024-02-13,"Обед","Kafe Stejk-Khaus",,"Кредитка","235.00","RUB","Кредитка","0.00","RUB",2024-02-13 12:06:34,2024-02-16 12:39:01,
2024-02-13,,,,"Счет погашения ипотеки","1000.00","RUB","Открытие","1000.00","RUB",2024-02-13 17:13:35,2024-02-16 12:38:50,
2024-02-13,,"Евгений Д.",,"Открытие","590.00","RUB","Открытие","0.00","RUB",2024-02-13 17:14:00,2024-03-24 09:49:08,
2024-02-13,"Кафе и рестораны","KAFE BISTRO",,"Кредитка","1520.00","RUB","Кредитка","0.00","RUB",2024-02-13 17:40:29,2024-02-16 12:39:01,
2024-02-13,"Сигареты","Obnya",,"Кредитка","239.00","RUB","Кредитка","0.00","RUB",2024-02-13 17:49:51,2024-02-16 12:39:01,
2024-02-13,"Образование","ROBOKASSA",,"Tinkoff Black","149.00","RUB","Tinkoff Black","0.00","RUB",2024-02-13 19:01:35,2024-02-16 12:39:01,
2024-02-13,,,,"Tinkoff Black","1.00","RUB","Инвесткопилка","1.00","RUB",2024-02-13 19:01:36,2024-02-16 12:39:01,
2024-02-14,"Продукты","SPAR N21",,"Кредитка","59.90","RUB","Кредитка","0.00","RUB",2024-02-14 04:14:48,2024-02-16 12:39:01,
2024-02-14,"Обед","Kafe Stejk-Khaus",,"Кредитка","196.00","RUB","Кредитка","0.00","RUB",2024-02-14 05:47:23,2024-02-16 12:39:01,
2024-02-14,"Кафе и рестораны","Khachapuriya B. Pokr.6",,"Кредитка","630.00","RUB","Кредитка","0.00","RUB",2024-02-14 10:07:45,2024-02-16 12:39:01,
2024-02-14,,,,"Счет погашения ипотеки","1000.00","RUB","Открытие","1000.00","RUB",2024-02-14 10:23:38,2024-02-16 12:38:50,
2024-02-14,"Здоровье и фитнес","Кирилл Ч.","Для волос","Открытие","1900.00","RUB","Открытие","0.00","RUB",2024-02-14 10:25:15,2024-05-09 05:08:01,
2024-02-14,"Продукты","SPAR 44",,"Кредитка","202.90","RUB","Кредитка","0.00","RUB",2024-02-14 13:20:43,2024-03-24 09:49:08,
2024-02-14,"Проезд","YandexGo",,"Tinkoff Black","769.00","RUB","Tinkoff Black","0.00","RUB",2024-02-14 15:22:17,2024-02-16 12:39:01,
2024-02-14,,,,"Tinkoff Black","31.00","RUB","Инвесткопилка","31.00","RUB",2024-02-14 15:22:18,2024-02-16 12:39:01,
2024-02-14,,"Антон П.",,"Кредитка","500.00","RUB","Кредитка","0.00","RUB",2024-02-14 15:34:24,2024-03-24 09:49:08,
2024-02-14,"Проезд","YandexGo",,"Tinkoff Black","1.00","RUB","Tinkoff Black","0.00","RUB",2024-02-14 16:35:53,2024-02-16 12:39:01,
2024-02-14,,,,"Tinkoff Black","49.00","RUB","Инвесткопилка","49.00","RUB",2024-02-14 16:35:54,2024-02-16 12:39:01,
2024-02-14,"Продукты","SPAR N21",,"Кредитка","807.48","RUB","Кредитка","0.00","RUB",2024-02-14 16:42:14,2024-02-16 12:39:01,
2024-02-14,"Сигареты","Obnya",,"Кредитка","269.00","RUB","Кредитка","0.00","RUB",2024-02-14 16:44:06,2024-02-16 12:39:01,
2024-02-14,,,,"Кредитка","2000.00","RUB","Tinkoff Black","2000.00","RUB",2024-02-14 17:10:30,2024-02-16 12:39:01,
2024-02-14,"Проезд","YandexGo",,"Tinkoff Black","394.00","RUB","Tinkoff Black","0.00","RUB",2024-02-14 17:34:43,2024-02-16 12:39:01,
2024-02-14,,,,"Tinkoff Black","6.00","RUB","Инвесткопилка","6.00","RUB",2024-02-14 17:34:44,2024-02-16 12:39:01,
2024-02-14,"Дом / Съем жилья ",,,"Наличные","23000.00","RUB","Наличные","0.00","RUB",2024-03-11 09:43:31,2024-03-11 15:25:50,
2024-02-15,"Продукты","SPAR N21",,"Кредитка","59.90","RUB","Кредитка","0.00","RUB",2024-02-15 04:34:34,2024-02-16 12:39:01,
2024-02-15,"Обед","Kafe Stejk-Khaus",,"Кредитка","196.00","RUB","Кредитка","0.00","RUB",2024-02-15 05:56:05,2024-02-16 12:39:01,
2024-02-15,"Кафе и рестораны","KAFE BISTRO",,"Кредитка","900.00","RUB","Кредитка","0.00","RUB",2024-02-15 10:04:12,2024-02-16 12:39:01,
2024-02-15,"Здоровье и фитнес","APT.PUNKT 50",,"Кредитка","370.00","RUB","Кредитка","0.00","RUB",2024-02-15 17:04:10,2024-02-16 12:39:01,
2024-02-15,"Сигареты","CORSAR",,"Кредитка","248.00","RUB","Кредитка","0.00","RUB",2024-02-15 17:05:34,2024-02-16 12:40:49,
2024-02-16,"Продукты","SPAR N21",,"Кредитка","59.90","RUB","Кредитка","0.00","RUB",2024-02-16 04:11:43,2024-02-16 12:39:01,
2024-02-16,"Обед","kafe Steyk-KhausPQR",,"Tinkoff Black","161.00","RUB","Tinkoff Black","0.00","RUB",2024-02-16 05:21:06,2024-02-16 12:39:01,
2024-02-16,,,,"Tinkoff Black","39.00","RUB","Инвесткопилка","39.00","RUB",2024-02-16 05:21:07,2024-02-16 12:39:01,
2024-02-16,,,,"Кредитка","6000.00","RUB","Tinkoff Black","6000.00","RUB",2024-02-16 07:56:56,2024-02-16 12:39:01,
2024-02-16,"Проезд","oplata zhd perevozok",,"Tinkoff Black","5742.90","RUB","Tinkoff Black","0.00","RUB",2024-02-16 07:57:40,2024-02-16 12:39:01,
2024-02-16,,,,"Tinkoff Black","7.10","RUB","Инвесткопилка","7.10","RUB",2024-02-16 07:57:41,2024-02-16 12:39:01,
2024-02-16,"Кафе и рестораны","BURGER",,"Кредитка","677.00","RUB","Кредитка","0.00","RUB",2024-02-16 08:44:23,2024-02-16 12:39:01,
2024-02-16,"Проезд","YandexGo",,"Tinkoff Black","395.00","RUB","Tinkoff Black","0.00","RUB",2024-02-16 12:29:23,2024-02-22 21:37:29,
2024-02-16,,,,"Tinkoff Black","5.00","RUB","Инвесткопилка","5.00","RUB",2024-02-16 12:29:25,2024-02-22 21:37:29,
2024-02-16,"Здоровье и фитнес","Kosmetologiya Persona",,"Кредитка","3000.00","RUB","Кредитка","0.00","RUB",2024-02-16 13:27:45,2024-02-22 21:37:29,
2024-02-16,,,,"Счет погашения ипотеки","1000.00","RUB","Открытие","1000.00","RUB",2024-02-16 13:51:25,2024-02-22 21:37:29,
2024-02-16,"Подарки","Валерий К.",,"Открытие","269.00","RUB","Открытие","0.00","RUB",2024-02-16 13:51:54,2024-02-22 21:37:29,
2024-02-16,"Аренда ","Яна Рустамовна Ф.",,"Сбербанк","0.00","RUB","Сбербанк","23000.00","RUB",2024-02-16 13:52:58,2024-02-22 21:37:29,
2024-02-16,"Проезд","YandexGo",,"Tinkoff Black","584.00","RUB","Tinkoff Black","0.00","RUB",2024-02-16 14:02:08,2024-02-22 21:37:29,
2024-02-16,,,,"Tinkoff Black","16.00","RUB","Инвесткопилка","16.00","RUB",2024-02-16 14:02:09,2024-02-22 21:37:29,
2024-02-16,"Одежда","Skvot Yazina 1",,"Кредитка","19770.00","RUB","Кредитка","0.00","RUB",2024-02-16 14:15:56,2024-02-22 21:37:29,
2024-02-16,"Сигареты","AROMATNYY MIR",,"Кредитка","84.99","RUB","Кредитка","0.00","RUB",2024-02-16 14:18:08,2024-02-22 21:37:29,
2024-02-16,"Проезд","YandexGo",,"Tinkoff Black","619.00","RUB","Tinkoff Black","0.00","RUB",2024-02-16 14:49:38,2024-02-22 21:37:29,
2024-02-16,,,,"Tinkoff Black","31.00","RUB","Инвесткопилка","31.00","RUB",2024-02-16 14:49:39,2024-02-22 21:37:29,
2024-02-16,"Сигареты","Obnya",,"Кредитка","269.00","RUB","Кредитка","0.00","RUB",2024-02-16 16:54:21,2024-02-22 21:37:29,
2024-02-16,"Продукты","SPAR N21",,"Кредитка","237.90","RUB","Кредитка","0.00","RUB",2024-02-16 17:00:07,2024-02-22 21:37:29,
2024-02-17,"Продукты","SPAR N21",,"Кредитка","58.23","RUB","Кредитка","0.00","RUB",2024-02-17 05:34:16,2024-03-24 09:49:08,
2024-02-17,"Сигареты","SPAR N21",,"Кредитка","229.00","RUB","Кредитка","0.00","RUB",2024-02-17 05:34:17,2024-03-24 09:49:08,
2024-02-17,"Кафе и рестораны","QSR 23017",,"Кредитка","234.00","RUB","Кредитка","0.00","RUB",2024-02-17 07:24:59,2024-02-22 21:37:29,
2024-02-17,"Здоровье и фитнес","Kassovyj Pavilon 1","На лыжах горных","Кредитка","2000.00","RUB","Кредитка","0.00","RUB",2024-02-17 09:04:44,2024-03-31 06:39:51,
2024-02-17,"Кафе и рестораны","Evo_Kofe Khyugge",,"Кредитка","410.00","RUB","Кредитка","0.00","RUB",2024-02-17 10:09:28,2024-02-22 21:37:29,
2024-02-17,,,,"Счет погашения ипотеки","1000.00","RUB","Открытие","1000.00","RUB",2024-02-17 12:24:16,2024-02-22 21:37:29,
2024-02-17,"Здоровье и фитнес","Юрий П.","На лыжах горных","Открытие","1500.00","RUB","Открытие","0.00","RUB",2024-02-17 12:24:51,2024-03-31 06:39:51,
2024-02-17,"Кафе и рестораны","FUKU RAMEN",,"Кредитка","1530.00","RUB","Кредитка","0.00","RUB",2024-02-17 14:53:02,2024-02-22 21:37:29,
2024-02-17,"Сигареты","Obnya",,"Кредитка","269.00","RUB","Кредитка","0.00","RUB",2024-02-17 15:00:31,2024-02-22 21:37:29,
2024-02-17,"Кафе и рестораны","Volkonskij",,"Кредитка","190.00","RUB","Кредитка","0.00","RUB",2024-02-17 17:31:20,2024-02-22 21:37:29,
2024-02-17,"Продукты","SPAR N21",,"Кредитка","148.90","RUB","Кредитка","0.00","RUB",2024-02-17 17:32:34,2024-02-22 21:37:29,
2024-02-17,"Продукты","SPAR N21",,"Кредитка","2327.80","RUB","Кредитка","0.00","RUB",2024-02-17 17:43:47,2024-02-22 21:37:29,
2024-02-18,,,,"Кредитка","2000.00","RUB","Tinkoff Black","2000.00","RUB",2024-02-17 21:30:21,2024-02-22 21:43:22,
2024-02-18,"Проезд","YandexGo",,"Tinkoff Black","348.00","RUB","Tinkoff Black","0.00","RUB",2024-02-17 21:30:40,2024-02-22 21:37:29,
2024-02-18,,,,"Tinkoff Black","2.00","RUB","Инвесткопилка","2.00","RUB",2024-02-17 21:30:41,2024-02-22 21:37:29,
2024-02-18,"Проезд","YandexGo",,"Tinkoff Black","590.00","RUB","Tinkoff Black","0.00","RUB",2024-02-17 21:45:56,2024-02-22 21:37:29,
2024-02-18,,,,"Tinkoff Black","10.00","RUB","Инвесткопилка","10.00","RUB",2024-02-17 21:45:57,2024-02-22 21:37:29,
2024-02-18,"Кафе и рестораны","SHOKOLADNITSA_5",,"Кредитка","1470.00","RUB","Кредитка","0.00","RUB",2024-02-18 07:53:42,2024-02-22 21:37:29,
2024-02-18,"Продукты","SPAR 40",,"Кредитка","65.90","RUB","Кредитка","0.00","RUB",2024-02-18 13:00:03,2024-03-24 09:49:08,
2024-02-18,"Сигареты","SPAR 40",,"Кредитка","229.00","RUB","Кредитка","0.00","RUB",2024-02-18 13:00:04,2024-03-24 09:49:08,
2024-02-18,"Кафе и рестораны","Chaykhana Nomer Odin",,"Кредитка","2340.00","RUB","Кредитка","0.00","RUB",2024-02-18 15:19:49,2024-02-22 21:37:29,
2024-02-18,,,,"Кредитка","400.00","RUB","Наличные","400.00","RUB",2024-02-18 15:22:14,2024-02-22 21:37:29,
2024-02-18,"Платежи. комиссии",,"Комиссия: Комиссия за операцию","Кредитка","301.60","RUB","Кредитка","0.00","RUB",2024-02-18 15:23:05,2024-02-22 21:37:29,
2024-02-18,"Продукты","SPAR 29",,"Кредитка","164.80","RUB","Кредитка","0.00","RUB",2024-02-18 15:24:58,2024-02-22 21:37:29,
2024-02-18,"Продукты","PYATEROCHKA 3433",,"Кредитка","69.99","RUB","Кредитка","0.00","RUB",2024-02-18 18:37:30,2024-02-22 21:37:29,
2024-02-19,"Платежи. комиссии","Yandex.Plus",,"Tinkoff Black","1.00","RUB","Tinkoff Black","0.00","RUB",2024-02-19 01:29:14,2024-02-22 21:37:29,
2024-02-19,,,,"Tinkoff Black","49.00","RUB","Инвесткопилка","49.00","RUB",2024-02-19 01:29:15,2024-02-22 21:37:29,
2024-02-19,"Продукты","SPAR N21",,"Кредитка","59.90","RUB","Кредитка","0.00","RUB",2024-02-19 04:28:05,2024-02-22 21:37:29,
2024-02-19,"Обед","Kafe Stejk-Khaus",,"Кредитка","196.00","RUB","Кредитка","0.00","RUB",2024-02-19 05:44:20,2024-02-22 21:37:29,
2024-02-19,"Платежи. комиссии",,"Комиссия: Плата за оформление рассрочки в SKVOT YAZINA 1","Кредитка","3084.00","RUB","Кредитка","0.00","RUB",2024-02-19 05:55:59,2024-03-24 09:49:08,
2024-02-19,"Платежи. комиссии",,"Комиссия: Плата за оформление рассрочки в MADSTORE","Кредитка","2783.00","RUB","Кредитка","0.00","RUB",2024-02-19 05:56:00,2024-03-24 09:49:08,
2024-02-19,"Платежи. комиссии",,"Комиссия: Плата за оформление рассрочки в KOSMETOLOGIYA PERSONA","Кредитка","468.00","RUB","Кредитка","0.00","RUB",2024-02-19 05:56:15,2024-03-24 09:49:08,
2024-02-19,"Платежи. комиссии",,"Комиссия: Плата за оформление рассрочки в ЛУКОЙЛ","Кредитка","391.00","RUB","Кредитка","0.00","RUB",2024-02-19 05:56:46,2024-03-24 09:49:08,
2024-02-19,,,"Перечисление ДС на банковскую карту 5586 2000 2357 8351 /Бутырин Максим Станиславович/ командировочные расходы согласно Приказу № 36 от 16.02.2024г.. НДС не облагается.","Открытие","0.00","RUB","Открытие","65000.00","RUB",2024-02-19 06:47:21,2024-02-22 21:37:29,
2024-02-19,,"ПАО ""АЭРОФЛОТ"" ПАО ""АЭРОФЛОТ""",,"Открытие","12351.00","RUB","Открытие","0.00","RUB",2024-02-19 07:15:06,2024-03-24 11:17:17,
2024-02-19,"Тратата","Евгений Д.",,"Открытие","52011.39","RUB","Открытие","0.00","RUB",2024-02-19 08:10:08,2024-02-22 21:37:29,
2024-02-19,"Тратата","Евгений Д.",,"Tinkoff Black","0.00","RUB","Tinkoff Black","52000.00","RUB",2024-02-19 08:10:10,2024-02-22 21:37:29,
2024-02-19,,,,"Открытие","400.00","RUB","Наличные","400.00","RUB",2024-02-19 08:11:33,2024-02-22 21:37:29,
2024-02-19,,,,"Tinkoff Black","52000.00","RUB","Кредитка","52000.00","RUB",2024-02-19 08:19:31,2024-02-22 21:43:22,
2024-02-19,"Платежи. комиссии",,"Комиссия: Комиссия за операцию","Кредитка","328.37","RUB","Кредитка","0.00","RUB",2024-02-19 09:35:41,2024-02-22 21:37:29,
2024-02-19,,,,"Кредитка","2000.00","RUB","Tinkoff Black","2000.00","RUB",2024-02-19 09:35:42,2024-02-22 21:43:22,
2024-02-19,,,,"Tinkoff Black","1624.36","RUB","Tinkoff Black","0.00","RUB",2024-02-19 09:36:43,2024-03-24 09:49:08,
2024-02-19,"Кафе и рестораны","Meteor",,"Кредитка","820.00","RUB","Кредитка","0.00","RUB",2024-02-19 10:07:15,2024-02-22 21:37:29,
2024-02-19,"Сигареты","SPAR 44",,"Кредитка","239.00","RUB","Кредитка","0.00","RUB",2024-02-19 13:16:48,2024-02-22 21:37:29,
2024-02-19,,"Антон П.",,"Tinkoff Black","0.00","RUB","Tinkoff Black","500.00","RUB",2024-02-19 14:37:29,2024-03-24 09:49:08,
2024-02-19,"Продукты","SPAR N21",,"Кредитка","1348.50","RUB","Кредитка","0.00","RUB",2024-02-19 16:38:32,2024-02-22 21:37:29,
2024-02-20,"Продукты","SPAR N21",,"Кредитка","59.90","RUB","Кредитка","0.00","RUB",2024-02-20 04:32:10,2024-02-22 21:37:29,
2024-02-20,"Обед","Kafe Stejk-Khaus",,"Кредитка","196.00","RUB","Кредитка","0.00","RUB",2024-02-20 05:44:34,2024-02-22 21:37:29,
2024-02-20,"Кафе и рестораны","Meteor",,"Кредитка","820.00","RUB","Кредитка","0.00","RUB",2024-02-20 10:08:09,2024-02-22 21:37:29,
2024-02-20,"Обед","kafe Steyk-KhausPQR",,"Tinkoff Black","120.00","RUB","Tinkoff Black","0.00","RUB",2024-02-20 11:52:43,2024-02-22 21:37:29,
2024-02-20,,,,"Tinkoff Black","30.00","RUB","Инвесткопилка","30.00","RUB",2024-02-20 11:52:44,2024-02-22 21:37:29,
2024-02-20,"Сигареты","SPAR 44",,"Кредитка","269.00","RUB","Кредитка","0.00","RUB",2024-02-20 12:56:51,2024-02-22 21:37:29,
2024-02-20,,"Илья Евгеньевич П.",,"Сбербанк","6664.00","RUB","Сбербанк","0.00","RUB",2024-02-20 15:27:46,2024-02-22 21:37:29,
2024-02-20,,"Евгений Александрович Д.",,"Сбербанк","0.00","RUB","Сбербанк","6700.00","RUB",2024-02-20 15:38:48,2024-03-24 09:49:08,
2024-02-20,"Продукты","AUCHAN MESHERSKOE OZER",,"Кредитка","74.99","RUB","Кредитка","0.00","RUB",2024-02-20 16:27:11,2024-02-22 21:37:29,
2024-02-20,"Тратата","PAY.MTS.RU",,"Кредитка","6500.00","RUB","Кредитка","0.00","RUB",2024-02-20 17:23:43,2024-03-24 09:49:08,
2024-02-20,"Тратата","PAY.MTS.RU",,"Кредитка","6580.00","RUB","Кредитка","0.00","RUB",2024-02-20 17:44:16,2024-03-24 09:49:08,
2024-02-21,"Продукты","SPAR N21",,"Кредитка","59.90","RUB","Кредитка","0.00","RUB",2024-02-21 04:16:57,2024-02-22 21:37:29,
2024-02-21,"Обед","Kafe Stejk-Khaus",,"Кредитка","196.00","RUB","Кредитка","0.00","RUB",2024-02-21 05:40:32,2024-02-22 21:37:29,
2024-02-21,"Сигареты","SPAR 44",,"Кредитка","269.00","RUB","Кредитка","0.00","RUB",2024-02-21 07:09:34,2024-02-22 21:37:29,
2024-02-21,"Кафе и рестораны","Meteor",,"Кредитка","1150.00","RUB","Кредитка","0.00","RUB",2024-02-21 09:57:15,2024-02-22 21:37:29,
2024-02-21,"Тратата","Евгений Д.",,"Открытие","0.00","RUB","Открытие","400.00","RUB",2024-02-21 09:59:45,2024-02-22 21:37:29,
2024-02-21,"Тратата","Евгений Д.",,"Открытие","0.00","RUB","Открытие","400.00","RUB",2024-02-21 10:00:06,2024-02-22 21:37:29,
2024-02-21,"Обед","kafe Steyk-KhausPQR",,"Tinkoff Black","225.00","RUB","Tinkoff Black","0.00","RUB",2024-02-21 12:43:28,2024-02-22 21:37:29,
2024-02-21,,,,"Tinkoff Black","25.00","RUB","Инвесткопилка","25.00","RUB",2024-02-21 12:43:29,2024-02-22 21:37:29,
2024-02-21,"Кафе и рестораны","FUKU RAMEN",,"Кредитка","1690.00","RUB","Кредитка","0.00","RUB",2024-02-21 17:59:30,2024-02-22 21:37:29,
2024-02-22,"Продукты","SPAR N21",,"Кредитка","99.90","RUB","Кредитка","0.00","RUB",2024-02-22 04:18:12,2024-03-24 09:49:08,
2024-02-22,"Сигареты","SPAR N21",,"Кредитка","229.00","RUB","Кредитка","0.00","RUB",2024-02-22 04:18:13,2024-03-24 09:49:08,
2024-02-22,"Зарплата",,"Перечисление ден. средств по реестру","Открытие","0.00","RUB","Открытие","51103.69","RUB",2024-02-22 05:28:04,2024-02-22 21:37:29,
2024-02-22,"Обед","Kafe Stejk-Khaus",,"Кредитка","232.00","RUB","Кредитка","0.00","RUB",2024-02-22 05:34:09,2024-02-22 21:37:29,
2024-02-22,,,,"Открытие","1400.00","RUB","Наличные","1400.00","RUB",2024-02-22 06:05:50,2024-02-25 05:55:43,
2024-02-22,"Кафе и рестораны","Meteor",,"Кредитка","430.00","RUB","Кредитка","0.00","RUB",2024-02-22 09:45:48,2024-02-22 21:37:29,
2024-02-22,"Тратата","220030******9211","Перевод на карту","Кредитка","3451.00","RUB","Кредитка","0.00","RUB",2024-02-22 14:01:02,2024-03-24 09:49:08,
2024-02-22,"Платежи. комиссии",,"Комиссия: Комиссия за операцию","Кредитка","390.08","RUB","Кредитка","0.00","RUB",2024-02-22 14:01:03,2024-02-22 21:37:29,
2024-02-22,"Кафе и рестораны","QSR 23013",,"Кредитка","438.00","RUB","Кредитка","0.00","RUB",2024-02-22 17:49:55,2024-02-22 21:37:29,
2024-02-22,,,,"Кредитка","5000.00","RUB","Наличные","5000.00","RUB",2024-02-22 17:52:27,2024-02-22 21:37:29,
2024-02-22,"Платежи. комиссии",,"Комиссия: Комиссия за операцию","Кредитка","435.00","RUB","Кредитка","0.00","RUB",2024-02-22 17:53:21,2024-02-22 21:37:29,
2024-02-22,,"LUKOIL.AZS 52023 52C",,"Кредитка","2446.00","RUB","Кредитка","0.00","RUB",2024-02-22 19:50:01,2024-03-24 09:49:08,
2024-02-23,"Продукты","Yandex.Market15",,"Tinkoff Black","1109.00","RUB","Tinkoff Black","0.00","RUB",2024-02-23 15:20:10,2024-02-25 05:55:43,
2024-02-23,,,,"Tinkoff Black","41.00","RUB","Инвесткопилка","41.00","RUB",2024-02-23 15:20:11,2024-02-25 05:55:43,
2024-02-24,"Продукты","SPAR N21",,"Кредитка","1444.48","RUB","Кредитка","0.00","RUB",2024-02-24 05:47:31,2024-03-24 09:49:08,
2024-02-24,"Сигареты","SPAR N21",,"Кредитка","229.00","RUB","Кредитка","0.00","RUB",2024-02-24 05:47:32,2024-03-24 09:49:08,
2024-02-24,,"Наталья Б.",,"Tinkoff Black","0.00","RUB","Tinkoff Black","1000.00","RUB",2024-02-24 15:26:09,2024-03-24 09:49:08,
2024-02-24,"Продукты","MAGNIT MM ABSORBER",,"Кредитка","440.92","RUB","Кредитка","0.00","RUB",2024-02-24 16:00:40,2024-02-25 05:55:43,
2024-02-24,"Платежи. комиссии",,"Комиссия: Проценты по кредиту","Кредитка","240.65","RUB","Кредитка","0.00","RUB",2024-02-24 19:41:55,2024-03-24 09:49:08,
2024-02-24,"Платежи. комиссии",,"Комиссия: Плата за Программу страховой защиты","Кредитка","2063.30","RUB","Кредитка","0.00","RUB",2024-02-24 20:57:17,2024-02-25 05:55:43,
2024-02-25,,,,"Открытие","13500.00","RUB","Счет погашения ипотеки","13500.00","RUB",2024-02-24 21:00:00,2024-02-29 23:19:37,
2024-02-25,"Тратата","Евгений Д.",,"Открытие","50752.50","RUB","Открытие","0.00","RUB",2024-02-25 05:08:10,2024-02-25 05:55:43,
2024-02-25,"Тратата","Евгений Д.",,"Tinkoff Black","0.00","RUB","Tinkoff Black","50500.00","RUB",2024-02-25 05:08:11,2024-02-25 05:55:43,
2024-02-25,,,,"Tinkoff Black","52000.00","RUB","Кредитка","52000.00","RUB",2024-02-25 05:08:51,2024-02-25 05:55:43,
2024-02-25,"Кэшбэк",,"Компенсация покупки","Кредитка","0.00","RUB","Кредитка","870.00","RUB",2024-02-25 05:10:33,2024-02-25 05:55:43,
2024-02-25,"Кэшбэк",,"Компенсация покупки","Кредитка","0.00","RUB","Кредитка","480.00","RUB",2024-02-25 05:10:56,2024-02-25 05:55:43,
2024-02-25,"Кэшбэк",,"Компенсация покупки","Кредитка","0.00","RUB","Кредитка","50.00","RUB",2024-02-25 05:11:06,2024-02-25 05:55:43,
2024-02-25,,,,"Сбербанк","43000.00","RUB","Tinkoff Black","43000.00","RUB",2024-02-25 05:13:01,2024-02-29 23:19:37,
2024-02-25,,,,"Tinkoff Black","43000.00","RUB","Кредитка","43000.00","RUB",2024-02-25 05:13:46,2024-02-25 05:55:43,
2024-02-25,"Продукты","SPAR N21",,"Кредитка","208.80","RUB","Кредитка","0.00","RUB",2024-02-25 06:54:11,2024-03-24 09:49:08,
2024-02-25,"Сигареты","SPAR N21",,"Кредитка","229.00","RUB","Кредитка","0.00","RUB",2024-02-25 06:54:12,2024-03-24 09:49:08,
2024-02-25,,,,"Кредитка","2000.00","RUB","Tinkoff Black","2000.00","RUB",2024-02-25 07:20:12,2024-02-29 23:19:37,
2024-02-25,,,"Перевод СБП A4056072043230080000030011190703 от МАКСИМ СТАНИСЛАВОВИЧ Б 79922220690 Тинькофф Банк","Кредитка","14500.00","RUB","Открытие","14500.00","RUB",2024-02-25 07:20:46,2024-02-29 23:19:37,
2024-02-25,,,,"Кредитка","20000.00","RUB","Сбербанк","20000.00","RUB",2024-02-25 07:21:02,2024-02-29 23:19:37,
2024-02-25,"Проезд","YandexGo",,"Tinkoff Black","699.00","RUB","Tinkoff Black","0.00","RUB",2024-02-25 07:36:10,2024-02-29 23:19:37,
2024-02-25,,,,"Tinkoff Black","1.00","RUB","Инвесткопилка","1.00","RUB",2024-02-25 07:36:11,2024-02-29 23:19:37,
2024-02-25,,,,"Кредитка","2000.00","RUB","Tinkoff Black","2000.00","RUB",2024-02-25 08:11:53,2024-02-29 23:19:37,
2024-02-25,"Кафе и рестораны","Kofekejk Aeroport",,"Кредитка","740.00","RUB","Кредитка","0.00","RUB",2024-02-25 09:03:02,2024-02-29 23:19:37,
2024-02-25,"Проезд","YandexGo",,"Tinkoff Black","1025.00","RUB","Tinkoff Black","0.00","RUB",2024-02-25 12:43:17,2024-02-29 23:19:37,
2024-02-25,,,,"Tinkoff Black","25.00","RUB","Инвесткопилка","25.00","RUB",2024-02-25 12:43:18,2024-02-29 23:19:37,
2024-02-25,,"Palace Bridge Hotel Re",,"Кредитка","39500.00","RUB","Кредитка","0.00","RUB",2024-02-25 13:29:56,2024-03-24 11:17:17,
2024-02-25,"Кафе и рестораны","Роман Р.",,"Кредитка","2000.00","RUB","Кредитка","0.00","RUB",2024-02-25 15:28:31,2024-03-24 09:49:08,
2024-02-25,"Проезд","YandexGo",,"Tinkoff Black","271.00","RUB","Tinkoff Black","0.00","RUB",2024-02-25 15:52:16,2024-02-29 23:19:37,
2024-02-25,,,,"Tinkoff Black","29.00","RUB","Инвесткопилка","29.00","RUB",2024-02-25 15:52:17,2024-02-29 23:19:37,
2024-02-26,"Кафе и рестораны","OOO Bafan",,"Кредитка","388.00","RUB","Кредитка","0.00","RUB",2024-02-26 11:48:51,2024-02-29 23:19:37,
2024-02-26,"Проезд","Петербургский метрополитен",,"Открытие","70.00","RUB","Открытие","0.00","RUB",2024-02-26 14:10:30,2024-02-29 23:19:37,
2024-02-26,"Проезд","YandexGo",,"Tinkoff Black","721.00","RUB","Tinkoff Black","0.00","RUB",2024-02-26 15:59:49,2024-02-29 23:19:37,
2024-02-26,,,,"Tinkoff Black","29.00","RUB","Инвесткопилка","29.00","RUB",2024-02-26 15:59:50,2024-02-29 23:19:37,
2024-02-26,"Тратата","Евгений Д.",,"Открытие","340.00","RUB","Открытие","0.00","RUB",2024-02-26 16:19:28,2024-02-29 23:19:37,
2024-02-26,"Тратата","220030******8585","Перевод на карту","Кредитка","3213.00","RUB","Кредитка","0.00","RUB",2024-02-26 16:34:53,2024-03-24 09:49:08,
2024-02-26,"Проезд","YandexGo",,"Tinkoff Black","279.00","RUB","Tinkoff Black","0.00","RUB",2024-02-26 17:04:34,2024-02-29 23:19:37,
2024-02-26,,,,"Tinkoff Black","21.00","RUB","Инвесткопилка","21.00","RUB",2024-02-26 17:04:35,2024-02-29 23:19:37,
2024-02-26,,"Евгений Александрович Д.",,"Сбербанк","0.00","RUB","Сбербанк","3088.00","RUB",2024-02-26 17:32:09,2024-03-02 20:13:37,
2024-02-26,"Проезд","YandexGo",,"Tinkoff Black","476.00","RUB","Tinkoff Black","0.00","RUB",2024-02-26 17:52:40,2024-02-29 23:19:37,
2024-02-26,,,,"Tinkoff Black","24.00","RUB","Инвесткопилка","24.00","RUB",2024-02-26 17:52:41,2024-02-29 23:19:37,
2024-02-27,,,,"Кредитка","2000.00","RUB","Tinkoff Black","2000.00","RUB",2024-02-26 21:35:56,2024-02-29 23:19:37,
2024-02-27,"Проезд","YandexGo",,"Tinkoff Black","526.00","RUB","Tinkoff Black","0.00","RUB",2024-02-26 21:57:57,2024-02-29 23:19:37,
2024-02-27,,,,"Tinkoff Black","24.00","RUB","Инвесткопилка","24.00","RUB",2024-02-26 21:57:58,2024-02-29 23:19:37,
2024-02-27,"Проезд","YandexGo",,"Tinkoff Black","396.00","RUB","Tinkoff Black","0.00","RUB",2024-02-27 05:50:48,2024-02-29 23:19:37,
2024-02-27,,,,"Tinkoff Black","4.00","RUB","Инвесткопилка","4.00","RUB",2024-02-27 05:50:49,2024-02-29 23:19:37,
2024-02-27,"Кафе и рестораны","RAMEN SHIFU",,"Кредитка","420.00","RUB","Кредитка","0.00","RUB",2024-02-27 11:17:38,2024-02-29 23:19:37,
2024-02-27,,"Кирилл",,"Кредитка","1000.00","RUB","Долги","1000.00","RUB",2024-02-27 14:17:49,2024-03-10 18:40:32,
2024-02-27,"Продукты","MINIMARKET",,"Кредитка","40.00","RUB","Кредитка","0.00","RUB",2024-02-27 15:17:37,2024-03-24 09:49:08,
2024-02-27,"Сигареты","MINIMARKET",,"Кредитка","229.00","RUB","Кредитка","0.00","RUB",2024-02-27 15:17:38,2024-03-24 09:49:08,
2024-02-27,"Проезд","YandexGo",,"Tinkoff Black","449.00","RUB","Tinkoff Black","0.00","RUB",2024-02-27 15:48:06,2024-02-29 23:19:37,
2024-02-27,,,,"Tinkoff Black","1.00","RUB","Инвесткопилка","1.00","RUB",2024-02-27 15:48:07,2024-02-29 23:19:37,
2024-02-27,"Кэшбэк",,"Кэшбэк за обычные покупки","Tinkoff Black","0.00","RUB","Tinkoff Black","132.00","RUB",2024-02-27 19:56:51,2024-02-29 23:19:37,
2024-02-27,,,,"Tinkoff Black","132.00","RUB","Инвесткопилка","132.00","RUB",2024-02-27 20:00:24,2024-02-29 23:19:37,
2024-02-27,"Проезд","YandexGo",,"Tinkoff Black","335.00","RUB","Tinkoff Black","0.00","RUB",2024-02-27 20:01:17,2024-02-29 23:19:37,
2024-02-27,,,,"Tinkoff Black","15.00","RUB","Инвесткопилка","15.00","RUB",2024-02-27 20:01:18,2024-02-29 23:19:37,
2024-02-27,"Проезд","YandexGo",,"Tinkoff Black","417.00","RUB","Tinkoff Black","0.00","RUB",2024-02-27 20:25:45,2024-02-29 23:19:37,
2024-02-27,,,,"Tinkoff Black","33.00","RUB","Инвесткопилка","33.00","RUB",2024-02-27 20:25:46,2024-02-29 23:19:37,
2024-02-28,"Проезд","Ияд Ахмед Салом А.",,"Tinkoff Black","200.00","RUB","Tinkoff Black","0.00","RUB",2024-02-27 23:34:39,2024-03-24 09:49:08,
2024-02-28,"Кафе и рестораны","BAR 1",,"Кредитка","7000.00","RUB","Кредитка","0.00","RUB",2024-02-28 00:36:07,2024-03-31 06:39:51,
2024-02-28,"Кафе и рестораны","БАР 1",,"Сбербанк","6000.00","RUB","Сбербанк","0.00","RUB",2024-02-28 02:27:24,2024-02-29 23:19:37,
2024-02-28,"Тратата","Senator",,"Кредитка","3000.00","RUB","Кредитка","0.00","RUB",2024-02-28 03:42:40,2024-03-24 09:49:08,
2024-02-28,"Тратата","Senator",,"Кредитка","3050.00","RUB","Кредитка","0.00","RUB",2024-02-28 04:00:31,2024-03-24 09:49:08,
2024-02-28,,,,"Кредитка","20000.00","RUB","Tinkoff Black","20000.00","RUB",2024-02-28 04:40:38,2024-02-29 23:19:37,
2024-02-28,"Тратата","Senator",,"Tinkoff Black","18700.00","RUB","Tinkoff Black","0.00","RUB",2024-02-28 04:42:09,2024-03-24 09:49:08,
2024-02-28,,,,"Открытие","904.50","RUB","Tinkoff Black","900.00","RUB",2024-02-28 05:44:23,2024-03-02 20:13:37,
2024-02-28,"Проезд","YandexGo",,"Tinkoff Black","472.00","RUB","Tinkoff Black","0.00","RUB",2024-02-28 06:03:50,2024-02-29 23:19:37,
2024-02-28,,,,"Tinkoff Black","28.00","RUB","Инвесткопилка","28.00","RUB",2024-02-28 06:03:51,2024-02-29 23:19:37,
2024-02-28,"Продукты","MINIMARKET",,"Кредитка","85.00","RUB","Кредитка","0.00","RUB",2024-02-28 11:30:00,2024-03-24 09:49:08,
2024-02-28,"Сигареты","MINIMARKET",,"Кредитка","229.00","RUB","Кредитка","0.00","RUB",2024-02-28 11:30:01,2024-03-24 09:49:08,
2024-02-28,,,,"Инвесткопилка","10000.00","RUB","Tinkoff Black","10000.00","RUB",2024-02-28 11:59:39,2024-02-29 23:19:37,
2024-02-28,"Кафе и рестораны","Sp_Restoran Tabla",,"Tinkoff Black","1400.00","RUB","Tinkoff Black","0.00","RUB",2024-02-28 15:13:47,2024-02-29 23:19:37,
2024-02-28,"Корректировка","Евгений Д.",,"Открытие","0.00","RUB","Открытие","600.00","RUB",2024-02-28 15:14:18,2024-03-31 06:39:51,
2024-02-28,,"Дмитрий Б.","Питер","Долги","35000.00","RUB","Наличные","35000.00","RUB",2024-03-31 06:25:01,2024-03-31 06:39:51,
2024-02-29,"Дом / Ипотека",,"Уплата процентов КД №770439 от 29.05.2020г.","Счет погашения ипотеки","9173.34","RUB","Счет погашения ипотеки","0.00","RUB",2024-02-28 21:00:00,2024-02-29 23:19:37,
2024-02-29,"Дом / Ипотека",,"Погашение основного долга КД №770439 от 29.05.2020г.","Счет погашения ипотеки","4320.66","RUB","Счет погашения ипотеки","0.00","RUB",2024-02-28 21:00:01,2024-02-29 23:19:37,
2024-02-29,"Проезд","YandexGo",,"Tinkoff Black","422.00","RUB","Tinkoff Black","0.00","RUB",2024-02-29 05:48:49,2024-02-29 23:19:37,
2024-02-29,,,,"Tinkoff Black","28.00","RUB","Инвесткопилка","28.00","RUB",2024-02-29 05:48:50,2024-02-29 23:19:37,
2024-02-29,"Кафе и рестораны","RAMEN SHIFU",,"Tinkoff Black","420.00","RUB","Tinkoff Black","0.00","RUB",2024-02-29 10:47:04,2024-02-29 23:19:37,
2024-02-29,,,,"Tinkoff Black","30.00","RUB","Инвесткопилка","30.00","RUB",2024-02-29 10:47:05,2024-02-29 23:19:37,
2024-02-29,"Проезд","YandexGo",,"Tinkoff Black","268.00","RUB","Tinkoff Black","0.00","RUB",2024-02-29 17:28:20,2024-02-29 23:19:37,
2024-02-29,,,,"Tinkoff Black","32.00","RUB","Инвесткопилка","32.00","RUB",2024-02-29 17:28:22,2024-03-02 20:13:37,
2024-02-29,"Сигареты","MINIMARKET",,"Tinkoff Black","169.00","RUB","Tinkoff Black","0.00","RUB",2024-02-29 17:29:22,2024-03-24 09:49:08,
2024-02-29,,,,"Tinkoff Black","31.00","RUB","Инвесткопилка","31.00","RUB",2024-02-29 17:29:23,2024-02-29 23:19:37,
2024-02-29,"Кафе и рестораны","Евгений Д.",,"Tinkoff Black","2400.00","RUB","Tinkoff Black","0.00","RUB",2024-02-29 19:53:08,2024-03-10 18:40:32,
2024-02-29,"Проезд","YandexGo",,"Tinkoff Black","575.00","RUB","Tinkoff Black","0.00","RUB",2024-02-29 20:01:17,2024-03-02 20:13:37,
2024-02-29,,,,"Tinkoff Black","25.00","RUB","Инвесткопилка","25.00","RUB",2024-02-29 20:01:18,2024-03-02 20:13:37,
2024-03-01,,,"Корректировка налога","Инвесткопилка","40.00","RUB","Инвесткопилка","0.00","RUB",2024-02-29 21:00:01,2024-03-02 20:13:37,
2024-03-01,,"Евгений Александрович Д.",,"Сбербанк","0.00","RUB","Сбербанк","1000.00","RUB",2024-02-29 22:55:36,2024-03-02 20:13:37,
2024-03-01,"Проезд","YandexGo",,"Tinkoff Black","239.00","RUB","Tinkoff Black","0.00","RUB",2024-02-29 23:09:54,2024-03-02 20:13:37,
2024-03-01,,,,"Tinkoff Black","11.00","RUB","Инвесткопилка","11.00","RUB",2024-02-29 23:09:56,2024-03-02 20:13:37,
2024-03-01,"Кафе и рестораны","Sp_Restoran Tabla",,"Tinkoff Black","500.00","RUB","Tinkoff Black","0.00","RUB",2024-03-01 12:26:15,2024-03-02 20:13:37,
2024-03-01,"Сигареты","MINIMARKET",,"Tinkoff Black","239.00","RUB","Tinkoff Black","0.00","RUB",2024-03-01 12:34:51,2024-03-24 09:49:08,
2024-03-01,,,,"Tinkoff Black","11.00","RUB","Инвесткопилка","11.00","RUB",2024-03-01 12:34:52,2024-03-02 20:13:37,
2024-03-01,"Проезд","YandexGo",,"Tinkoff Black","476.00","RUB","Tinkoff Black","0.00","RUB",2024-03-01 14:34:16,2024-03-02 20:13:37,
2024-03-01,,,,"Tinkoff Black","24.00","RUB","Инвесткопилка","24.00","RUB",2024-03-01 14:34:17,2024-03-02 20:13:37,
2024-03-01,"Продукты","DAILY FOOD MV",,"Tinkoff Black","170.00","RUB","Tinkoff Black","0.00","RUB",2024-03-01 14:39:35,2024-03-02 20:13:37,
2024-03-01,,,,"Tinkoff Black","30.00","RUB","Инвесткопилка","30.00","RUB",2024-03-01 14:39:36,2024-03-02 20:13:37,
2024-03-01,,,"Пополнение счета Тинькофф Брокер (подарок)","Tinkoff Black","0.00","RUB","Tinkoff Black","2007.50","RUB",2024-03-01 15:14:17,2024-03-02 20:13:37,
2024-03-01,,"Пополнение счета Тинькофф Брокер (подарок)",,"Tinkoff Black","2007.50","RUB","Tinkoff Black","0.00","RUB",2024-03-01 15:14:18,2024-03-02 20:13:37,
2024-03-02,"Проезд","YandexGo",,"Tinkoff Black","711.00","RUB","Tinkoff Black","0.00","RUB",2024-03-02 03:16:13,2024-03-02 20:13:37,
2024-03-02,,,,"Tinkoff Black","39.00","RUB","Инвесткопилка","39.00","RUB",2024-03-02 03:16:14,2024-03-02 20:13:37,
2024-03-02,,"Дмитрий Б.","Питер","Сбербанк","10000.00","RUB","Долги","10000.00","RUB",2024-03-02 09:35:15,2024-03-31 06:39:51,
2024-03-02,"Продукты","Yandex.Market15",,"Tinkoff Black","1907.00","RUB","Tinkoff Black","0.00","RUB",2024-03-02 12:34:53,2024-03-02 20:13:37,
2024-03-02,,,,"Tinkoff Black","43.00","RUB","Инвесткопилка","43.00","RUB",2024-03-02 12:34:54,2024-03-02 20:13:37,
2024-03-02,"Продукты","Yandex.Market15",,"Tinkoff Black","138.00","RUB","Tinkoff Black","0.00","RUB",2024-03-02 12:42:48,2024-03-02 20:13:37,
2024-03-02,,,,"Tinkoff Black","12.00","RUB","Инвесткопилка","12.00","RUB",2024-03-02 12:42:49,2024-03-02 20:13:37,
2024-03-02,"Сигареты","MAGNIT MM ABSORBER",,"Tinkoff Black","239.00","RUB","Tinkoff Black","0.00","RUB",2024-03-02 16:16:07,2024-03-02 20:14:15,
2024-03-02,,,,"Tinkoff Black","11.00","RUB","Инвесткопилка","11.00","RUB",2024-03-02 16:16:08,2024-03-02 20:13:37,
2024-03-03,"Продукты","Yandex.Market15",,"Tinkoff Black","0.00","RUB","Tinkoff Black","35.00","RUB",2024-03-03 08:49:20,2024-03-09 14:31:56,
2024-03-03,"Продукты","PEREKRESTOK AKMOLINSKI",,"Tinkoff Black","124.99","RUB","Tinkoff Black","0.00","RUB",2024-03-03 12:06:56,2024-03-09 14:31:56,
2024-03-03,,,,"Tinkoff Black","25.01","RUB","Инвесткопилка","25.01","RUB",2024-03-03 12:06:57,2024-03-09 14:31:56,
2024-03-03,"Продукты","PYATEROCHKA 3433",,"Tinkoff Black","102.98","RUB","Tinkoff Black","0.00","RUB",2024-03-03 17:14:13,2024-03-09 14:31:56,
2024-03-03,,,,"Tinkoff Black","47.02","RUB","Инвесткопилка","47.02","RUB",2024-03-03 17:14:14,2024-03-09 14:31:56,
2024-03-04,"Продукты","PYATEROCHKA 3433",,"Tinkoff Black","239.00","RUB","Tinkoff Black","0.00","RUB",2024-03-04 07:47:52,2024-03-10 18:40:32,
2024-03-04,,,,"Tinkoff Black","11.00","RUB","Инвесткопилка","11.00","RUB",2024-03-04 07:47:53,2024-03-09 14:31:56,
2024-03-04,"Платежи. комиссии","Виктор В.",,"Tinkoff Black","336.00","RUB","Tinkoff Black","0.00","RUB",2024-03-04 07:57:38,2024-03-10 18:40:32,
2024-03-04,,,,"Инвесткопилка","9998.00","RUB","Tinkoff Black","9998.00","RUB",2024-03-04 07:58:15,2024-03-09 14:31:56,
2024-03-04,,,"Удержание налога на прибыль","Инвесткопилка","2.00","RUB","Инвесткопилка","0.00","RUB",2024-03-04 07:58:16,2024-03-09 14:31:56,
2024-03-04,"Продукты","SPAR N98",,"Tinkoff Black","108.80","RUB","Tinkoff Black","0.00","RUB",2024-03-04 09:48:32,2024-03-10 18:40:32,
2024-03-04,,,,"Tinkoff Black","12.20","RUB","Инвесткопилка","12.20","RUB",2024-03-04 09:48:33,2024-03-09 14:31:56,
2024-03-04,"Сигареты","SPAR N98",,"Tinkoff Black","229.00","RUB","Tinkoff Black","0.00","RUB",2024-03-04 09:48:33,2024-03-10 18:40:32,
2024-03-04,"Продукты","SPAR N21",,"Tinkoff Black","188.90","RUB","Tinkoff Black","0.00","RUB",2024-03-04 17:56:22,2024-03-09 14:31:56,
2024-03-04,,,,"Tinkoff Black","11.10","RUB","Инвесткопилка","11.10","RUB",2024-03-04 17:56:23,2024-03-09 14:31:56,
2024-03-05,"Продукты","SPAR N21",,"Tinkoff Black","328.90","RUB","Tinkoff Black","0.00","RUB",2024-03-05 04:30:46,2024-03-24 09:49:08,
2024-03-05,,,,"Tinkoff Black","21.10","RUB","Инвесткопилка","21.10","RUB",2024-03-05 04:30:47,2024-03-09 14:31:56,
2024-03-05,"Обед","Kafe Stejk-Khaus",,"Tinkoff Black","156.00","RUB","Tinkoff Black","0.00","RUB",2024-03-05 05:40:39,2024-03-09 14:31:56,
2024-03-05,,,,"Tinkoff Black","44.00","RUB","Инвесткопилка","44.00","RUB",2024-03-05 05:40:40,2024-03-09 14:31:56,
2024-03-05,"Кэшбэк",,"За участие в акции","Tinkoff Black","0.00","RUB","Tinkoff Black","15.19","RUB",2024-03-05 09:16:47,2024-03-10 18:40:32,
2024-03-05,,,"Перевод СБП B40650920154871B0000120011200102 от МАКСИМ СТАНИСЛАВОВИЧ Б 79922220690 Тинькофф Банк","Tinkoff Black","1000.00","RUB","Открытие","1000.00","RUB",2024-03-05 09:20:19,2024-03-09 14:31:56,
2024-03-05,,,,"Открытие","400.00","RUB","Наличные","400.00","RUB",2024-03-05 09:28:24,2024-03-09 14:15:51,
2024-03-05,,,,"Открытие","400.00","RUB","Наличные","400.00","RUB",2024-03-05 09:29:09,2024-03-09 14:15:51,
2024-03-05,"Кафе и рестораны","Meteor",,"Tinkoff Black","850.00","RUB","Tinkoff Black","0.00","RUB",2024-03-05 09:55:28,2024-03-09 14:31:56,
2024-03-05,"Продукты","SPAR N21",,"Tinkoff Black","168.00","RUB","Tinkoff Black","0.00","RUB",2024-03-05 14:46:30,2024-03-09 14:31:56,
2024-03-05,,,,"Tinkoff Black","32.00","RUB","Инвесткопилка","32.00","RUB",2024-03-05 14:46:31,2024-03-09 14:31:56,
2024-03-05,"Сигареты","Obnya",,"Tinkoff Black","239.00","RUB","Tinkoff Black","0.00","RUB",2024-03-05 16:54:56,2024-03-24 09:49:08,
2024-03-05,,,,"Tinkoff Black","11.00","RUB","Инвесткопилка","11.00","RUB",2024-03-05 16:54:57,2024-03-09 14:31:56,
2024-03-05,"Продукты","SPAR N21",,"Tinkoff Black","159.80","RUB","Tinkoff Black","0.00","RUB",2024-03-05 16:58:56,2024-03-09 14:31:56,
2024-03-05,,,,"Tinkoff Black","40.20","RUB","Инвесткопилка","40.20","RUB",2024-03-05 16:58:57,2024-03-09 14:31:56,
2024-03-06,,,"Корректировка налога","Инвесткопилка","28.00","RUB","Инвесткопилка","0.00","RUB",2024-03-05 21:00:01,2024-03-09 14:31:56,
2024-03-06,"Продукты","SPAR N21",,"Tinkoff Black","59.90","RUB","Tinkoff Black","0.00","RUB",2024-03-06 04:32:11,2024-03-09 14:31:56,
2024-03-06,,,,"Tinkoff Black","40.10","RUB","Инвесткопилка","40.10","RUB",2024-03-06 04:32:12,2024-03-09 14:31:56,
2024-03-06,"Обед","Kafe Stejk-Khaus",,"Tinkoff Black","192.00","RUB","Tinkoff Black","0.00","RUB",2024-03-06 05:45:30,2024-03-09 14:31:56,
2024-03-06,,,,"Tinkoff Black","8.00","RUB","Инвесткопилка","8.00","RUB",2024-03-06 05:45:31,2024-03-09 14:31:56,
2024-03-06,"Кафе и рестораны","Meteor",,"Tinkoff Black","720.00","RUB","Tinkoff Black","0.00","RUB",2024-03-06 10:03:34,2024-03-09 14:31:56,
2024-03-06,,,,"Tinkoff Black","30.00","RUB","Инвесткопилка","30.00","RUB",2024-03-06 10:03:35,2024-03-09 14:31:56,
2024-03-06,"Обед","Kafe Stejk-Khaus",,"Tinkoff Black","190.00","RUB","Tinkoff Black","0.00","RUB",2024-03-06 11:37:45,2024-03-09 14:31:56,
2024-03-06,,,,"Tinkoff Black","10.00","RUB","Инвесткопилка","10.00","RUB",2024-03-06 11:37:46,2024-03-09 14:31:56,
2024-03-06,"Продукты","SPAR 50",,"Tinkoff Black","237.90","RUB","Tinkoff Black","0.00","RUB",2024-03-06 16:38:28,2024-03-09 14:31:56,
2024-03-06,,,,"Tinkoff Black","12.10","RUB","Инвесткопилка","12.10","RUB",2024-03-06 16:38:29,2024-03-09 14:31:56,
2024-03-06,"Здоровье и фитнес","IP Chuprov K.V.","Стрижка","Tinkoff Black","1500.00","RUB","Tinkoff Black","0.00","RUB",2024-03-06 17:45:31,2024-03-31 06:39:51,
2024-03-06,"Продукты","AUCHAN MESHERSKOE OZER",,"Tinkoff Black","528.73","RUB","Tinkoff Black","0.00","RUB",2024-03-06 18:24:05,2024-03-09 14:31:56,
2024-03-06,,,,"Tinkoff Black","21.27","RUB","Инвесткопилка","21.27","RUB",2024-03-06 18:24:06,2024-03-09 14:31:56,
2024-03-06,"Сигареты","BRISTOL 1",,"Tinkoff Black","259.00","RUB","Tinkoff Black","0.00","RUB",2024-03-06 18:25:00,2024-03-10 18:40:32,
2024-03-06,,,,"Tinkoff Black","41.00","RUB","Инвесткопилка","41.00","RUB",2024-03-06 18:25:01,2024-03-09 14:31:56,
2024-03-07,"Обед","kafe Steyk-KhausPQR",,"Кредитка","211.00","RUB","Кредитка","0.00","RUB",2024-03-07 05:42:50,2024-03-09 14:16:03,
2024-03-07,"Обед","Kafe Stejk-Khaus",,"Tinkoff Black","60.00","RUB","Tinkoff Black","0.00","RUB",2024-03-07 08:27:49,2024-03-09 14:31:56,
2024-03-07,,,,"Tinkoff Black","40.00","RUB","Инвесткопилка","40.00","RUB",2024-03-07 08:27:50,2024-03-09 14:31:56,
2024-03-07,"Зарплата",,"Перечисление ден. средств по реестру","Открытие","0.00","RUB","Открытие","68721.73","RUB",2024-03-07 09:34:02,2024-03-31 06:39:51,
2024-03-07,,,,"Открытие","69500.00","RUB","Tinkoff Black","69500.00","RUB",2024-03-07 09:37:14,2024-03-09 14:31:56,
2024-03-07,,,,"Tinkoff Black","72200.00","RUB","Кредитка","72200.00","RUB",2024-03-07 09:37:42,2024-03-09 14:31:56,
2024-03-07,,,,"Сбербанк","8000.00","RUB","Кредитка","8000.00","RUB",2024-03-07 09:38:36,2024-03-09 14:16:03,
2024-03-07,,"Евгений Д.",,"Tinkoff Black","0.00","RUB","Tinkoff Black","8000.00","RUB",2024-03-07 09:38:58,2024-03-10 18:40:32,
2024-03-07,,,,"Tinkoff Black","8000.00","RUB","Tinkoff Black","0.00","RUB",2024-03-07 09:39:19,2024-03-24 09:49:08,
2024-03-07,,"Дмитрий Б.","Питер","Кредитка","15000.00","RUB","Долги","15000.00","RUB",2024-03-07 09:40:06,2024-03-31 06:39:51,
2024-03-07,,,,"Кредитка","1000.00","RUB","Tinkoff Black","1000.00","RUB",2024-03-07 09:41:12,2024-03-09 14:31:56,
2024-03-07,"Кафе и рестораны","Meteor",,"Кредитка","850.00","RUB","Кредитка","0.00","RUB",2024-03-07 10:09:07,2024-03-09 14:16:03,
2024-03-07,"Подарки","Siyrnaya Lavka",,"Кредитка","380.00","RUB","Кредитка","0.00","RUB",2024-03-07 10:17:41,2024-03-10 18:40:32,
2024-03-07,"Подарки","Вячеслав Л.",,"Кредитка","215.00","RUB","Кредитка","0.00","RUB",2024-03-07 10:27:15,2024-03-09 14:16:03,
2024-03-07,"Подарки","Денис Б.",,"Кредитка","1000.00","RUB","Кредитка","0.00","RUB",2024-03-07 10:27:57,2024-03-10 18:40:32,
2024-03-07,"Подарки","Валерий К.",,"Кредитка","245.00","RUB","Кредитка","0.00","RUB",2024-03-07 10:30:12,2024-03-09 14:16:03,
2024-03-07,"Продукты","LENTA 294",,"Кредитка","829.34","RUB","Кредитка","0.00","RUB",2024-03-07 17:24:40,2024-03-24 09:49:08,
2024-03-07,"Сигареты","LENTA 294",,"Кредитка","229.00","RUB","Кредитка","0.00","RUB",2024-03-07 17:24:41,2024-03-24 09:49:08,
2024-03-08,,,,"Кредитка","5000.00","RUB","Наличные","5000.00","RUB",2024-03-08 09:00:39,2024-03-09 14:16:03,
2024-03-08,"Платежи. комиссии",,"Комиссия: Комиссия за операцию","Кредитка","435.00","RUB","Кредитка","0.00","RUB",2024-03-08 09:01:36,2024-03-09 14:16:03,
2024-03-08,"Продукты","SPAR 63",,"Кредитка","79.90","RUB","Кредитка","0.00","RUB",2024-03-08 09:10:50,2024-03-10 18:40:32,
2024-03-08,"Кафе и рестораны","Fuku Ramen",,"Кредитка","1470.00","RUB","Кредитка","0.00","RUB",2024-03-08 10:00:16,2024-03-09 14:16:03,
2024-03-08,"Продукты","PYATEROCHKA 3433",,"Кредитка","224.98","RUB","Кредитка","0.00","RUB",2024-03-08 10:51:29,2024-03-09 14:16:03,
2024-03-08,"Продукты","SPAR",,"Кредитка","375.70","RUB","Кредитка","0.00","RUB",2024-03-08 15:30:58,2024-03-10 18:40:32,
2024-03-08,"Сигареты","SPAR",,"Кредитка","229.00","RUB","Кредитка","0.00","RUB",2024-03-08 15:30:59,2024-03-10 18:40:32,
2024-03-08,"Продукты","SPAR N21",,"Кредитка","399.90","RUB","Кредитка","0.00","RUB",2024-03-08 16:10:27,2024-03-10 18:40:32,
2024-03-08,"Продукты","SPAR",,"Кредитка","808.80","RUB","Кредитка","0.00","RUB",2024-03-08 16:29:01,2024-03-09 14:16:03,
2024-03-08,"Продукты","SPAR 50",,"Кредитка","607.80","RUB","Кредитка","0.00","RUB",2024-03-08 17:03:59,2024-03-09 14:16:03,
2024-03-08,"Тратата","220030******4742","Перевод на карту","Кредитка","3213.00","RUB","Кредитка","0.00","RUB",2024-03-08 17:51:32,2024-03-10 12:35:45,
2024-03-08,"Продукты","TK LENTA-51",,"Кредитка","239.96","RUB","Кредитка","0.00","RUB",2024-03-08 20:49:09,2024-03-09 14:16:03,
2024-03-09,"Платежи. комиссии","Сотовая связь",,"Открытие","50.00","RUB","Открытие","0.00","RUB",2024-03-08 21:25:42,2024-03-09 14:15:51,
2024-03-09,"Платежи. комиссии","Itunesgiftru",,"Кредитка","1499.00","RUB","Кредитка","0.00","RUB",2024-03-08 22:05:28,2024-03-09 14:16:03,
2024-03-09,"Платежи. комиссии",,"Комиссия: Плата за оформление рассрочки в EatOut","Кредитка","546.00","RUB","Кредитка","0.00","RUB",2024-03-09 15:25:19,2024-03-10 18:40:32,
2024-03-09,"Платежи. комиссии",,"Комиссия: Плата за оформление рассрочки в PALACE BRIDGE HOTEL RE","Кредитка","3081.00","RUB","Кредитка","0.00","RUB",2024-03-09 15:25:20,2024-03-10 18:40:32,
2024-03-09,"Платежи. комиссии",,"Комиссия: Плата за оформление рассрочки в SENATOR","Кредитка","234.00","RUB","Кредитка","0.00","RUB",2024-03-09 15:25:40,2024-03-10 18:40:32,
2024-03-09,"Платежи. комиссии",,"Комиссия: Плата за оформление рассрочки в SENATOR","Кредитка","237.00","RUB","Кредитка","0.00","RUB",2024-03-09 15:25:41,2024-03-10 18:40:32,
2024-03-09,"Платежи. комиссии",,"Комиссия: Комиссия за операцию","Кредитка","591.19","RUB","Кредитка","0.00","RUB",2024-03-09 15:26:52,2024-03-10 12:38:08,
2024-03-09,,,"Перевод СБП A40691526534211C0000010011200102 от МАКСИМ СТАНИСЛАВОВИЧ Б 79922220690 Тинькофф Банк","Кредитка","23000.00","RUB","Открытие","23000.00","RUB",2024-03-09 15:26:57,2024-03-10 12:38:08,
2024-03-09,"Продукты","PYATEROCHKA 3433",,"Кредитка","125.97","RUB","Кредитка","0.00","RUB",2024-03-09 18:06:49,2024-03-10 18:40:32,
2024-03-09,"Сигареты","PYATEROCHKA 3433",,"Кредитка","229.00","RUB","Кредитка","0.00","RUB",2024-03-09 18:06:50,2024-03-10 18:40:32,
2024-03-10,"Платежи. комиссии","TELE2",,"Кредитка","420.00","RUB","Кредитка","0.00","RUB",2024-03-10 12:35:17,2024-05-10 12:50:32,
2024-03-10,"Продукты","PYATEROCHKA 3433",,"Кредитка","165.96","RUB","Кредитка","0.00","RUB",2024-03-10 16:12:31,2024-03-10 22:33:45,
2024-03-10,"Сигареты","PYATEROCHKA 3433",,"Кредитка","229.00","RUB","Кредитка","0.00","RUB",2024-03-10 16:12:32,2024-03-10 22:33:45,
2024-03-11,,,,"Открытие","23000.00","RUB","Наличные","23000.00","RUB",2024-03-11 05:42:41,2024-03-13 04:50:38,
2024-03-11,"Продукты","SPAR N21",,"Кредитка","303.00","RUB","Кредитка","0.00","RUB",2024-03-11 08:27:01,2024-03-11 09:41:16,
2024-03-11,"Дом / Съем жилья ",,,"Наличные","23000.00","RUB","Наличные","0.00","RUB",2024-03-11 09:41:54,2024-03-11 15:25:50,
2024-03-11,"Обед","Kafe Stejk-Khaus",,"Кредитка","175.00","RUB","Кредитка","0.00","RUB",2024-03-11 11:20:21,2024-03-11 15:36:08,
2024-03-11,"Сигареты","Obnya",,"Кредитка","235.00","RUB","Кредитка","0.00","RUB",2024-03-11 14:40:54,2024-03-11 15:36:08,
2024-03-11,"Платежи. комиссии","Tinkoff Pro",,"Кредитка","199.00","RUB","Кредитка","0.00","RUB",2024-03-11 20:44:24,2024-03-24 09:49:08,
2024-03-12,"Продукты","SPAR N21",,"Кредитка","59.90","RUB","Кредитка","0.00","RUB",2024-03-12 04:36:26,2024-03-13 04:50:38,
2024-03-12,"Обед","Kafe Stejk-Khaus",,"Кредитка","196.00","RUB","Кредитка","0.00","RUB",2024-03-12 05:59:21,2024-03-13 04:50:38,
2024-03-12,"Кафе и рестораны","Meteor",,"Кредитка","820.00","RUB","Кредитка","0.00","RUB",2024-03-12 10:09:48,2024-03-13 04:50:38,
2024-03-12,"Обед","Kafe Stejk-Khaus",,"Кредитка","60.00","RUB","Кредитка","0.00","RUB",2024-03-12 10:46:28,2024-03-13 04:50:38,
2024-03-12,"Обед","Kafe Stejk-Khaus",,"Кредитка","190.00","RUB","Кредитка","0.00","RUB",2024-03-12 12:48:11,2024-03-13 04:50:38,
2024-03-13,"Продукты","SPAR N21",,"Кредитка","69.90","RUB","Кредитка","0.00","RUB",2024-03-13 04:30:45,2024-03-20 04:06:13,
2024-03-13,"Сигареты","SPAR N21",,"Кредитка","229.00","RUB","Кредитка","0.00","RUB",2024-03-13 04:30:46,2024-03-20 04:06:13,
2024-03-13,"Обед","Kafe Stejk-Khaus",,"Кредитка","196.00","RUB","Кредитка","0.00","RUB",2024-03-13 05:45:23,2024-03-24 09:49:08,
2024-03-13,"Обед","Kafe Stejk-Khaus",,"Кредитка","110.00","RUB","Кредитка","0.00","RUB",2024-03-13 08:01:56,2024-03-24 09:49:08,
2024-03-13,"Обед","kafe Steyk-KhausPQR",,"Кредитка","60.00","RUB","Кредитка","0.00","RUB",2024-03-13 12:05:56,2024-03-24 09:49:08,
2024-03-13,"Кафе и рестораны","IP SHMELEV IV",,"Кредитка","136.00","RUB","Кредитка","0.00","RUB",2024-03-13 14:08:24,2024-03-24 09:49:08,
2024-03-13,"Кафе и рестораны","IP SHMELEV IV",,"Кредитка","100.00","RUB","Кредитка","0.00","RUB",2024-03-13 14:09:13,2024-03-24 09:49:08,
2024-03-13,"Продукты","SPAR 50",,"Кредитка","346.90","RUB","Кредитка","0.00","RUB",2024-03-13 19:28:12,2024-03-24 09:49:08,
2024-03-13,"Платежи. комиссии",,"Комиссия: Комиссия за операцию","Кредитка","388.37","RUB","Кредитка","0.00","RUB",2024-03-13 19:38:05,2024-03-24 09:49:08,
2024-03-13,"Тратата","220030******2272","Перевод на карту","Кредитка","3392.00","RUB","Кредитка","0.00","RUB",2024-03-13 19:38:06,2024-03-24 09:49:08,
2024-03-14,"Тратата","220030******8585","Перевод на карту","Кредитка","2083.00","RUB","Кредитка","0.00","RUB",2024-03-13 21:28:49,2024-03-24 09:49:08,
2024-03-14,"Платежи. комиссии",,"Комиссия: Комиссия за операцию","Кредитка","350.41","RUB","Кредитка","0.00","RUB",2024-03-13 21:28:50,2024-03-24 09:49:08,
2024-03-14,"Продукты","SPAR N21",,"Кредитка","99.90","RUB","Кредитка","0.00","RUB",2024-03-14 04:23:53,2024-03-24 09:49:08,
2024-03-14,"Сигареты","SPAR N21",,"Кредитка","229.00","RUB","Кредитка","0.00","RUB",2024-03-14 04:23:54,2024-03-24 09:49:08,
2024-03-14,"Обед","Kafe Stejk-Khaus",,"Кредитка","196.00","RUB","Кредитка","0.00","RUB",2024-03-14 05:43:36,2024-03-24 09:49:08,
2024-03-14,"Продукты","SPAR N21",,"Кредитка","250.00","RUB","Кредитка","0.00","RUB",2024-03-14 09:01:10,2024-03-24 09:49:08,
2024-03-14,"Обед","Kafe Stejk-Khaus",,"Кредитка","60.00","RUB","Кредитка","0.00","RUB",2024-03-14 10:33:50,2024-03-24 09:49:08,
2024-03-14,"Обед","Kafe Stejk-Khaus",,"Кредитка","483.00","RUB","Кредитка","0.00","RUB",2024-03-14 11:55:52,2024-03-24 09:49:08,
2024-03-14,,"Кирилл",,"Долги","1000.00","RUB","Наличные","1000.00","RUB",2024-03-23 16:27:57,2024-03-23 16:29:38,
2024-03-15,"Продукты","SPAR N21",,"Кредитка","99.90","RUB","Кредитка","0.00","RUB",2024-03-15 04:20:41,2024-03-24 09:49:08,
2024-03-15,"Сигареты","SPAR N21",,"Кредитка","229.00","RUB","Кредитка","0.00","RUB",2024-03-15 04:20:42,2024-03-24 09:49:08,
2024-03-15,"Обед","Kafe Stejk-Khaus",,"Кредитка","161.00","RUB","Кредитка","0.00","RUB",2024-03-15 05:42:24,2024-03-24 09:49:08,
2024-03-15,"Обед","Kafe Stejk-Khaus",,"Кредитка","422.00","RUB","Кредитка","0.00","RUB",2024-03-15 09:28:02,2024-03-24 09:49:08,
2024-03-15,,,,"Инвесткопилка","3000.00","RUB","Tinkoff Black","3000.00","RUB",2024-03-15 09:47:26,2024-03-24 09:49:08,
2024-03-16,"Продукты","SPAR N21",,"Кредитка","475.80","RUB","Кредитка","0.00","RUB",2024-03-16 07:57:43,2024-03-24 09:49:08,
2024-03-16,"Кафе и рестораны","QSR 23001",,"Кредитка","644.00","RUB","Кредитка","0.00","RUB",2024-03-16 09:10:01,2024-03-24 09:49:08,
2024-03-16,"Сигареты","Obnya",,"Кредитка","239.00","RUB","Кредитка","0.00","RUB",2024-03-16 16:06:52,2024-03-24 09:49:08,
2024-03-16,"Продукты","SPAR N21",,"Кредитка","557.70","RUB","Кредитка","0.00","RUB",2024-03-16 16:12:45,2024-03-24 09:49:08,
2024-03-16,"Продукты","PYATEROCHKA 3433",,"Кредитка","289.94","RUB","Кредитка","0.00","RUB",2024-03-16 18:20:44,2024-03-24 09:49:08,
2024-03-17,"Проезд","SITICARD TRANSPORT",,"Кредитка","30.00","RUB","Кредитка","0.00","RUB",2024-03-17 10:31:36,2024-03-24 09:49:08,
2024-03-17,"Проезд","YandexGo",,"Tinkoff Black","272.00","RUB","Tinkoff Black","0.00","RUB",2024-03-17 11:27:52,2024-03-24 09:49:08,
2024-03-17,,,,"Tinkoff Black","28.00","RUB","Инвесткопилка","28.00","RUB",2024-03-17 11:27:53,2024-03-24 09:49:08,
2024-03-17,,,,"Tinkoff Black","2000.00","RUB","Кредитка","2000.00","RUB",2024-03-17 11:32:22,2024-03-24 09:49:08,
2024-03-17,"Кафе и рестораны","Sp_Impuls 1",,"Кредитка","2100.00","RUB","Кредитка","0.00","RUB",2024-03-17 11:55:57,2024-03-24 09:49:08,
2024-03-17,"Проезд","NKD STANTSIYA BORSKAYA",,"Кредитка","200.00","RUB","Кредитка","0.00","RUB",2024-03-17 12:47:17,2024-03-24 09:49:08,
2024-03-17,"Проезд","SITICARD TRANSPORT",,"Кредитка","30.00","RUB","Кредитка","0.00","RUB",2024-03-17 13:27:36,2024-03-24 09:49:08,
2024-03-17,"Проезд","SITICARD TRANSPORT",,"Кредитка","30.00","RUB","Кредитка","0.00","RUB",2024-03-17 13:27:37,2024-03-24 09:49:08,
2024-03-17,"Продукты","SPAR N21",,"Кредитка","475.80","RUB","Кредитка","0.00","RUB",2024-03-17 13:51:21,2024-03-24 09:49:08,
2024-03-17,"Проезд","DELIMOBIL NNOVGOROD",,"Tinkoff Black","390.00","RUB","Tinkoff Black","0.00","RUB",2024-03-17 15:46:17,2024-03-24 09:49:08,
2024-03-17,,,,"Tinkoff Black","10.00","RUB","Инвесткопилка","10.00","RUB",2024-03-17 15:46:18,2024-03-24 09:49:08,
2024-03-17,"Проезд","DELIMOBIL NNOVGOROD",,"Tinkoff Black","15.18","RUB","Tinkoff Black","0.00","RUB",2024-03-17 16:23:07,2024-03-24 09:49:08,
2024-03-17,,,,"Tinkoff Black","34.82","RUB","Инвесткопилка","34.82","RUB",2024-03-17 16:23:08,2024-03-24 09:49:08,
2024-03-17,"Проезд","DELIMOBIL NNOVGOROD",,"Tinkoff Black","554.05","RUB","Tinkoff Black","0.00","RUB",2024-03-17 17:32:44,2024-03-24 09:49:08,
2024-03-17,,,,"Tinkoff Black","45.95","RUB","Инвесткопилка","45.95","RUB",2024-03-17 17:32:45,2024-03-24 09:49:08,
2024-03-17,"Продукты","PYATEROCHKA 19669",,"Кредитка","99.99","RUB","Кредитка","0.00","RUB",2024-03-17 17:36:42,2024-03-24 09:49:08,
2024-03-17,"Сигареты","PYATEROCHKA 19669",,"Кредитка","229.00","RUB","Кредитка","0.00","RUB",2024-03-17 17:36:43,2024-03-24 09:49:08,
2024-03-17,"Проезд","DELIMOBIL NNOVGOROD",,"Tinkoff Black","596.67","RUB","Tinkoff Black","0.00","RUB",2024-03-17 18:24:02,2024-03-24 09:49:08,
2024-03-17,,,,"Tinkoff Black","3.33","RUB","Инвесткопилка","3.33","RUB",2024-03-17 18:24:03,2024-03-24 09:49:08,
2024-03-17,"Платежи. комиссии",,"Комиссия: Комиссия за операцию","Кредитка","319.00","RUB","Кредитка","0.00","RUB",2024-03-17 19:38:16,2024-03-24 09:49:08,
2024-03-17,,,,"Кредитка","1000.00","RUB","Tinkoff Black","1000.00","RUB",2024-03-17 19:38:17,2024-03-24 09:49:08,
2024-03-17,"Продукты","SPAR N98",,"Кредитка","65.80","RUB","Кредитка","0.00","RUB",2024-03-17 19:42:45,2024-03-24 09:49:08,
2024-03-17,"Проезд","DELIMOBIL NNOVGOROD",,"Tinkoff Black","699.72","RUB","Tinkoff Black","0.00","RUB",2024-03-17 20:20:49,2024-03-24 09:49:08,
2024-03-17,,,,"Tinkoff Black","0.28","RUB","Инвесткопилка","0.28","RUB",2024-03-17 20:20:50,2024-03-24 09:49:08,
2024-03-18,"Продукты","SPAR N21",,"Кредитка","59.90","RUB","Кредитка","0.00","RUB",2024-03-18 04:33:00,2024-03-24 09:49:08,
2024-03-18,,,,"Инвесткопилка","2991.00","RUB","Tinkoff Black","2991.00","RUB",2024-03-18 07:44:42,2024-03-24 09:49:08,
2024-03-18,,,"Удержание налога на прибыль","Инвесткопилка","9.00","RUB","Инвесткопилка","0.00","RUB",2024-03-18 07:44:43,2024-03-24 09:49:08,
2024-03-18,"Проезд","DELIMOBIL NNOVGOROD",,"Tinkoff Black","739.57","RUB","Tinkoff Black","0.00","RUB",2024-03-18 07:45:00,2024-03-24 09:49:08,
2024-03-18,,,,"Tinkoff Black","10.43","RUB","Инвесткопилка","10.43","RUB",2024-03-18 07:45:01,2024-03-24 09:49:08,
2024-03-18,"Кафе и рестораны","Meteor",,"Tinkoff Black","850.00","RUB","Tinkoff Black","0.00","RUB",2024-03-18 10:03:24,2024-03-24 09:49:08,
2024-03-18,"Обед","Kafe Stejk-Khaus",,"Tinkoff Black","200.00","RUB","Tinkoff Black","0.00","RUB",2024-03-18 12:45:57,2024-03-24 09:49:08,
2024-03-18,"Продукты","SPAR N21",,"Кредитка","297.40","RUB","Кредитка","0.00","RUB",2024-03-18 14:42:35,2024-03-24 09:49:08,
2024-03-18,"Сигареты","Obnya",,"Tinkoff Black","250.00","RUB","Tinkoff Black","0.00","RUB",2024-03-18 15:32:02,2024-03-24 09:49:08,
2024-03-18,"Проезд","YandexGo",,"Tinkoff Black","1.00","RUB","Tinkoff Black","0.00","RUB",2024-03-18 16:51:24,2024-03-24 09:49:08,
2024-03-18,,,,"Tinkoff Black","49.00","RUB","Инвесткопилка","49.00","RUB",2024-03-18 16:51:25,2024-03-24 09:49:08,
2024-03-19,,,"Корректировка налога","Инвесткопилка","9.00","RUB","Инвесткопилка","0.00","RUB",2024-03-18 21:00:01,2024-03-24 09:49:08,
2024-03-19,"Продукты","SPAR N21",,"Tinkoff Black","59.90","RUB","Tinkoff Black","0.00","RUB",2024-03-19 04:37:19,2024-03-24 09:49:08,
2024-03-19,,,,"Tinkoff Black","40.10","RUB","Инвесткопилка","40.10","RUB",2024-03-19 04:37:20,2024-03-24 09:49:08,
2024-03-19,,,,"Наличные","5000.00","RUB","Открытие","5000.00","RUB",2024-03-19 05:24:44,2024-03-24 09:49:08,
2024-03-19,"Обед","KAFE STEJK-KHAUS",,"Открытие","216.00","RUB","Открытие","0.00","RUB",2024-03-19 05:28:27,2024-03-24 09:49:08,
2024-03-19,"Аренда ","Яна Рустамовна Ф.",,"Сбербанк","0.00","RUB","Сбербанк","24900.00","RUB",2024-03-19 09:52:55,2024-03-24 09:49:08,
2024-03-19,,,,"Сбербанк","6000.00","RUB","Открытие","6000.00","RUB",2024-03-19 09:58:53,2024-03-24 09:49:08,
2024-03-19,"Кафе и рестораны","KAFE BISTRO",,"Открытие","880.00","RUB","Открытие","0.00","RUB",2024-03-19 10:18:28,2024-03-24 09:49:08,
2024-03-19,,,,"Открытие","6000.00","RUB","Наличные","6000.00","RUB",2024-03-19 10:26:54,2024-03-24 09:49:08,
2024-03-19,"Обед","KAFE STEJK-KHAUS",,"Открытие","110.00","RUB","Открытие","0.00","RUB",2024-03-19 11:55:08,2024-03-24 09:49:08,
2024-03-19,"Продукты","SPAR N21",,"Открытие","592.90","RUB","Открытие","0.00","RUB",2024-03-19 15:39:18,2024-03-24 09:49:08,
2024-03-19,"Сигареты","Obnya",,"Открытие","239.00","RUB","Открытие","0.00","RUB",2024-03-19 17:43:21,2024-03-24 09:49:08,
2024-03-20,"Платежи. комиссии","Yandex.Plus",,"Tinkoff Black","145.00","RUB","Tinkoff Black","0.00","RUB",2024-03-20 01:29:12,2024-03-24 09:49:08,
2024-03-20,,,,"Tinkoff Black","5.00","RUB","Инвесткопилка","5.00","RUB",2024-03-20 01:29:13,2024-03-24 09:49:08,
2024-03-20,"Продукты","SPAR N21",,"Кредитка","59.90","RUB","Кредитка","0.00","RUB",2024-03-20 04:44:17,2024-03-24 09:49:08,
2024-03-20,"Обед","KAFE STEJK-KHAUS",,"Открытие","196.00","RUB","Открытие","0.00","RUB",2024-03-20 05:43:16,2024-03-24 09:49:08,
2024-03-20,"Отдых и развлечения","Wildberries",,"Сбербанк","378.00","RUB","Сбербанк","0.00","RUB",2024-03-20 07:11:23,2024-04-12 15:34:58,
2024-03-20,"Подарки","Wildberries",,"Сбербанк","272.00","RUB","Сбербанк","0.00","RUB",2024-03-20 08:04:23,2024-03-24 09:49:08,
2024-03-20,"Обед","KAFE STEJK-KHAUS",,"Открытие","305.00","RUB","Открытие","0.00","RUB",2024-03-20 12:24:14,2024-03-24 09:49:08,
2024-03-20,"Продукты","SPAR N21",,"Открытие","819.89","RUB","Открытие","0.00","RUB",2024-03-20 14:43:52,2024-03-24 09:49:08,
2024-03-20,"Сигареты","Obnya",,"Открытие","239.00","RUB","Открытие","0.00","RUB",2024-03-20 16:56:01,2024-03-24 09:49:08,
2024-03-21,"Продукты","SPAR N21",,"Открытие","99.90","RUB","Открытие","0.00","RUB",2024-03-21 04:23:38,2024-03-24 09:49:08,
2024-03-21,"Сигареты","SPAR N21",,"Открытие","229.00","RUB","Открытие","0.00","RUB",2024-03-21 04:23:39,2024-03-24 09:49:08,
2024-03-21,"Обед","KAFE STEJK-KHAUS",,"Открытие","196.00","RUB","Открытие","0.00","RUB",2024-03-21 05:34:40,2024-03-24 09:49:08,
2024-03-21,"Здоровье и фитнес","Екатерина Юрьевна Е",,"Сбербанк","790.00","RUB","Сбербанк","0.00","RUB",2024-03-21 06:22:53,2024-03-24 09:49:08,
2024-03-21,,,,"Сбербанк","2000.00","RUB","Открытие","2000.00","RUB",2024-03-21 09:50:30,2024-03-24 09:49:08,
2024-03-21,"Кафе и рестораны","METEOR",,"Открытие","1090.00","RUB","Открытие","0.00","RUB",2024-03-21 10:13:38,2024-03-24 09:49:08,
2024-03-21,"Обед","KAFE STEJK-KHAUS",,"Открытие","315.00","RUB","Открытие","0.00","RUB",2024-03-21 11:49:22,2024-03-24 09:49:08,
2024-03-21,,,,"Сбербанк","2000.00","RUB","Tinkoff Black","2000.00","RUB",2024-03-21 16:13:13,2024-03-24 09:49:08,
2024-03-21,"Проезд","DELIMOBIL NNOVGOROD",,"Tinkoff Black","390.00","RUB","Tinkoff Black","0.00","RUB",2024-03-21 16:18:44,2024-03-24 09:49:08,
2024-03-21,,,,"Tinkoff Black","10.00","RUB","Инвесткопилка","10.00","RUB",2024-03-21 16:18:45,2024-03-24 09:49:08,
2024-03-21,"Проезд","DELIMOBIL NNOVGOROD",,"Tinkoff Black","132.72","RUB","Tinkoff Black","0.00","RUB",2024-03-21 17:02:03,2024-03-24 09:49:08,
2024-03-21,,,,"Tinkoff Black","17.28","RUB","Инвесткопилка","17.28","RUB",2024-03-21 17:02:04,2024-03-24 09:49:08,
2024-03-21,"Проезд","DELIMOBIL NNOVGOROD",,"Tinkoff Black","791.45","RUB","Tinkoff Black","0.00","RUB",2024-03-21 17:51:24,2024-03-24 09:49:08,
2024-03-21,,,,"Tinkoff Black","8.55","RUB","Инвесткопилка","8.55","RUB",2024-03-21 17:51:25,2024-03-24 09:49:08,
2024-03-21,"Продукты","Пятерочка",,"Открытие","168.46","RUB","Открытие","0.00","RUB",2024-03-21 18:01:23,2024-03-25 09:52:42,
2024-03-22,"Обед","KAFE STEJK-KHAUS",,"Открытие","197.00","RUB","Открытие","0.00","RUB",2024-03-22 07:13:21,2024-03-25 09:52:42,
2024-03-22,"Обед","KAFE STEJK-KHAUS",,"Открытие","428.00","RUB","Открытие","0.00","RUB",2024-03-22 10:28:59,2024-03-25 09:52:42,
2024-03-22,"Тратата",,,"Сбербанк","3384.01","RUB","Сбербанк","0.00","RUB",2024-03-22 11:45:59,2024-03-24 09:49:08,
2024-03-22,"Проезд","DELIMOBIL NNOVGOROD",,"Tinkoff Black","390.00","RUB","Tinkoff Black","0.00","RUB",2024-03-22 12:05:31,2024-03-24 09:49:08,
2024-03-22,,,,"Tinkoff Black","10.00","RUB","Инвесткопилка","10.00","RUB",2024-03-22 12:05:32,2024-03-24 09:49:08,
2024-03-22,"Продукты","Пятерочка",,"Открытие","72.49","RUB","Открытие","0.00","RUB",2024-03-22 12:49:58,2024-03-24 09:49:08,
2024-03-22,"Сигареты","Пятерочка",,"Открытие","229.00","RUB","Открытие","0.00","RUB",2024-03-22 12:49:59,2024-03-24 09:49:08,
2024-03-22,"Проезд","DELIMOBIL NNOVGOROD",,"Tinkoff Black","145.59","RUB","Tinkoff Black","0.00","RUB",2024-03-22 12:54:31,2024-03-24 09:49:08,
2024-03-22,,,,"Tinkoff Black","4.41","RUB","Инвесткопилка","4.41","RUB",2024-03-22 12:54:32,2024-03-24 09:49:08,
2024-03-22,"Проезд","DELIMOBIL NNOVGOROD",,"Tinkoff Black","682.46","RUB","Tinkoff Black","0.00","RUB",2024-03-22 13:46:35,2024-03-24 09:49:08,
2024-03-22,,,,"Tinkoff Black","17.54","RUB","Инвесткопилка","17.54","RUB",2024-03-22 13:46:36,2024-03-24 09:49:08,
2024-03-22,,,,"Сбербанк","2000.00","RUB","Открытие","2000.00","RUB",2024-03-22 16:06:52,2024-03-24 09:49:08,
2024-03-22,"Кафе и рестораны","FUKU RAMEN",,"Открытие","1200.00","RUB","Открытие","0.00","RUB",2024-03-22 16:29:42,2024-03-25 09:52:42,
2024-03-22,"Проезд","DELIMOBIL NNOVGOROD",,"Tinkoff Black","390.00","RUB","Tinkoff Black","0.00","RUB",2024-03-22 18:19:44,2024-03-24 09:49:08,
2024-03-22,,,,"Tinkoff Black","10.00","RUB","Инвесткопилка","10.00","RUB",2024-03-22 18:19:46,2024-03-24 09:49:08,
2024-03-22,,,,"Сбербанк","2000.00","RUB","Tinkoff Black","2000.00","RUB",2024-03-22 18:20:53,2024-03-24 09:49:08,
2024-03-22,"Проезд","DELIMOBIL NNOVGOROD",,"Tinkoff Black","229.28","RUB","Tinkoff Black","0.00","RUB",2024-03-22 19:11:37,2024-03-24 11:44:50,
2024-03-22,,,,"Tinkoff Black","20.72","RUB","Инвесткопилка","20.72","RUB",2024-03-22 19:11:39,2024-03-24 09:49:08,
2024-03-22,"Проезд","DELIMOBIL NNOVGOROD",,"Tinkoff Black","307.30","RUB","Tinkoff Black","0.00","RUB",2024-03-22 19:41:33,2024-03-24 11:44:50,
2024-03-22,,,,"Tinkoff Black","42.70","RUB","Инвесткопилка","42.70","RUB",2024-03-22 19:41:34,2024-03-24 09:49:08,
2024-03-22,"Продукты","SPAR N21",,"Открытие","127.80","RUB","Открытие","0.00","RUB",2024-03-22 19:43:28,2024-03-26 09:34:46,
2024-03-22,"Продукты","SPAR N21",,"Открытие","72.00","RUB","Открытие","0.00","RUB",2024-03-22 19:43:44,2024-03-26 09:34:46,
2024-03-23,,,,"Сбербанк","2000.00","RUB","Tinkoff Black","2000.00","RUB",2024-03-22 23:04:15,2024-03-24 09:49:08,
2024-03-23,"Отдых и развлечения","Тинькофф Банк",,"Tinkoff Black","1599.00","RUB","Tinkoff Black","0.00","RUB",2024-03-22 23:06:49,2024-03-24 09:49:08,
2024-03-23,,,,"Tinkoff Black","1.00","RUB","Инвесткопилка","1.00","RUB",2024-03-22 23:06:51,2024-03-24 09:49:08,
2024-03-23,"Платежи. комиссии","Regular Charge RUS","Комиссии","Сбербанк","150.00","RUB","Сбербанк","0.00","RUB",2024-03-23 04:46:18,2024-03-24 09:49:08,
2024-03-23,"Продукты","PYATEROCHKA 3433",,"Tinkoff Black","244.71","RUB","Tinkoff Black","0.00","RUB",2024-03-23 15:52:47,2024-03-24 09:49:08,
2024-03-23,,,,"Tinkoff Black","5.29","RUB","Инвесткопилка","5.29","RUB",2024-03-23 15:52:48,2024-03-24 09:49:08,
2024-03-23,"Сигареты","MAGNIT MM ABSORBER",,"Tinkoff Black","239.00","RUB","Tinkoff Black","0.00","RUB",2024-03-23 15:57:39,2024-03-24 09:49:08,
2024-03-23,,,,"Tinkoff Black","11.00","RUB","Инвесткопилка","11.00","RUB",2024-03-23 15:57:40,2024-03-24 09:49:08,
2024-03-23,"Отдых и развлечения","PayTool",,"Tinkoff Black","650.00","RUB","Tinkoff Black","0.00","RUB",2024-03-23 18:49:07,2024-03-24 09:49:08,
2024-03-24,,,,"Сбербанк","2000.00","RUB","Tinkoff Black","2000.00","RUB",2024-03-24 12:10:21,2024-03-24 12:37:12,
2024-03-24,"Продукты","SPAR N21",,"Tinkoff Black","339.42","RUB","Tinkoff Black","0.00","RUB",2024-03-24 12:19:04,2024-03-24 12:37:12,
2024-03-24,,,,"Tinkoff Black","31.58","RUB","Инвесткопилка","31.58","RUB",2024-03-24 12:19:05,2024-03-25 09:52:42,
2024-03-24,"Сигареты","SPAR N21",,"Tinkoff Black","229.00","RUB","Tinkoff Black","0.00","RUB",2024-03-24 12:19:05,2024-03-24 12:37:12,
2024-03-24,"Платежи. комиссии",,"Комиссия: Проценты по кредиту","Кредитка","1257.73","RUB","Кредитка","0.00","RUB",2024-03-24 19:37:29,2024-03-25 16:12:36,
2024-03-24,"Платежи. комиссии",,"Комиссия: Плата за Программу страховой защиты","Кредитка","2322.17","RUB","Кредитка","0.00","RUB",2024-03-24 20:57:13,2024-03-25 16:12:36,
2024-03-25,"Обед","KAFE STEJK-KHAUS",,"Открытие","196.00","RUB","Открытие","0.00","RUB",2024-03-25 05:48:08,2024-03-30 19:15:33,
2024-03-25,"Зарплата",,"Перечисление ден. средств по реестру","Открытие","0.00","RUB","Открытие","43908.46","RUB",2024-03-25 09:10:33,2024-03-25 16:12:36,
2024-03-25,,,,"Tinkoff Black","46700.00","RUB","Кредитка","46700.00","RUB",2024-03-25 09:20:10,2024-03-25 09:56:03,
2024-03-25,,,"Перевод СБП B40850922235952A0000100011210704 от МАКСИМ СТАНИСЛАВОВИЧ Б 79922220690 Тинькофф Банк","Кредитка","19000.00","RUB","Открытие","19000.00","RUB",2024-03-25 09:22:26,2024-03-25 16:12:36,
2024-03-25,,,,"Открытие","5000.00","RUB","Наличные","5000.00","RUB",2024-03-25 09:22:49,2024-03-26 09:34:46,
2024-03-25,"Корректировка",,,"Открытие","0.00","RUB","Открытие","430.00","RUB",2024-03-25 09:24:26,2024-03-25 09:56:03,
2024-03-25,,,,"Открытие","13500.00","RUB","Счет погашения ипотеки","13500.00","RUB",2024-03-25 09:50:42,2024-03-25 16:12:36,
2024-03-25,"Кафе и рестораны","Meteor",,"Кредитка","1280.00","RUB","Кредитка","0.00","RUB",2024-03-25 10:11:00,2024-03-25 16:12:36,
2024-03-25,"Кэшбэк",,"Компенсация покупки","Кредитка","0.00","RUB","Кредитка","720.00","RUB",2024-03-25 12:46:52,2024-03-25 16:12:36,
2024-03-25,"Сигареты","SPAR 44",,"Кредитка","269.00","RUB","Кредитка","0.00","RUB",2024-03-25 14:18:29,2024-03-25 16:12:36,
2024-03-25,"Продукты","SPAR N21",,"Кредитка","402.73","RUB","Кредитка","0.00","RUB",2024-03-25 15:29:08,2024-03-25 16:12:36,
2024-03-26,"Обед","Kafe Stejk-Khaus",,"Кредитка","226.00","RUB","Кредитка","0.00","RUB",2024-03-26 05:44:52,2024-03-31 06:39:51,
2024-03-26,"Продукты","SPAR N21",,"Кредитка","364.00","RUB","Кредитка","0.00","RUB",2024-03-26 09:31:12,2024-03-26 10:03:37,
2024-03-26,"Продукты","SPAR N21",,"Кредитка","125.00","RUB","Кредитка","0.00","RUB",2024-03-26 09:31:12,2024-03-27 17:09:56,
2024-03-26,"Сигареты","SPAR N21",,"Кредитка","239.00","RUB","Кредитка","0.00","RUB",2024-03-26 09:31:13,2024-03-27 17:09:56,
2024-03-26,"Обед","Kafe Stejk-Khaus",,"Кредитка","190.00","RUB","Кредитка","0.00","RUB",2024-03-26 12:02:37,2024-03-31 06:39:51,
2024-03-27,"Обед","Kafe Stejk-Khaus",,"Кредитка","252.00","RUB","Кредитка","0.00","RUB",2024-03-27 05:26:03,2024-03-31 06:39:51,
2024-03-27,"Продукты","SPAR N21",,"Кредитка","358.90","RUB","Кредитка","0.00","RUB",2024-03-27 09:40:19,2024-03-30 19:13:26,
2024-03-27,"Сигареты","SPAR N21",,"Кредитка","239.00","RUB","Кредитка","0.00","RUB",2024-03-27 09:40:20,2024-03-30 19:13:26,
2024-03-27,"Обед","Kafe Stejk-Khaus",,"Кредитка","190.00","RUB","Кредитка","0.00","RUB",2024-03-27 12:23:12,2024-03-31 06:39:51,
2024-03-27,"Продукты","SPAR N21",,"Кредитка","355.53","RUB","Кредитка","0.00","RUB",2024-03-27 18:27:44,2024-03-31 06:39:51,
2024-03-27,"Кэшбэк",,"Кэшбэк за обычные покупки","Tinkoff Black","0.00","RUB","Tinkoff Black","413.00","RUB",2024-03-27 19:54:22,2024-03-31 06:39:51,
2024-03-27,,,,"Tinkoff Black","413.00","RUB","Инвесткопилка","413.00","RUB",2024-03-27 19:55:57,2024-03-31 06:39:51,
2024-03-28,"Обед","Kafe Stejk-Khaus",,"Кредитка","232.00","RUB","Кредитка","0.00","RUB",2024-03-28 05:27:15,2024-03-31 06:39:51,
2024-03-28,"Продукты","SPAR 63",,"Кредитка","269.00","RUB","Кредитка","0.00","RUB",2024-03-28 09:27:40,2024-03-31 06:39:51,
2024-03-28,"Кафе и рестораны","Meteor",,"Кредитка","870.00","RUB","Кредитка","0.00","RUB",2024-03-28 09:58:04,2024-03-31 06:39:51,
2024-03-28,"Обед","Kafe Stejk-Khaus",,"Кредитка","25.00","RUB","Кредитка","0.00","RUB",2024-03-28 12:05:48,2024-03-31 06:39:51,
2024-03-28,"Продукты","SPAR N21",,"Кредитка","265.17","RUB","Кредитка","0.00","RUB",2024-03-28 14:46:38,2024-03-31 06:39:51,
2024-03-28,"Сигареты","SPAR N21",,"Кредитка","239.00","RUB","Кредитка","0.00","RUB",2024-03-28 14:46:39,2024-03-31 06:39:51,
2024-03-29,"Продукты","SPAR N21",,"Кредитка","298.90","RUB","Кредитка","0.00","RUB",2024-03-29 04:33:28,2024-03-31 06:39:51,
2024-03-29,"Обед","Kafe Stejk-Khaus",,"Кредитка","226.00","RUB","Кредитка","0.00","RUB",2024-03-29 05:11:40,2024-03-31 06:39:51,
2024-03-29,"Кафе и рестораны","BURGER",,"Кредитка","507.00","RUB","Кредитка","0.00","RUB",2024-03-29 08:24:11,2024-03-31 06:39:51,
2024-03-29,"Продукты","SPAR N21",,"Кредитка","40.80","RUB","Кредитка","0.00","RUB",2024-03-29 14:00:57,2024-03-31 06:39:51,
2024-03-29,"Сигареты","SPAR N21",,"Кредитка","239.00","RUB","Кредитка","0.00","RUB",2024-03-29 14:00:58,2024-03-31 06:39:51,
2024-03-29,"Продукты","MAGNIT MM ABSORBER",,"Кредитка","202.97","RUB","Кредитка","0.00","RUB",2024-03-29 14:35:01,2024-03-31 06:39:51,
2024-03-30,"Тратата","Артём З.",,"Кредитка","5938.00","RUB","Кредитка","0.00","RUB",2024-03-30 08:12:11,2024-03-31 06:39:51,
2024-03-30,,"Евгений Д.",,"Долги","3000.00","RUB","Открытие","3000.00","RUB",2024-03-30 08:12:16,2024-03-31 06:39:51,
2024-03-30,"Продукты","SPAR N21",,"Кредитка","1059.87","RUB","Кредитка","0.00","RUB",2024-03-30 10:02:20,2024-03-31 06:39:51,
2024-03-30,"Сигареты","Obnya",,"Кредитка","239.00","RUB","Кредитка","0.00","RUB",2024-03-30 14:15:15,2024-03-31 06:39:51,
2024-03-30,"Продукты","SPAR N21",,"Кредитка","137.80","RUB","Кредитка","0.00","RUB",2024-03-30 16:02:19,2024-03-31 06:39:51,
2024-03-30,"Продукты","SPAR 50",,"Кредитка","89.90","RUB","Кредитка","0.00","RUB",2024-03-30 17:13:27,2024-03-31 06:39:51,
2024-03-30,"Кафе и рестораны","Fuku Ramen",,"Кредитка","850.00","RUB","Кредитка","0.00","RUB",2024-03-30 19:14:23,2024-03-31 06:39:51,
2024-03-30,"Автомобиль","LUKOIL.AZS 52023 52C","Бензин","Кредитка","2760.00","RUB","Кредитка","0.00","RUB",2024-03-30 19:28:31,2024-04-01 10:10:53,
2024-03-30,"Автомобиль",,,"Наличные","10000.00","RUB","Наличные","0.00","RUB",2024-03-31 06:09:30,2024-03-31 06:39:51,
2024-03-31,"Продукты","SPAR 9",,"Кредитка","129.80","RUB","Кредитка","0.00","RUB",2024-03-30 21:31:11,2024-03-31 06:39:51,
2024-03-31,"Сигареты","SPAR 9",,"Кредитка","239.00","RUB","Кредитка","0.00","RUB",2024-03-30 21:31:12,2024-03-31 06:39:51,
2024-03-31,"Продукты","MAGNIT MM ABSORBER",,"Кредитка","448.94","RUB","Кредитка","0.00","RUB",2024-03-31 15:34:20,2024-04-03 04:01:52,
2024-04-01,"Дом / Ипотека",,"Уплата процентов КД №770439 от 29.05.2020г.","Счет погашения ипотеки","9775.61","RUB","Счет погашения ипотеки","0.00","RUB",2024-03-31 21:00:00,2024-04-03 04:01:52,
2024-04-01,"Дом / Ипотека",,"Погашение основного долга КД №770439 от 29.05.2020г.","Счет погашения ипотеки","3718.39","RUB","Счет погашения ипотеки","0.00","RUB",2024-03-31 21:00:01,2024-04-03 04:01:52,
2024-04-01,"Обед","Kafe Stejk-Khaus",,"Кредитка","196.00","RUB","Кредитка","0.00","RUB",2024-04-01 05:48:10,2024-04-03 04:01:52,
2024-04-01,"Кафе и рестораны","KAFE BISTRO",,"Кредитка","710.00","RUB","Кредитка","0.00","RUB",2024-04-01 10:05:35,2024-04-03 04:01:52,
2024-04-01,"Сигареты","SPAR 44",,"Кредитка","239.00","RUB","Кредитка","0.00","RUB",2024-04-01 13:33:01,2024-04-03 04:01:52,
2024-04-01,"Кафе и рестораны","SHAURMA",,"Кредитка","310.00","RUB","Кредитка","0.00","RUB",2024-04-01 16:38:59,2024-04-03 04:01:52,
2024-04-01,"Продукты","SPAR N98",,"Кредитка","355.70","RUB","Кредитка","0.00","RUB",2024-04-01 17:54:04,2024-04-03 04:01:52,
2024-04-02,"Обед","Kafe Stejk-Khaus",,"Кредитка","196.00","RUB","Кредитка","0.00","RUB",2024-04-02 05:33:53,2024-04-03 04:01:52,
2024-04-02,"Обед","Kafe Stejk-Khaus",,"Кредитка","270.00","RUB","Кредитка","0.00","RUB",2024-04-02 08:16:26,2024-04-03 04:01:52,
2024-04-02,"Продукты","SPAR N21",,"Кредитка","370.90","RUB","Кредитка","0.00","RUB",2024-04-02 09:41:29,2024-04-03 04:00:14,
2024-04-02,"Сигареты","SPAR N21",,"Кредитка","239.00","RUB","Кредитка","0.00","RUB",2024-04-02 09:41:30,2024-04-03 04:00:14,
2024-04-02,"Обед","Kafe Stejk-Khaus",,"Кредитка","265.00","RUB","Кредитка","0.00","RUB",2024-04-02 12:44:16,2024-04-03 04:01:52,
2024-04-02,"Продукты","PYATEROCHKA 19143",,"Кредитка","199.57","RUB","Кредитка","0.00","RUB",2024-04-02 16:45:28,2024-04-03 04:01:52,
2024-04-02,"Кафе и рестораны","SUPER KEBAB",,"Кредитка","200.00","RUB","Кредитка","0.00","RUB",2024-04-02 18:04:02,2024-04-03 04:01:52,
2024-04-03,"Обед","Kafe Stejk-Khaus",,"Кредитка","196.00","RUB","Кредитка","0.00","RUB",2024-04-03 05:18:24,2024-04-06 12:14:29,
2024-04-03,"Продукты","SPAR 44",,"Кредитка","169.00","RUB","Кредитка","0.00","RUB",2024-04-03 09:08:48,2024-04-06 12:14:29,
2024-04-03,"Кафе и рестораны","Meteor",,"Кредитка","820.00","RUB","Кредитка","0.00","RUB",2024-04-03 09:56:23,2024-04-06 12:14:29,
2024-04-03,"Обед","Kafe Stejk-Khaus",,"Кредитка","85.00","RUB","Кредитка","0.00","RUB",2024-04-03 12:04:51,2024-04-06 12:14:29,
2024-04-03,"Продукты","SPAR N21",,"Кредитка","20.70","RUB","Кредитка","0.00","RUB",2024-04-03 18:26:19,2024-04-06 12:14:29,
2024-04-03,"Сигареты","SPAR N21",,"Кредитка","239.00","RUB","Кредитка","0.00","RUB",2024-04-03 18:26:20,2024-04-06 12:14:29,
2024-04-04,,,,"Открытие","3000.00","RUB","Tinkoff Black","3000.00","RUB",2024-04-04 04:40:04,2024-04-06 12:14:29,
2024-04-04,,,,"Tinkoff Black","3000.00","RUB","Кредитка","3000.00","RUB",2024-04-04 04:40:53,2024-04-06 12:14:29,
2024-04-04,"Продукты","SPAR N21",,"Кредитка","288.90","RUB","Кредитка","0.00","RUB",2024-04-04 04:45:17,2024-04-06 12:14:29,
2024-04-04,"Обед","Kafe Stejk-Khaus",,"Кредитка","196.00","RUB","Кредитка","0.00","RUB",2024-04-04 05:23:20,2024-04-06 12:14:29,
2024-04-04,"Продукты","SPAR N21",,"Кредитка","327.00","RUB","Кредитка","0.00","RUB",2024-04-04 09:35:23,2024-04-06 12:14:29,
2024-04-04,"Обед","Kafe Stejk-Khaus",,"Кредитка","125.00","RUB","Кредитка","0.00","RUB",2024-04-04 11:47:20,2024-04-06 12:14:29,
2024-04-04,"Обед","Kafe Stejk-Khaus",,"Кредитка","50.00","RUB","Кредитка","0.00","RUB",2024-04-04 11:48:59,2024-04-06 12:14:29,
2024-04-04,"Продукты","PYATEROCHKA 9139",,"Кредитка","299.04","RUB","Кредитка","0.00","RUB",2024-04-04 16:34:56,2024-04-06 12:14:29,
2024-04-04,"Сигареты","Obnya",,"Кредитка","239.00","RUB","Кредитка","0.00","RUB",2024-04-04 17:31:05,2024-04-06 12:14:29,
2024-04-05,"Обед","Kafe Stejk-Khaus",,"Кредитка","301.00","RUB","Кредитка","0.00","RUB",2024-04-05 05:15:34,2024-04-06 12:14:29,
2024-04-05,"Платежи. комиссии","Виктор В.",,"Открытие","269.00","RUB","Открытие","0.00","RUB",2024-04-05 07:02:54,2024-04-06 12:14:29,
2024-04-05,"Обед","Kafe Stejk-Khaus",,"Кредитка","282.00","RUB","Кредитка","0.00","RUB",2024-04-05 08:34:33,2024-04-06 12:14:29,
2024-04-05,"Продукты","SPAR N21",,"Кредитка","133.90","RUB","Кредитка","0.00","RUB",2024-04-05 19:59:20,2024-04-07 14:25:44,
2024-04-05,"Сигареты","SPAR N21",,"Кредитка","239.00","RUB","Кредитка","0.00","RUB",2024-04-05 19:59:21,2024-04-07 14:25:44,
2024-04-07,,,,"Открытие","600.00","RUB","Tinkoff Black","600.00","RUB",2024-04-07 06:08:50,2024-04-12 14:29:29,
2024-04-07,"Продукты","YANDEX LAVKA",,"Tinkoff Black","550.00","RUB","Tinkoff Black","0.00","RUB",2024-04-07 06:09:05,2024-04-12 14:29:29,
2024-04-07,"Сигареты","Obnya",,"Кредитка","239.00","RUB","Кредитка","0.00","RUB",2024-04-07 09:26:51,2024-04-12 14:29:29,
2024-04-07,"Продукты","PYATEROCHKA 3433",,"Кредитка","288.93","RUB","Кредитка","0.00","RUB",2024-04-07 12:33:33,2024-04-07 14:27:23,
2024-04-08,"Платежи. комиссии","TELE2",,"Кредитка","200.00","RUB","Кредитка","0.00","RUB",2024-04-08 04:25:01,2024-04-12 14:29:29,
2024-04-08,"Обед","Kafe Stejk-Khaus",,"Кредитка","196.00","RUB","Кредитка","0.00","RUB",2024-04-08 05:35:47,2024-04-12 14:29:29,
2024-04-08,,,,"Наличные","5000.00","RUB","Открытие","5000.00","RUB",2024-04-08 05:51:41,2024-04-12 14:29:29,
2024-04-08,"Продукты","SPAR N21",,"Кредитка","333.00","RUB","Кредитка","0.00","RUB",2024-04-08 09:32:33,2024-04-12 14:29:29,
2024-04-08,"Сигареты","SPAR N21",,"Кредитка","239.00","RUB","Кредитка","0.00","RUB",2024-04-08 09:32:34,2024-04-12 14:29:29,
2024-04-08,,,,"Открытие","5000.00","RUB","Tinkoff Black","5000.00","RUB",2024-04-08 09:36:28,2024-04-12 14:29:29,
2024-04-08,,,,"Tinkoff Black","5000.00","RUB","Кредитка","5000.00","RUB",2024-04-08 09:36:50,2024-04-12 14:29:29,
2024-04-08,"Обед","Kafe Stejk-Khaus",,"Кредитка","165.00","RUB","Кредитка","0.00","RUB",2024-04-08 12:48:50,2024-04-12 14:29:29,
2024-04-08,"Продукты","SPAR N21",,"Кредитка","352.30","RUB","Кредитка","0.00","RUB",2024-04-08 16:41:04,2024-04-12 14:29:29,
2024-04-09,"Обед","Kafe Stejk-Khaus",,"Кредитка","196.00","RUB","Кредитка","0.00","RUB",2024-04-09 05:26:50,2024-04-12 14:29:29,
2024-04-09,"Сигареты","SPAR 44",,"Кредитка","239.00","RUB","Кредитка","0.00","RUB",2024-04-09 06:38:56,2024-04-12 14:29:29,
2024-04-09,"Кафе и рестораны","KAFE BISTRO",,"Кредитка","1380.00","RUB","Кредитка","0.00","RUB",2024-04-09 10:08:46,2024-04-12 14:29:29,
2024-04-09,"Корректировка","Максим Б.",,"Открытие","0.00","RUB","Открытие","690.00","RUB",2024-04-09 10:10:30,2024-04-12 14:29:29,
2024-04-09,"Обед","Kafe Stejk-Khaus",,"Кредитка","210.00","RUB","Кредитка","0.00","RUB",2024-04-09 11:59:50,2024-04-12 14:29:29,
2024-04-09,"Обед","Kafe Stejk-Khaus",,"Кредитка","40.00","RUB","Кредитка","0.00","RUB",2024-04-09 12:00:16,2024-04-12 14:29:29,
2024-04-09,"Продукты","SPAR 78",,"Кредитка","486.90","RUB","Кредитка","0.00","RUB",2024-04-09 17:49:00,2024-04-12 14:29:29,
2024-04-10,"Обед","Kafe Stejk-Khaus",,"Кредитка","196.00","RUB","Кредитка","0.00","RUB",2024-04-10 05:12:41,2024-04-12 14:29:29,
2024-04-10,"Обед","Kafe Stejk-Khaus",,"Кредитка","60.00","RUB","Кредитка","0.00","RUB",2024-04-10 05:49:04,2024-04-12 14:29:29,
2024-04-10,"Кафе и рестораны","Роман Р.",,"Кредитка","840.00","RUB","Кредитка","0.00","RUB",2024-04-10 07:37:45,2024-04-12 14:29:29,
2024-04-10,"Зарплата",,"Перечисление ден. средств по реестру","Открытие","0.00","RUB","Открытие","70721.64","RUB",2024-04-10 07:51:55,2024-04-12 14:29:29,
2024-04-10,"Зарплата",,"Перечисление ден. средств по реестру","Открытие","0.00","RUB","Открытие","3133.90","RUB",2024-04-10 07:52:04,2024-04-12 14:29:29,
2024-04-10,"Обед","Kafe Stejk-Khaus",,"Кредитка","197.00","RUB","Кредитка","0.00","RUB",2024-04-10 10:46:55,2024-04-12 14:29:29,
2024-04-10,"Аренда ","Яна Рустамовна Ф.",,"Сбербанк","0.00","RUB","Сбербанк","23000.00","RUB",2024-04-10 13:34:03,2024-04-12 14:29:29,
2024-04-10,"Кафе и рестораны","Fut 2",,"Кредитка","825.00","RUB","Кредитка","0.00","RUB",2024-04-10 13:38:41,2024-04-12 14:29:29,
2024-04-10,,,,"Открытие","74600.00","RUB","Tinkoff Black","74600.00","RUB",2024-04-10 13:42:11,2024-04-12 14:29:29,
2024-04-10,,,,"Tinkoff Black","74600.00","RUB","Кредитка","74600.00","RUB",2024-04-10 13:42:41,2024-04-21 03:19:15,
2024-04-11,"Сигареты","SPAR N21",,"Кредитка","239.00","RUB","Кредитка","0.00","RUB",2024-04-11 04:26:09,2024-04-12 14:29:29,
2024-04-11,"Обед","Kafe Stejk-Khaus",,"Кредитка","196.00","RUB","Кредитка","0.00","RUB",2024-04-11 05:20:08,2024-04-12 14:29:29,
2024-04-11,"Платежи. комиссии","TELE2",,"Кредитка","420.00","RUB","Кредитка","0.00","RUB",2024-04-11 05:30:56,2024-04-12 14:29:29,
2024-04-11,,,,"Сбербанк","10000.00","RUB","Tinkoff Black","10000.00","RUB",2024-04-11 08:22:43,2024-04-12 14:29:29,
2024-04-11,,,,"Tinkoff Black","10000.00","RUB","Кредитка","10000.00","RUB",2024-04-11 08:23:55,2024-04-21 03:19:15,
2024-04-11,"Корректировка","Евгений Д.",,"Tinkoff Black","0.00","RUB","Tinkoff Black","32000.00","RUB",2024-04-11 08:38:47,2024-04-12 14:29:29,
2024-04-11,,,,"Tinkoff Black","32000.00","RUB","Кредитка","32000.00","RUB",2024-04-11 08:44:45,2024-04-21 03:19:15,
2024-04-11,,,,"Кредитка","33000.00","RUB","Tinkoff Black","33000.00","RUB",2024-04-11 08:45:49,2024-04-21 03:19:15,
2024-04-11,"Корректировка","Евгений Д.",,"Tinkoff Black","32000.00","RUB","Tinkoff Black","0.00","RUB",2024-04-11 08:46:20,2024-04-12 14:29:29,
2024-04-11,,,,"Кредитка","2300.00","RUB","Tinkoff Black","2300.00","RUB",2024-04-11 08:46:46,2024-04-21 03:19:15,
2024-04-11,,"Евгений Д.",,"Tinkoff Black","3000.00","RUB","Долги","3000.00","RUB",2024-04-11 08:47:27,2024-04-12 14:29:29,
2024-04-11,"Платежи. комиссии","Евгений Д.",,"Tinkoff Black","200.00","RUB","Tinkoff Black","0.00","RUB",2024-04-11 08:47:28,2024-04-12 14:29:29,
2024-04-11,,,,"Кредитка","400.00","RUB","Наличные","400.00","RUB",2024-04-11 09:19:46,2024-04-12 15:35:29,
2024-04-11,"Кафе и рестораны","Meteor",,"Кредитка","1090.00","RUB","Кредитка","0.00","RUB",2024-04-11 10:03:27,2024-04-12 14:29:29,
2024-04-11,"Обед","Kafe Stejk-Khaus",,"Кредитка","185.00","RUB","Кредитка","0.00","RUB",2024-04-11 12:45:46,2024-04-12 14:29:29,
2024-04-11,"Продукты","SPAR N21",,"Кредитка","79.90","RUB","Кредитка","0.00","RUB",2024-04-11 14:40:42,2024-04-12 14:29:29,
2024-04-11,"Продукты","SPAR 84",,"Кредитка","159.90","RUB","Кредитка","0.00","RUB",2024-04-11 16:32:12,2024-04-12 14:29:29,
2024-04-11,"Кафе и рестораны","Sp_Impuls 1",,"Кредитка","870.00","RUB","Кредитка","0.00","RUB",2024-04-11 17:26:50,2024-04-12 14:29:29,
2024-04-11,"Сигареты","Obnya",,"Кредитка","239.00","RUB","Кредитка","0.00","RUB",2024-04-11 17:53:21,2024-04-12 14:29:29,
2024-04-11,"Платежи. комиссии","Tinkoff Pro",,"Кредитка","199.00","RUB","Кредитка","0.00","RUB",2024-04-11 20:44:21,2024-04-12 12:29:13,
2024-04-11,"Подарки",,"Чаевые ","Tinkoff Black","100.00","RUB","Tinkoff Black","0.00","RUB",2024-04-12 12:33:23,2024-04-12 14:29:29,
2024-04-11,"Подарки",,"Чаевые","Tinkoff Black","100.00","RUB","Tinkoff Black","0.00","RUB",2024-04-12 12:33:52,2024-04-12 14:29:29,
2024-04-12,"Продукты","SPAR N21",,"Кредитка","59.90","RUB","Кредитка","0.00","RUB",2024-04-12 04:25:45,2024-04-12 14:29:29,
2024-04-12,"Обед","Kafe Stejk-Khaus",,"Кредитка","197.00","RUB","Кредитка","0.00","RUB",2024-04-12 05:12:41,2024-04-12 14:29:29,
2024-04-12,"Обед","Kafe Stejk-Khaus",,"Кредитка","404.00","RUB","Кредитка","0.00","RUB",2024-04-12 08:31:56,2024-04-12 14:29:29,
2024-04-12,,,,"Кредитка","23000.00","RUB","Наличные","23000.00","RUB",2024-04-12 10:38:41,2024-04-17 10:17:41,
2024-04-12,"Продукты","SPAR N21",,"Кредитка","703.70","RUB","Кредитка","0.00","RUB",2024-04-12 11:14:05,2024-04-12 12:29:13,
2024-04-12,"Сигареты","SPAR N21",,"Кредитка","239.00","RUB","Кредитка","0.00","RUB",2024-04-12 11:14:06,2024-04-12 12:29:13,
2024-04-12,,,,"Кредитка","7000.00","RUB","Tinkoff Black","7000.00","RUB",2024-04-12 11:37:49,2024-04-21 03:19:15,
2024-04-12,"Платежи. комиссии",,"Яндекс плюс ","Кредитка","301.60","RUB","Кредитка","0.00","RUB",2024-04-12 13:28:29,2024-04-21 03:19:15,
2024-04-12,"Техника","Wildberries","Переходник","Сбербанк","277.00","RUB","Сбербанк","0.00","RUB",2024-04-12 14:37:31,2024-04-12 15:36:24,
2024-04-13,"Продукты","YANDEX LAVKA",,"Tinkoff Black","1023.00","RUB","Tinkoff Black","0.00","RUB",2024-04-13 04:42:11,2024-04-21 03:19:15,
2024-04-13,,,,"Tinkoff Black","27.00","RUB","Инвесткопилка","27.00","RUB",2024-04-13 04:42:12,2024-04-21 03:19:15,
2024-04-13,,,,"Кредитка","1000.00","RUB","Tinkoff Black","1000.00","RUB",2024-04-13 05:29:44,2024-04-21 03:19:15,
2024-04-13,"Платежи. комиссии",,"Комиссия: Комиссия за операцию","Кредитка","957.00","RUB","Кредитка","0.00","RUB",2024-04-13 10:02:59,2024-04-21 03:19:15,
2024-04-13,,,"Пополнение Инвесткопилки","Tinkoff Black","7000.00","RUB","Инвесткопилка","7000.00","RUB",2024-04-13 12:59:34,2024-04-21 03:19:15,
2024-04-13,"Сигареты","Obnya",,"Кредитка","239.00","RUB","Кредитка","0.00","RUB",2024-04-13 17:57:56,2024-04-21 03:19:15,
2024-04-13,"Продукты","SPAR N21",,"Кредитка","174.65","RUB","Кредитка","0.00","RUB",2024-04-13 18:04:03,2024-04-21 03:19:15,
2024-04-14,"Продукты","SPAR N21",,"Кредитка","275.70","RUB","Кредитка","0.00","RUB",2024-04-14 12:21:48,2024-04-21 03:19:15,
2024-04-14,"Сигареты","SPAR N21",,"Кредитка","239.00","RUB","Кредитка","0.00","RUB",2024-04-14 12:21:49,2024-04-21 03:19:15,
2024-04-14,"Здоровье и фитнес","VITA APTEKA 3031",,"Кредитка","57.00","RUB","Кредитка","0.00","RUB",2024-04-14 12:26:45,2024-04-21 03:19:15,
2024-04-14,"Продукты","SPAR 40",,"Кредитка","143.90","RUB","Кредитка","0.00","RUB",2024-04-14 16:25:43,2024-04-21 03:19:15,
2024-04-14,"Продукты","SPAR 50",,"Кредитка","139.90","RUB","Кредитка","0.00","RUB",2024-04-14 17:35:18,2024-04-21 03:19:15,
2024-04-15,"Продукты","SPAR N21",,"Кредитка","269.00","RUB","Кредитка","0.00","RUB",2024-04-15 04:36:06,2024-04-21 03:19:15,
2024-04-15,"Обед","Kafe Stejk-Khaus",,"Кредитка","196.00","RUB","Кредитка","0.00","RUB",2024-04-15 05:26:03,2024-04-21 03:19:15,
2024-04-15,"Продукты","SPAR N21",,"Кредитка","138.90","RUB","Кредитка","0.00","RUB",2024-04-15 09:32:36,2024-04-21 03:19:15,
2024-04-15,"Сигареты","SPAR N21",,"Кредитка","239.00","RUB","Кредитка","0.00","RUB",2024-04-15 09:32:37,2024-04-21 03:19:15,
2024-04-15,"Обед","Kafe Stejk-Khaus",,"Кредитка","180.00","RUB","Кредитка","0.00","RUB",2024-04-15 12:23:50,2024-04-21 03:19:15,
2024-04-15,"Кафе и рестораны","FUKU RAMEN",,"Кредитка","1320.00","RUB","Кредитка","0.00","RUB",2024-04-15 16:51:13,2024-04-21 03:19:15,
2024-04-15,"Автомобиль","LUKOIL.AZS 52023 52C",,"Кредитка","2902.00","RUB","Кредитка","0.00","RUB",2024-04-15 17:46:30,2024-04-21 03:19:15,
2024-04-15,"Продукты","SPAR 50",,"Кредитка","209.80","RUB","Кредитка","0.00","RUB",2024-04-15 18:11:46,2024-04-21 03:19:15,
2024-04-16,"Обед","Kafe Stejk-Khaus",,"Кредитка","232.00","RUB","Кредитка","0.00","RUB",2024-04-16 05:35:12,2024-04-21 03:19:15,
2024-04-16,"Аренда ","Яна Рустамовна Ф.",,"Сбербанк","0.00","RUB","Сбербанк","2250.00","RUB",2024-04-16 06:41:40,2024-04-21 03:19:15,
2024-04-16,"Продукты","SPAR N21",,"Кредитка","423.90","RUB","Кредитка","0.00","RUB",2024-04-16 09:40:41,2024-04-21 03:19:15,
2024-04-16,"Обед","Kafe Stejk-Khaus",,"Кредитка","105.00","RUB","Кредитка","0.00","RUB",2024-04-16 12:27:00,2024-04-21 03:19:15,
2024-04-16,"Здоровье и фитнес","IP Chuprov K.V.",,"Кредитка","1500.00","RUB","Кредитка","0.00","RUB",2024-04-16 16:37:33,2024-04-21 03:19:15,
2024-04-16,"Кафе и рестораны","Evo_Chudesa Mangala",,"Кредитка","300.00","RUB","Кредитка","0.00","RUB",2024-04-16 17:28:51,2024-04-21 03:19:15,
2024-04-16,"Продукты","SPAR N21",,"Кредитка","159.80","RUB","Кредитка","0.00","RUB",2024-04-16 17:56:28,2024-04-21 03:19:15,
2024-04-16,"Сигареты","Obnya",,"Кредитка","239.00","RUB","Кредитка","0.00","RUB",2024-04-16 18:00:54,2024-04-21 03:19:15,
2024-04-17,"Обед","Kafe Stejk-Khaus",,"Кредитка","232.00","RUB","Кредитка","0.00","RUB",2024-04-17 05:27:42,2024-04-21 03:19:15,
2024-04-17,,,,"Кредитка","400.00","RUB","Наличные","400.00","RUB",2024-04-17 09:27:28,2024-04-21 03:19:15,
2024-04-17,"Кафе и рестораны","KAFE BISTRO",,"Кредитка","870.00","RUB","Кредитка","0.00","RUB",2024-04-17 09:57:52,2024-04-21 03:19:15,
2024-04-17,"Обед","Kafe Stejk-Khaus",,"Кредитка","85.00","RUB","Кредитка","0.00","RUB",2024-04-17 12:10:15,2024-04-21 03:19:15,
2024-04-17,"Кафе и рестораны","FUKU RAMEN",,"Кредитка","1200.00","RUB","Кредитка","0.00","RUB",2024-04-17 17:26:56,2024-04-21 03:19:15,
2024-04-17,"Продукты","SPAR N21",,"Кредитка","102.90","RUB","Кредитка","0.00","RUB",2024-04-17 17:54:35,2024-04-21 03:19:15,
2024-04-17,"Сигареты","SPAR N21",,"Кредитка","239.00","RUB","Кредитка","0.00","RUB",2024-04-17 17:54:36,2024-04-21 03:19:15,
2024-04-17,"Здоровье и фитнес","Дарья К.","Витамины","Кредитка","1900.00","RUB","Кредитка","0.00","RUB",2024-04-17 18:52:20,2024-04-21 03:19:15,
2024-04-17,"Дом / Съем жилья ",,,"Наличные","23000.00","RUB","Наличные","0.00","RUB",2024-04-19 14:50:48,2024-04-21 03:19:15,
2024-04-18,"Обед","Kafe Stejk-Khaus",,"Кредитка","206.00","RUB","Кредитка","0.00","RUB",2024-04-18 05:24:40,2024-04-21 03:19:15,
2024-04-18,"Обед","Kafe Stejk-Khaus",,"Кредитка","410.00","RUB","Кредитка","0.00","RUB",2024-04-18 08:56:02,2024-04-21 03:19:15,
2024-04-18,"Платежи. комиссии",,"Комиссия: Комиссия за операцию","Кредитка","301.60","RUB","Кредитка","0.00","RUB",2024-04-18 10:32:31,2024-04-21 03:19:15,
2024-04-18,"Обед","Kafe Stejk-Khaus",,"Кредитка","60.00","RUB","Кредитка","0.00","RUB",2024-04-18 10:57:25,2024-04-21 03:19:15,
2024-04-18,"Обед","Kafe Stejk-Khaus",,"Кредитка","190.00","RUB","Кредитка","0.00","RUB",2024-04-18 12:43:24,2024-04-21 03:19:15,
2024-04-18,"Продукты","SPAR N21",,"Кредитка","99.90","RUB","Кредитка","0.00","RUB",2024-04-18 14:41:47,2024-04-21 03:19:15,
2024-04-18,"Кафе и рестораны","QSR 23030",,"Кредитка","509.00","RUB","Кредитка","0.00","RUB",2024-04-18 17:09:28,2024-04-21 03:19:15,
2024-04-18,"Продукты","SPAR N98",,"Кредитка","251.70","RUB","Кредитка","0.00","RUB",2024-04-18 18:20:18,2024-04-21 03:19:15,
2024-04-19,,,,"Кредитка","1000.00","RUB","Tinkoff Black","1000.00","RUB",2024-04-19 04:35:09,2024-04-21 03:19:15,
2024-04-19,"Продукты","SPAR N21",,"Кредитка","1.00","RUB","Кредитка","0.00","RUB",2024-04-19 04:38:22,2024-04-21 03:19:15,
2024-04-19,"Сигареты","SPAR N21",,"Кредитка","238.00","RUB","Кредитка","0.00","RUB",2024-04-19 04:38:23,2024-04-21 03:19:15,
2024-04-19,"Обед","Kafe Stejk-Khaus",,"Кредитка","226.00","RUB","Кредитка","0.00","RUB",2024-04-19 05:24:46,2024-04-21 03:19:15,
2024-04-19,"Обед","Kafe Stejk-Khaus",,"Кредитка","460.00","RUB","Кредитка","0.00","RUB",2024-04-19 10:00:50,2024-04-21 03:19:15,
2024-04-19,"Продукты","SPAR N21",,"Кредитка","105.90","RUB","Кредитка","0.00","RUB",2024-04-19 11:11:59,2024-04-21 03:19:15,
2024-04-19,"Сигареты","SPAR N21",,"Кредитка","239.00","RUB","Кредитка","0.00","RUB",2024-04-19 11:12:00,2024-04-21 03:19:15,
2024-04-19,"Платежи. комиссии","Yandex.Plus",,"Tinkoff Black","299.00","RUB","Tinkoff Black","0.00","RUB",2024-04-19 11:23:00,2024-04-21 03:19:15,
2024-04-19,,,,"Tinkoff Black","1.00","RUB","Инвесткопилка","1.00","RUB",2024-04-19 11:23:01,2024-04-21 03:19:15,
2024-04-19,,,,"Кредитка","3000.00","RUB","Tinkoff Black","3000.00","RUB",2024-04-19 16:11:36,2024-04-28 05:42:17,
2024-04-19,,,,"Кредитка","1000.00","RUB","Tinkoff Black","1000.00","RUB",2024-04-19 16:11:48,2024-04-28 05:42:17,
2024-04-19,,,,"Tinkoff Black","4549.61","RUB","Tinkoff Black","0.00","RUB",2024-04-19 16:22:17,2024-04-28 05:42:17,
2024-04-19,,,,"Tinkoff Black","115.60","RUB","Tinkoff Black","0.00","RUB",2024-04-19 19:17:55,2024-04-28 05:42:17,
2024-04-19,,,,"Tinkoff Black","70.40","RUB","Tinkoff Black","0.00","RUB",2024-04-19 19:20:23,2024-04-28 05:42:17,
2024-04-20,"Корректировка","Евгений Александрович Д.",,"Сбербанк","0.00","RUB","Сбербанк","16000.00","RUB",2024-04-20 14:19:17,2024-04-28 05:42:17,
2024-04-20,"Корректировка",,,"Сбербанк","15860.39","RUB","Сбербанк","0.00","RUB",2024-04-20 14:38:08,2024-04-21 10:29:15,
2024-04-20,,,,"Кредитка","3000.00","RUB","Tinkoff Black","3000.00","RUB",2024-04-20 15:26:34,2024-04-28 05:42:17,
2024-04-20,"Продукты","YANDEX LAVKA",,"Tinkoff Black","936.00","RUB","Tinkoff Black","0.00","RUB",2024-04-20 15:27:01,2024-04-28 05:42:17,
2024-04-20,,,,"Tinkoff Black","14.00","RUB","Инвесткопилка","14.00","RUB",2024-04-20 15:27:02,2024-04-28 05:42:17,
2024-04-21,"Продукты","PYATEROCHKA 3433",,"Кредитка","272.59","RUB","Кредитка","0.00","RUB",2024-04-21 08:37:20,2024-04-28 05:42:17,
2024-04-21,"Проезд","YandexGo",,"Tinkoff Black","210.00","RUB","Tinkoff Black","0.00","RUB",2024-04-21 10:26:33,2024-04-22 10:19:23,
2024-04-21,,,,"Tinkoff Black","40.00","RUB","Инвесткопилка","40.00","RUB",2024-04-21 10:26:34,2024-04-28 05:42:17,
2024-04-21,"Кафе и рестораны","Il.De.Kocoffee&Tea",,"Кредитка","150.00","RUB","Кредитка","0.00","RUB",2024-04-21 12:55:46,2024-04-28 05:42:17,
2024-04-21,"Проезд","YandexGo",,"Tinkoff Black","615.00","RUB","Tinkoff Black","0.00","RUB",2024-04-21 14:07:34,2024-04-22 10:19:23,
2024-04-21,,,,"Tinkoff Black","35.00","RUB","Инвесткопилка","35.00","RUB",2024-04-21 14:07:35,2024-04-28 05:42:17,
2024-04-21,"Проезд","YandexGo",,"Tinkoff Black","441.00","RUB","Tinkoff Black","0.00","RUB",2024-04-21 16:13:54,2024-04-22 10:19:23,
2024-04-21,,,,"Tinkoff Black","9.00","RUB","Инвесткопилка","9.00","RUB",2024-04-21 16:13:55,2024-04-28 05:42:17,
2024-04-21,"Продукты","SPAR N21",,"Кредитка","168.09","RUB","Кредитка","0.00","RUB",2024-04-21 16:17:08,2024-04-22 10:19:23,
2024-04-21,"Сигареты","SPAR N21",,"Кредитка","239.00","RUB","Кредитка","0.00","RUB",2024-04-21 16:17:09,2024-04-22 10:19:23,
2024-04-22,"Продукты","SPAR N21",,"Кредитка","1.00","RUB","Кредитка","0.00","RUB",2024-04-22 04:41:00,2024-04-22 10:19:23,
2024-04-22,"Сигареты","SPAR N21",,"Кредитка","238.00","RUB","Кредитка","0.00","RUB",2024-04-22 04:41:01,2024-04-22 10:19:23,
2024-04-22,"Обед","Kafe Stejk-Khaus",,"Кредитка","196.00","RUB","Кредитка","0.00","RUB",2024-04-22 05:55:52,2024-04-28 05:42:17,
2024-04-22,,"Кирилл",,"Сбербанк","500.00","RUB","Долги","500.00","RUB",2024-04-22 08:31:00,2024-04-28 05:42:17,
2024-04-22,"Платежи. комиссии",,,"Сбербанк","30.00","RUB","Сбербанк","0.00","RUB",2024-04-22 08:31:01,2024-04-28 05:42:17,
2024-04-22,,,,"Кредитка","400.00","RUB","Наличные","400.00","RUB",2024-04-22 09:30:45,2024-04-28 05:42:17,
2024-04-22,"Кафе и рестораны","Meteor",,"Кредитка","820.00","RUB","Кредитка","0.00","RUB",2024-04-22 10:04:12,2024-04-28 05:42:17,
2024-04-22,"Обед","Kafe Stejk-Khaus",,"Кредитка","180.00","RUB","Кредитка","0.00","RUB",2024-04-22 12:54:22,2024-04-28 05:42:17,
2024-04-23,"Обед","Kafe Stejk-Khaus",,"Кредитка","196.00","RUB","Кредитка","0.00","RUB",2024-04-23 06:09:07,2024-04-28 05:42:17,
2024-04-23,"Сигареты","SPAR 44",,"Кредитка","239.00","RUB","Кредитка","0.00","RUB",2024-04-23 07:34:36,2024-04-28 05:42:17,
2024-04-23,"Платежи. комиссии",,"Комиссия: Комиссия за операцию","Кредитка","301.60","RUB","Кредитка","0.00","RUB",2024-04-23 09:40:23,2024-04-28 05:42:17,
2024-04-23,"Кафе и рестораны","KAFE BISTRO",,"Кредитка","740.00","RUB","Кредитка","0.00","RUB",2024-04-23 09:51:27,2024-04-28 05:42:17,
2024-04-23,"Подарки","Евгений Д.","Ни в чем себе не отказывай!","Кредитка","3000.00","RUB","Кредитка","0.00","RUB",2024-04-23 09:58:22,2024-04-25 08:03:29,
2024-04-23,"Обед","Kafe Stejk-Khaus",,"Кредитка","165.00","RUB","Кредитка","0.00","RUB",2024-04-23 12:49:14,2024-04-28 05:42:17,
2024-04-23,"Продукты","SPAR N21",,"Кредитка","79.90","RUB","Кредитка","0.00","RUB",2024-04-23 14:43:08,2024-04-28 05:42:17,
2024-04-23,"Продукты","SPAR 9",,"Кредитка","559.60","RUB","Кредитка","0.00","RUB",2024-04-23 17:20:30,2024-04-28 05:42:17,
2024-04-24,"Обед","Kafe Stejk-Khaus",,"Кредитка","196.00","RUB","Кредитка","0.00","RUB",2024-04-24 05:22:58,2024-04-28 05:42:17,
2024-04-24,"Продукты","SPAR N21",,"Кредитка","566.00","RUB","Кредитка","0.00","RUB",2024-04-24 09:25:34,2024-04-28 05:42:17,
2024-04-24,"Обед","Kafe Stejk-Khaus",,"Кредитка","180.00","RUB","Кредитка","0.00","RUB",2024-04-24 12:22:03,2024-04-28 05:42:17,
2024-04-24,"Продукты","SPAR 50",,"Кредитка","60.42","RUB","Кредитка","0.00","RUB",2024-04-24 17:41:22,2024-04-25 08:03:29,
2024-04-24,"Сигареты","SPAR 50",,"Кредитка","239.00","RUB","Кредитка","0.00","RUB",2024-04-24 17:41:23,2024-04-25 08:03:29,
2024-04-24,"Платежи. комиссии",,"Комиссия: Проценты по кредиту","Кредитка","1785.54","RUB","Кредитка","0.00","RUB",2024-04-24 19:37:06,2024-04-28 05:42:17,
2024-04-24,"Платежи. комиссии",,"Комиссия: Плата за Программу страховой защиты","Кредитка","2261.69","RUB","Кредитка","0.00","RUB",2024-04-24 20:59:59,2024-04-28 05:42:17,
2024-04-25,"Обед","Kafe Stejk-Khaus",,"Кредитка","216.00","RUB","Кредитка","0.00","RUB",2024-04-25 05:20:06,2024-04-28 05:42:17,
2024-04-25,"Зарплата",,"Перечисление ден. средств по реестру","Открытие","0.00","RUB","Открытие","52828.22","RUB",2024-04-25 08:10:29,2024-04-28 05:42:17,
2024-04-25,"Продукты","SPAR N21",,"Кредитка","303.00","RUB","Кредитка","0.00","RUB",2024-04-25 09:35:31,2024-04-28 05:42:17,
2024-04-25,"Сигареты","SPAR N21",,"Кредитка","239.00","RUB","Кредитка","0.00","RUB",2024-04-25 09:35:32,2024-04-28 05:42:17,
2024-04-25,"Обед","Kafe Stejk-Khaus",,"Кредитка","110.00","RUB","Кредитка","0.00","RUB",2024-04-25 12:03:36,2024-04-28 05:42:17,
2024-04-25,,,,"Открытие","52679.85","RUB","Tinkoff Black","52500.00","RUB",2024-04-25 12:05:21,2024-04-28 05:42:17,
2024-04-25,,,,"Tinkoff Black","53200.00","RUB","Кредитка","53200.00","RUB",2024-04-25 12:07:20,2024-04-28 05:42:17,
2024-04-25,"Кэшбэк",,"Компенсация покупки","Кредитка","0.00","RUB","Кредитка","460.00","RUB",2024-04-25 12:34:27,2024-04-28 05:42:17,
2024-04-25,"Продукты","SPAR N21",,"Кредитка","208.43","RUB","Кредитка","0.00","RUB",2024-04-25 14:42:41,2024-04-28 05:42:17,
2024-04-26,,,"Пополнение Инвесткопилки","Кредитка","5000.00","RUB","Инвесткопилка","5000.00","RUB",2024-04-26 04:02:38,2024-04-28 05:42:17,
2024-04-26,"Обед","Kafe Stejk-Khaus",,"Кредитка","226.00","RUB","Кредитка","0.00","RUB",2024-04-26 05:26:45,2024-04-28 05:42:17,
2024-04-26,"Продукты","SPAR N21",,"Кредитка","303.00","RUB","Кредитка","0.00","RUB",2024-04-26 08:14:57,2024-04-28 05:42:17,
2024-04-26,"Тратата","Максим Т.",,"Кредитка","3037.00","RUB","Кредитка","0.00","RUB",2024-04-26 10:24:05,2024-04-28 05:42:17,
2024-04-26,"Обед","Kafe Stejk-Khaus",,"Кредитка","445.00","RUB","Кредитка","0.00","RUB",2024-04-26 11:18:24,2024-04-28 05:42:17,
2024-04-26,"Продукты","PYATEROCHKA 3433",,"Кредитка","378.47","RUB","Кредитка","0.00","RUB",2024-04-26 15:22:09,2024-04-28 05:42:17,
2024-04-26,"Кафе и рестораны","Sp_Impuls 1",,"Кредитка","1060.00","RUB","Кредитка","0.00","RUB",2024-04-26 17:32:01,2024-04-28 05:42:17,
2024-04-26,"Продукты","SPAR N21",,"Кредитка","831.23","RUB","Кредитка","0.00","RUB",2024-04-26 19:44:35,2024-04-28 05:42:17,
2024-04-26,"Сигареты","SPAR N21",,"Кредитка","239.00","RUB","Кредитка","0.00","RUB",2024-04-26 19:44:36,2024-04-28 05:42:17,
2024-04-27,"Тратата","220015******9028","Перевод на карту","Кредитка","2444.00","RUB","Кредитка","0.00","RUB",2024-04-26 22:34:44,2024-04-28 05:42:17,
2024-04-27,"Продукты","SPAR N21",,"Кредитка","239.00","RUB","Кредитка","0.00","RUB",2024-04-27 04:36:58,2024-04-28 05:42:17,
2024-04-27,"Обед","Kafe Stejk-Khaus",,"Кредитка","182.00","RUB","Кредитка","0.00","RUB",2024-04-27 05:27:32,2024-04-28 05:42:17,
2024-04-27,"Продукты","SPAR N21",,"Кредитка","509.02","RUB","Кредитка","0.00","RUB",2024-04-27 08:22:29,2024-04-28 05:42:17,
2024-04-27,"Сигареты","SPAR N21",,"Кредитка","239.00","RUB","Кредитка","0.00","RUB",2024-04-27 08:22:30,2024-04-28 05:42:17,
2024-04-27,,,,"Кредитка","1000.00","RUB","Tinkoff Black","1000.00","RUB",2024-04-27 09:35:15,2024-05-09 05:08:01,
2024-04-27,,,,"Кредитка","1000.00","RUB","Tinkoff Black","1000.00","RUB",2024-04-27 09:35:16,2024-04-28 05:42:17,
2024-04-27,"Обед","Kafe Stejk-Khaus",,"Кредитка","310.00","RUB","Кредитка","0.00","RUB",2024-04-27 10:12:10,2024-04-28 05:42:17,
2024-04-27,"Отдых и развлечения","PayTool",,"Кредитка","1250.00","RUB","Кредитка","0.00","RUB",2024-04-27 11:52:52,2024-04-28 05:42:17,
2024-04-27,"Отдых и развлечения","Концерты",,"Кредитка","12000.00","RUB","Кредитка","0.00","RUB",2024-04-27 13:49:03,2024-04-28 05:42:17,
2024-04-27,"Корректировка","Юрий П.",,"Tinkoff Black","0.00","RUB","Tinkoff Black","8000.00","RUB",2024-04-27 14:14:15,2024-04-28 05:42:17,
2024-04-27,,,,"Tinkoff Black","9000.00","RUB","Кредитка","9000.00","RUB",2024-04-27 15:24:52,2024-04-28 05:42:17,
2024-04-27,,,,"Кредитка","3500.00","RUB","Tinkoff Black","3500.00","RUB",2024-04-27 17:49:55,2024-04-28 05:42:17,
2024-04-27,,,"Перевод СБП B41181751573480C0000100011231101 от МАКСИМ СТАНИСЛАВОВИЧ Б 79922220690 Тинькофф Банк","Кредитка","13500.00","RUB","Открытие","13500.00","RUB",2024-04-27 17:52:01,2024-04-28 05:42:17,
2024-04-27,,,,"Tinkoff Black","3000.00","RUB","Брокерский счет","3000.00","RUB",2024-04-27 17:53:15,2024-05-10 16:23:53,
2024-04-27,"Кэшбэк",,"Кэшбэк за обычные покупки","Tinkoff Black","0.00","RUB","Tinkoff Black","38.00","RUB",2024-04-27 19:42:03,2024-04-28 05:42:17,
2024-04-27,,,,"Tinkoff Black","38.00","RUB","Инвесткопилка","38.00","RUB",2024-04-27 19:43:21,2024-04-28 05:42:17,
2024-04-28,,,,"Открытие","13500.00","RUB","Счет погашения ипотеки","13500.00","RUB",2024-04-27 21:00:00,2024-04-28 05:42:17,
2024-04-28,"Корректировка","Александр П.",,"Tinkoff Black","0.00","RUB","Tinkoff Black","3700.00","RUB",2024-04-28 09:02:07,2024-04-28 13:12:29,
2024-04-28,"Корректировка","Светлана Салаватовна Г.",,"Сбербанк","4353.00","RUB","Сбербанк","0.00","RUB",2024-04-28 09:26:47,2024-04-28 13:12:29,
2024-04-28,"Корректировка","Александр П.",,"Tinkoff Black","0.00","RUB","Tinkoff Black","600.00","RUB",2024-04-28 10:09:17,2024-04-29 19:42:30,
2024-04-28,"Продукты","PYATEROCHKA 3433",,"Кредитка","32.49","RUB","Кредитка","0.00","RUB",2024-04-28 13:43:47,2024-04-28 13:51:55,
2024-04-28,"Сигареты","PYATEROCHKA 3433",,"Кредитка","239.00","RUB","Кредитка","0.00","RUB",2024-04-28 13:43:48,2024-04-28 13:51:55,
2024-04-29,"Продукты","SPAR N21",,"Кредитка","943.31","RUB","Кредитка","0.00","RUB",2024-04-29 08:22:10,2024-04-29 08:34:23,
2024-04-29,"Сигареты","SPAR N21",,"Кредитка","239.00","RUB","Кредитка","0.00","RUB",2024-04-29 08:22:11,2024-04-29 08:34:23,
2024-04-29,"Здоровье и фитнес","SPAR N21","Кассеты для станка","Кредитка","1350.00","RUB","Кредитка","0.00","RUB",2024-04-29 08:22:11,2024-04-29 19:42:30,
2024-04-29,,,,"Инвесткопилка","5000.00","RUB","Tinkoff Black","5000.00","RUB",2024-04-29 13:45:55,2024-04-30 18:58:46,
2024-04-29,,,,"Tinkoff Black","9866.00","RUB","Кредитка","9866.00","RUB",2024-04-29 13:46:38,2024-04-30 18:58:46,
2024-04-29,,,,"Кредитка","6000.00","RUB","Tinkoff Black","6000.00","RUB",2024-04-29 13:47:02,2024-04-30 18:58:46,
2024-04-29,,,,"Tinkoff Black","4561.26","RUB","Брокерский счет","4561.26","RUB",2024-04-29 15:21:00,2024-05-10 16:23:53,
2024-04-29,,,"Чаевые ","Наличные","3000.00","RUB","Наличные","0.00","RUB",2024-05-08 22:53:57,2024-05-08 22:58:16,
2024-04-30,"Продукты","SPAR N21",,"Кредитка","491.84","RUB","Кредитка","0.00","RUB",2024-04-30 18:57:03,2024-04-30 19:05:09,
2024-04-30,"Сигареты","SPAR N21",,"Кредитка","239.00","RUB","Кредитка","0.00","RUB",2024-04-30 18:57:04,2024-04-30 19:05:09,
2024-05-01,"Продукты","SPAR N21",,"Кредитка","743.96","RUB","Кредитка","0.00","RUB",2024-05-01 17:14:25,2024-05-08 22:58:16,
2024-05-01,"Сигареты","SPAR N21",,"Кредитка","239.00","RUB","Кредитка","0.00","RUB",2024-05-01 17:14:26,2024-05-08 22:58:16,
2024-05-02,"Дом / Ипотека",,"Уплата процентов КД №770439 от 29.05.2020г.","Счет погашения ипотеки","9435.81","RUB","Счет погашения ипотеки","0.00","RUB",2024-05-01 21:00:00,2024-05-08 22:58:16,
2024-05-02,"Дом / Ипотека",,"Погашение основного долга КД №770439 от 29.05.2020г.","Счет погашения ипотеки","4058.19","RUB","Счет погашения ипотеки","0.00","RUB",2024-05-01 21:00:01,2024-05-08 22:58:16,
2024-05-02,"Корректировка",,"Корректировка налога","Инвесткопилка","5.00","RUB","Инвесткопилка","0.00","RUB",2024-05-01 21:00:01,2024-05-08 22:58:16,
2024-05-02,"Продукты","SPAR N21",,"Кредитка","239.00","RUB","Кредитка","0.00","RUB",2024-05-02 04:45:59,2024-05-08 22:58:16,
2024-05-02,"Обед","Kafe Stejk-Khaus",,"Кредитка","117.00","RUB","Кредитка","0.00","RUB",2024-05-02 05:44:46,2024-05-08 22:58:16,
2024-05-02,"Автомобиль","GOSUSLUGI FINES",,"Tinkoff Black","252.48","RUB","Tinkoff Black","0.00","RUB",2024-05-02 08:25:11,2024-05-08 22:58:16,
2024-05-02,,,,"Tinkoff Black","47.52","RUB","Инвесткопилка","47.52","RUB",2024-05-02 08:25:12,2024-05-08 22:58:16,
2024-05-02,"Продукты","SPAR N21",,"Кредитка","64.00","RUB","Кредитка","0.00","RUB",2024-05-02 09:07:38,2024-05-08 22:58:16,
2024-05-02,"Сигареты","SPAR N21",,"Кредитка","239.00","RUB","Кредитка","0.00","RUB",2024-05-02 09:07:39,2024-05-08 22:58:16,
2024-05-02,,"Кирилл","Перевод на карту","Кредитка","500.00","RUB","Долги","500.00","RUB",2024-05-02 15:51:53,2024-05-08 22:58:16,
2024-05-03,"Обед","Kafe Stejk-Khaus",,"Кредитка","161.00","RUB","Кредитка","0.00","RUB",2024-05-03 05:40:54,2024-05-08 22:58:16,
2024-05-03,"Обед","Kafe Stejk-Khaus",,"Кредитка","389.00","RUB","Кредитка","0.00","RUB",2024-05-03 08:49:19,2024-05-08 22:58:16,
2024-05-03,"Продукты","SPAR N21",,"Кредитка","79.90","RUB","Кредитка","0.00","RUB",2024-05-03 11:10:28,2024-05-08 22:58:16,
2024-05-04,"Продукты","PYATEROCHKA 3433",,"Кредитка","239.00","RUB","Кредитка","0.00","RUB",2024-05-04 08:51:07,2024-05-08 22:58:16,
2024-05-04,"Продукты","SPAR N21",,"Кредитка","327.00","RUB","Кредитка","0.00","RUB",2024-05-04 09:04:45,2024-05-08 22:58:16,
2024-05-04,"Продукты","SPAR 40",,"Кредитка","85.90","RUB","Кредитка","0.00","RUB",2024-05-04 12:12:36,2024-05-08 22:58:16,
2024-05-04,"Продукты","SPAR N21",,"Кредитка","480.70","RUB","Кредитка","0.00","RUB",2024-05-04 13:01:43,2024-05-08 22:58:16,
2024-05-04,"Сигареты","SPAR N21",,"Кредитка","239.00","RUB","Кредитка","0.00","RUB",2024-05-04 13:01:44,2024-05-08 22:58:16,
2024-05-04,"Продукты","LENTA 294",,"Кредитка","814.00","RUB","Кредитка","0.00","RUB",2024-05-04 17:10:02,2024-05-08 22:58:16,
2024-05-05,"Подарки","Wildberries",,"Сбербанк","306.00","RUB","Сбербанк","0.00","RUB",2024-05-05 15:37:55,2024-05-08 22:50:28,
2024-05-05,"Продукты","SPAR 9",,"Кредитка","623.60","RUB","Кредитка","0.00","RUB",2024-05-05 16:13:06,2024-05-08 22:50:28,
2024-05-05,"Сигареты","SPAR 9",,"Кредитка","239.00","RUB","Кредитка","0.00","RUB",2024-05-05 16:13:07,2024-05-08 22:50:28,
2024-05-06,"Продукты","SPAR N21",,"Кредитка","89.90","RUB","Кредитка","0.00","RUB",2024-05-06 04:39:01,2024-05-08 22:50:28,
2024-05-06,"Сигареты","SPAR N21",,"Кредитка","239.00","RUB","Кредитка","0.00","RUB",2024-05-06 04:39:02,2024-05-08 22:50:28,
2024-05-06,"Обед","Kafe Stejk-Khaus",,"Кредитка","132.00","RUB","Кредитка","0.00","RUB",2024-05-06 05:24:56,2024-05-08 22:58:16,
2024-05-06,"Обед","Kafe Stejk-Khaus",,"Кредитка","160.00","RUB","Кредитка","0.00","RUB",2024-05-06 07:59:14,2024-05-08 22:58:16,
2024-05-06,"Подарки","Виктор С.",,"Кредитка","1000.00","RUB","Кредитка","0.00","RUB",2024-05-06 10:28:22,2024-05-08 22:50:28,
2024-05-06,,,,"Кредитка","400.00","RUB","Наличные","400.00","RUB",2024-05-06 10:54:59,2024-05-08 22:58:16,
2024-05-06,"Платежи. комиссии","Виктор Спиридонович В.",,"Сбербанк","260.00","RUB","Сбербанк","0.00","RUB",2024-05-06 11:11:55,2024-05-08 22:58:16,
2024-05-06,"Продукты","SPAR N21",,"Кредитка","149.80","RUB","Кредитка","0.00","RUB",2024-05-06 17:24:44,2024-05-08 22:58:16,
2024-05-07,"Продукты","SPAR N21",,"Кредитка","239.00","RUB","Кредитка","0.00","RUB",2024-05-07 04:52:13,2024-05-08 22:58:16,
2024-05-07,"Обед","Kafe Stejk-Khaus",,"Кредитка","196.00","RUB","Кредитка","0.00","RUB",2024-05-07 05:46:03,2024-05-08 22:58:16,
2024-05-07,"Подарки","Наталья Б.",,"Кредитка","3000.00","RUB","Кредитка","0.00","RUB",2024-05-07 06:27:30,2024-05-08 22:50:28,
2024-05-07,"Кафе и рестораны","Meteor",,"Кредитка","870.00","RUB","Кредитка","0.00","RUB",2024-05-07 10:01:21,2024-05-08 22:58:16,
2024-05-07,"Обед","Kafe Stejk-Khaus",,"Кредитка","95.00","RUB","Кредитка","0.00","RUB",2024-05-07 12:06:32,2024-05-08 22:58:16,
2024-05-07,"Платежи. комиссии",,"Комиссия: Комиссия за операцию","Кредитка","301.60","RUB","Кредитка","0.00","RUB",2024-05-07 13:09:57,2024-05-08 22:58:16,
2024-05-07,"Продукты","SPAR N21",,"Кредитка","228.40","RUB","Кредитка","0.00","RUB",2024-05-07 14:50:39,2024-05-08 22:50:28,
2024-05-07,"Сигареты","SPAR N21",,"Кредитка","239.00","RUB","Кредитка","0.00","RUB",2024-05-07 14:50:40,2024-05-08 22:50:28,
2024-05-07,,"Кирилл","Перевод на карту","Кредитка","500.00","RUB","Долги","500.00","RUB",2024-05-07 15:03:13,2024-05-08 22:50:28,
2024-05-07,,"Антон П.",,"Кредитка","1000.00","RUB","Долги","1000.00","RUB",2024-05-07 15:47:43,2024-05-08 22:50:28,
2024-05-08,"Продукты","SPAR N21",,"Кредитка","46.00","RUB","Кредитка","0.00","RUB",2024-05-08 04:33:00,2024-05-08 22:50:28,
2024-05-08,"Сигареты","SPAR N21",,"Кредитка","239.00","RUB","Кредитка","0.00","RUB",2024-05-08 04:33:01,2024-05-08 22:50:28,
2024-05-08,"Обед","Kafe Stejk-Khaus",,"Кредитка","192.00","RUB","Кредитка","0.00","RUB",2024-05-08 05:22:27,2024-05-08 22:58:16,
2024-05-08,"Зарплата",,"Перечисление ден. средств по реестру","Открытие","0.00","RUB","Открытие","298945.36","RUB",2024-05-08 07:10:15,2024-05-08 22:58:16,
2024-05-08,,,,"Открытие","299000.00","RUB","Tinkoff Black","299000.00","RUB",2024-05-08 07:13:54,2024-05-08 22:58:16,
2024-05-08,,,,"Tinkoff Black","300000.00","RUB","Кредитка","300000.00","RUB",2024-05-08 07:14:16,2024-05-08 22:58:16,
2024-05-08,"Тратата","Александр Б.",,"Кредитка","4078.00","RUB","Кредитка","0.00","RUB",2024-05-08 09:07:08,2024-05-08 22:50:28,
2024-05-08,"Кафе и рестораны","KAFE BISTRO",,"Кредитка","985.00","RUB","Кредитка","0.00","RUB",2024-05-08 10:05:56,2024-05-08 22:58:16,
2024-05-08,"Подарки","Валерий К.",,"Кредитка","1000.00","RUB","Кредитка","0.00","RUB",2024-05-08 11:24:31,2024-05-08 22:58:16,
2024-05-08,"Кафе и рестораны","FUKU RAMEN",,"Кредитка","1840.00","RUB","Кредитка","0.00","RUB",2024-05-08 16:31:31,2024-05-08 22:58:16,
2024-05-08,"Продукты","KUULKLEVER",,"Кредитка","717.54","RUB","Кредитка","0.00","RUB",2024-05-08 17:08:25,2024-05-08 22:58:16,
2024-05-08,"Продукты","PEKARNYA KHLEBNICA",,"Кредитка","225.00","RUB","Кредитка","0.00","RUB",2024-05-08 17:10:46,2024-05-08 22:50:28,
2024-05-08,"Продукты","BRISTOL 1667",,"Кредитка","441.97","RUB","Кредитка","0.00","RUB",2024-05-08 17:14:21,2024-05-08 22:44:56,
2024-05-08,"Продукты","BRISTOL 1667",,"Кредитка","202.97","RUB","Кредитка","0.00","RUB",2024-05-08 17:14:21,2024-05-08 22:50:28,
2024-05-08,"Сигареты","BRISTOL 1667",,"Кредитка","239.00","RUB","Кредитка","0.00","RUB",2024-05-08 17:14:22,2024-05-08 22:50:28,
2024-05-08,"Тратата","Виктор И.",,"Кредитка","4078.00","RUB","Кредитка","0.00","RUB",2024-05-08 17:48:28,2024-05-08 22:44:56,
2024-05-08,"Тратата","220030******8265","Перевод на карту","Кредитка","4079.00","RUB","Кредитка","0.00","RUB",2024-05-08 18:04:24,2024-05-08 22:44:56,
2024-05-08,,,"Чаевые","Наличные","500.00","RUB","Наличные","0.00","RUB",2024-05-08 22:55:23,2024-05-08 22:58:16,
2024-05-09,,,,"Кредитка","31000.00","RUB","Tinkoff Black","31000.00","RUB",2024-05-08 22:40:19,2024-05-09 05:08:56,
2024-05-09,,,,"Кредитка","9000.00","RUB","Сбербанк","9000.00","RUB",2024-05-08 22:41:26,2024-05-09 05:08:56,
2024-05-09,,,"Пополнение Инвесткопилки","Tinkoff Black","30000.00","RUB","Инвесткопилка","30000.00","RUB",2024-05-08 22:41:50,2024-05-09 05:08:56,
2024-05-09,,"Дмитрий Б.",,"Сбербанк","10000.00","RUB","Долги","10000.00","RUB",2024-05-09 05:07:29,2024-05-09 05:09:37,
2024-05-09,,,,"Инвесткопилка","8798.00","RUB","Tinkoff Black","8798.00","RUB",2024-05-09 14:39:28,2024-05-10 16:23:53,
2024-05-09,"Платежи. комиссии",,"Удержание налога на прибыль","Инвесткопилка","2.00","RUB","Инвесткопилка","0.00","RUB",2024-05-09 14:39:29,2024-05-09 19:19:13,
2024-05-09,,,,"Tinkoff Black","3093.26","RUB","Брокерский счет","3093.26","RUB",2024-05-09 14:41:08,2024-05-10 16:23:53,
2024-05-09,,,,"Tinkoff Black","4994.94","RUB","Брокерский счет","4994.94","RUB",2024-05-09 14:52:40,2024-05-10 16:23:53,
2024-05-09,"Корректировка","Тимур Б.",,"Кредитка","2127.00","RUB","Кредитка","0.00","RUB",2024-05-09 16:16:33,2024-05-09 19:03:28,
2024-05-09,"Корректировка","Александр П.",,"Tinkoff Black","0.00","RUB","Tinkoff Black","2100.00","RUB",2024-05-09 16:21:48,2024-05-10 16:23:53,
2024-05-10,"Платежи. комиссии","Tinkoff Pro",,"Кредитка","200.00","RUB","Кредитка","0.00","RUB",2024-05-09 22:37:34,2024-05-10 16:23:53,
2024-05-10,"Платежи. комиссии","TELE2",,"Кредитка","420.00","RUB","Кредитка","0.00","RUB",2024-05-10 11:38:03,2024-05-10 12:50:20,
2024-05-10,"Сигареты","Obnya",,"Кредитка","239.00","RUB","Кредитка","0.00","RUB",2024-05-10 12:48:26,2024-05-10 16:23:53,
2024-05-10,,"Кирилл","Перевод на карту","Tinkoff Black","500.00","RUB","Долги","500.00","RUB",2024-05-10 14:52:51,2024-05-10 16:22:28,
2024-05-10,,,,"Tinkoff Black","2736.95","RUB","Брокерский счет","2736.95","RUB",2024-05-10 14:56:31,2024-05-10 16:23:53,
2024-05-11,,,,"Кредитка","1000.00","RUB","Tinkoff Black","1000.00","RUB",2024-05-11 14:32:31,2024-05-11 17:33:26,
2024-05-11,"Продукты","YANDEX LAVKA",,"Tinkoff Black","1264.00","RUB","Tinkoff Black","0.00","RUB",2024-05-11 14:33:10,2024-05-11 17:33:26,
2024-05-11,,,,"Tinkoff Black","36.00","RUB","Инвесткопилка","36.00","RUB",2024-05-11 14:33:11,2024-05-11 17:33:26,
2024-05-11,"Сигареты","Obnya",,"Кредитка","239.00","RUB","Кредитка","0.00","RUB",2024-05-11 15:25:04,2024-05-11 17:33:26,
